version 2
run Tictoc16-0-20190831-15:08:39-11156
attr configname Tictoc16
attr datetime 20190831-15:08:39
attr experiment Tictoc16
attr inifile omnetpp.ini
attr iterationvars ""
attr iterationvarsf ""
attr measurement ""
attr network Tictoc16
attr processid 11156
attr repetition 0
attr replication #0
attr resultdir results
attr runnumber 0
attr seedset 0

vector 0 Tictoc16.tic[5] hopCount:vector ETV
attr interpolationmode none
attr source arrival
attr title "hop count, vector"
vector 1 Tictoc16.tic[3] hopCount:vector ETV
attr interpolationmode none
attr source arrival
attr title "hop count, vector"
vector 2 Tictoc16.tic[4] hopCount:vector ETV
attr interpolationmode none
attr source arrival
attr title "hop count, vector"
vector 3 Tictoc16.tic[1] hopCount:vector ETV
attr interpolationmode none
attr source arrival
attr title "hop count, vector"
0	18	1.7	17
0	76	7.5	2
0	78	7.7	1
0	108	10.7	29
0	236	23.5	21
0	336	33.5	6
0	350	34.9	3
0	366	36.5	6
0	428	42.7	6
0	436	43.5	6
0	446	44.5	6
0	504	50.3	56
0	558	55.7	9
0	686	68.5	3
0	716	71.5	21
0	788	78.7	2
0	884	88.3	78
0	888	88.7	2
0	924	92.3	19
0	1000	99.9	3
0	1478	147.7	49
0	1526	152.5	17
0	1580	157.9	9
0	1628	162.7	8
0	1670	166.9	20
0	1734	173.3	27
0	1850	184.9	11
0	1884	188.3	22
0	1924	192.3	1
0	1956	195.5	9
0	2024	202.3	1
0	2106	210.5	42
0	2138	213.7	9
0	2222	222.1	54
0	2242	224.1	12
0	2290	228.9	5
0	2346	234.5	7
0	2388	238.7	9
0	2426	242.5	1
0	2492	249.1	4
0	2534	253.3	9
0	2566	256.5	10
0	2598	259.7	13
0	2614	261.3	2
0	2662	266.1	26
0	2886	288.5	31
0	2938	293.7	9
0	3068	306.7	54
0	3144	314.3	2
0	3170	316.9	18
0	3192	319.1	15
0	3204	320.3	4
0	3304	330.3	6
0	3390	338.9	29
0	3394	339.3	3
0	3402	340.1	7
0	3422	342.1	18
0	3440	343.9	6
0	3464	346.3	6
0	3528	352.7	38
0	3550	354.9	17
0	3590	358.9	15
0	3604	360.3	3
0	3606	360.5	1
0	3756	375.5	32
0	3914	391.3	1
0	3928	392.7	5
0	3958	395.7	2
0	4072	407.1	43
0	4108	410.7	2
0	4130	412.9	1
0	4136	413.5	2
0	4212	421.1	18
0	4258	425.7	14
0	4372	437.1	35
0	4532	453.1	4
0	4586	458.5	4
0	4694	469.3	24
0	4704	470.3	6
0	4794	479.3	29
0	4856	485.5	8
0	4888	488.7	11
0	5034	503.3	3
0	5096	509.5	8
0	5142	514.1	4
0	5158	515.7	5
0	5278	527.7	30
0	5386	538.5	25
0	5480	547.9	10
0	5560	555.9	26
0	5578	557.7	14
0	5594	559.3	4
0	5674	567.3	10
0	5714	571.3	27
0	5738	573.7	9
0	5782	578.1	9
0	5802	580.1	1
0	5958	595.7	1
0	5972	597.1	3
0	5996	599.5	1
0	6048	604.7	10
0	6100	609.9	25
0	6128	612.7	13
0	6230	622.9	21
0	6268	626.7	32
0	6292	629.1	7
0	6360	635.9	6
0	6528	652.7	35
0	6628	662.7	15
0	6634	663.3	4
0	6706	670.5	27
0	6776	677.5	18
0	6784	678.3	2
0	6868	686.7	33
0	6902	690.1	7
0	6938	693.7	5
0	6970	696.9	21
0	7030	702.9	25
0	7082	708.1	3
0	7142	714.1	45
0	7166	716.5	18
0	7210	720.9	3
0	7322	732.1	23
0	7328	732.7	4
0	7374	737.3	14
0	7484	748.3	15
0	7498	749.7	9
0	7568	756.7	7
0	7598	759.7	13
0	7622	762.1	22
0	7700	769.9	9
0	7720	771.9	1
0	7752	775.1	19
0	7764	776.3	7
0	7812	781.1	11
0	7848	784.7	10
0	7958	795.7	59
0	7986	798.5	7
0	8040	803.9	44
0	8060	805.9	11
0	8318	831.7	6
0	8402	840.1	24
0	8504	850.3	4
0	8574	857.3	25
0	8628	862.7	2
0	8680	867.9	1
0	8716	871.5	15
0	8784	878.3	7
0	8902	890.1	19
0	8994	899.3	27
0	9044	904.3	25
0	9068	906.7	19
0	9080	907.9	5
0	9152	915.1	3
0	9164	916.3	8
0	9170	916.9	4
0	9182	918.1	4
0	9206	920.5	7
0	9312	931.1	19
0	9340	933.9	11
0	9352	935.1	9
0	9458	945.7	25
0	9528	952.7	17
0	9594	959.3	1
0	9732	973.1	17
0	9778	977.7	1
0	9818	981.7	27
0	9866	986.5	8
0	9934	993.3	29
0	10038	1003.7	11
0	10078	1007.7	22
0	10096	1009.5	6
0	10140	1013.9	3
0	10158	1015.7	3
0	10180	1017.9	1
0	10194	1019.3	8
0	10264	1026.3	9
0	10352	1035.1	3
0	10526	1052.5	13
0	10562	1056.1	11
0	10616	1061.5	29
0	10668	1066.7	4
0	10680	1067.9	7
0	10694	1069.3	13
0	10784	1078.3	6
0	10804	1080.3	4
0	10812	1081.1	4
0	10830	1082.9	16
0	10912	1091.1	5
0	10998	1099.7	13
0	11120	1111.9	6
0	11154	1115.3	2
0	11180	1117.9	7
0	11344	1134.3	4
0	11402	1140.1	3
0	11430	1142.9	18
0	11494	1149.3	3
0	11580	1157.9	7
0	11606	1160.5	7
0	11616	1161.5	4
0	11792	1179.1	6
0	12072	1207.1	4
0	12084	1208.3	11
0	12124	1212.3	1
0	12152	1215.1	10
0	12210	1220.9	33
0	12216	1221.5	3
0	12284	1228.3	9
0	12330	1232.9	18
0	12352	1235.1	12
0	12378	1237.7	6
0	12412	1241.1	6
0	12468	1246.7	10
0	12510	1250.9	9
0	12520	1251.9	1
0	12660	1265.9	3
0	12676	1267.5	5
0	12722	1272.1	8
0	12864	1286.3	8
0	12874	1287.3	1
0	12910	1290.9	1
0	12934	1293.3	18
0	12966	1296.5	29
0	13056	1305.5	11
0	13058	1305.7	1
0	13084	1308.3	24
0	13128	1312.7	9
0	13144	1314.3	8
0	13168	1316.7	1
0	13208	1320.7	5
0	13244	1324.3	15
0	13260	1325.9	15
0	13322	1332.1	13
0	13362	1336.1	29
0	13464	1346.3	9
0	13470	1346.9	4
0	13502	1350.1	12
0	13554	1355.3	4
0	13566	1356.5	7
0	13820	1381.9	13
0	13886	1388.5	9
0	13902	1390.1	9
0	13950	1394.9	24
0	13986	1398.5	15
0	14012	1401.1	24
0	14070	1406.9	17
0	14136	1413.5	28
0	14182	1418.1	22
0	14228	1422.7	14
0	14322	1432.1	11
0	14418	1441.7	12
0	14484	1448.3	9
0	14546	1454.5	15
0	14634	1463.3	31
0	14668	1466.7	6
0	14688	1468.7	15
0	14722	1472.1	4
0	14738	1473.7	11
0	14788	1478.7	40
0	14836	1483.5	2
0	14872	1487.1	29
0	14898	1489.7	2
0	15088	1508.7	13
0	15138	1513.7	9
0	15194	1519.3	23
0	15224	1522.3	9
0	15266	1526.5	17
0	15298	1529.7	21
0	15332	1533.1	9
0	15366	1536.5	8
0	15382	1538.1	4
0	15410	1540.9	5
0	15516	1551.5	35
0	15594	1559.3	23
0	15682	1568.1	2
0	15760	1575.9	23
0	15808	1580.7	5
0	15850	1584.9	31
0	15852	1585.1	1
0	15906	1590.5	9
0	15982	1598.1	5
0	16012	1601.1	12
0	16102	1610.1	9
0	16132	1613.1	18
0	16154	1615.3	3
0	16176	1617.5	13
0	16266	1626.5	39
0	16272	1627.1	4
0	16348	1634.7	6
0	16352	1635.1	2
0	16368	1636.7	1
0	16382	1638.1	3
0	16456	1645.5	22
0	16518	1651.7	5
0	16676	1667.5	17
0	16748	1674.7	52
0	16856	1685.5	18
0	16868	1686.7	6
0	16984	1698.3	11
0	17212	1721.1	11
0	17240	1723.9	15
0	17242	1724.1	1
0	17380	1737.9	4
0	17398	1739.7	5
0	17476	1747.5	15
0	17508	1750.7	25
0	17516	1751.5	3
0	17580	1757.9	2
0	17588	1758.7	2
0	17718	1771.7	13
0	17736	1773.5	2
0	17772	1777.1	3
0	17806	1780.5	19
0	17884	1788.3	3
0	17928	1792.7	33
0	17974	1797.3	14
0	18092	1809.1	4
0	18134	1813.3	17
0	18164	1816.3	17
0	18218	1821.7	11
0	18240	1823.9	2
0	18284	1828.3	19
0	18350	1834.9	9
0	18476	1847.5	36
0	18486	1848.5	7
0	18552	1855.1	13
0	18596	1859.5	1
0	18692	1869.1	14
0	18712	1871.1	1
0	18720	1871.9	7
0	18896	1889.5	29
0	18952	1895.1	30
0	19000	1899.9	25
0	19022	1902.1	21
0	19052	1905.1	2
0	19162	1916.1	1
0	19214	1921.3	5
0	19252	1925.1	6
0	19280	1927.9	2
0	19308	1930.7	6
0	19318	1931.7	9
0	19348	1934.7	15
0	19458	1945.7	4
0	19546	1954.5	24
0	19660	1965.9	75
0	19712	1971.1	11
0	19774	1977.3	5
0	19838	1983.7	21
0	19870	1986.9	26
0	20000	1999.9	1
0	20024	2002.3	14
0	20066	2006.5	5
0	20068	2006.7	1
0	20130	2012.9	7
0	20136	2013.5	4
0	20144	2014.3	4
0	20190	2018.9	31
0	20254	2025.3	59
0	20302	2030.1	4
0	20364	2036.3	9
0	20402	2040.1	8
0	20500	2049.9	3
0	20506	2050.5	2
0	20526	2052.5	15
0	20618	2061.7	15
0	20708	2070.7	7
0	20736	2073.5	7
0	20800	2079.9	9
0	20830	2082.9	1
0	20868	2086.7	23
0	20996	2099.5	2
0	21048	2104.7	2
0	21232	2123.1	35
0	21236	2123.5	2
0	21282	2128.1	25
0	21288	2128.7	3
0	21328	2132.7	11
0	21448	2144.7	29
0	21508	2150.7	21
0	21586	2158.5	2
0	21658	2165.7	40
0	21680	2167.9	7
0	21720	2171.9	15
0	21778	2177.7	20
0	21848	2184.7	3
0	21912	2191.1	38
0	21922	2192.1	8
0	21992	2199.1	4
0	22088	2208.7	4
0	22112	2211.1	5
0	22150	2214.9	9
0	22156	2215.5	5
0	22234	2223.3	38
0	22256	2225.5	21
0	22268	2226.7	9
0	22360	2235.9	13
0	22370	2236.9	2
0	22440	2243.9	19
0	22488	2248.7	9
0	22510	2250.9	4
0	22642	2264.1	17
0	22712	2271.1	28
0	22756	2275.5	26
0	22798	2279.7	32
0	22830	2282.9	3
0	22892	2289.1	15
0	23086	2308.5	21
0	23144	2314.3	35
0	23220	2321.9	14
0	23232	2323.1	2
0	23246	2324.5	5
0	23304	2330.3	21
0	23406	2340.5	17
0	23420	2341.9	6
0	23484	2348.3	27
0	23562	2356.1	9
0	23580	2357.9	14
0	23646	2364.5	46
0	23676	2367.5	16
0	23694	2369.3	2
0	23712	2371.1	16
0	23726	2372.5	5
0	23732	2373.1	4
0	23766	2376.5	8
0	23790	2378.9	2
0	23828	2382.7	2
0	23850	2384.9	7
0	23898	2389.7	5
0	23950	2394.9	9
0	23978	2397.7	2
0	24018	2401.7	14
0	24134	2413.3	1
0	24164	2416.3	25
0	24170	2416.9	3
0	24232	2423.1	45
0	24262	2426.1	2
0	24386	2438.5	11
0	24438	2443.7	39
0	24532	2453.1	29
0	24624	2462.3	15
0	24656	2465.5	1
0	24674	2467.3	16
0	24760	2475.9	53
0	24824	2482.3	39
0	24838	2483.7	10
0	24902	2490.1	8
0	24984	2498.3	1
0	25006	2500.5	11
0	25076	2507.5	2
0	25130	2512.9	1
0	25260	2525.9	13
0	25302	2530.1	17
0	25360	2535.9	2
0	25430	2542.9	6
0	25482	2548.1	8
0	25524	2552.3	25
0	25548	2554.7	5
0	25576	2557.5	11
0	25582	2558.1	2
0	25614	2561.3	5
0	25752	2575.1	2
0	25782	2578.1	1
0	25844	2584.3	7
0	25910	2590.9	9
0	25974	2597.3	18
0	25982	2598.1	1
0	26034	2603.3	7
0	26076	2607.5	33
0	26098	2609.7	15
0	26128	2612.7	17
0	26218	2621.7	7
0	26284	2628.3	9
0	26310	2630.9	15
0	26338	2633.7	5
0	26354	2635.3	4
0	26418	2641.7	28
0	26470	2646.9	6
0	26516	2651.5	40
0	26710	2670.9	28
0	26734	2673.3	3
0	26766	2676.5	14
0	26784	2678.3	13
0	26828	2682.7	13
0	26850	2684.9	3
0	26884	2688.3	18
0	27002	2700.1	17
0	27014	2701.3	10
0	27024	2702.3	8
0	27038	2703.7	5
0	27082	2708.1	9
0	27308	2730.7	1
0	27340	2733.9	6
0	27390	2738.9	35
0	27526	2752.5	3
0	27534	2753.3	5
0	27574	2757.3	23
0	27584	2758.3	8
0	27642	2764.1	37
0	27668	2766.7	6
0	27806	2780.5	1
0	27882	2788.1	33
0	27972	2797.1	32
0	28016	2801.5	5
0	28030	2802.9	10
0	28086	2808.5	4
0	28140	2813.9	12
0	28242	2824.1	10
0	28284	2828.3	17
0	28336	2833.5	2
0	28356	2835.5	14
0	28372	2837.1	12
0	28496	2849.5	6
0	28524	2852.3	7
0	28622	2862.1	12
0	28632	2863.1	3
0	28664	2866.3	30
0	28712	2871.1	11
0	28714	2871.3	1
0	28812	2881.1	25
0	28824	2882.3	11
0	28898	2889.7	15
0	28994	2899.3	3
0	29086	2908.5	14
0	29120	2911.9	23
0	29208	2920.7	1
0	29248	2924.7	3
0	29302	2930.1	25
0	29394	2939.3	2
0	29416	2941.5	3
0	29498	2949.7	7
0	29568	2956.7	13
0	29592	2959.1	1
0	29644	2964.3	23
0	29836	2983.5	68
0	29864	2986.3	13
0	29898	2989.7	21
0	29986	2998.5	24
0	30006	3000.5	12
0	30210	3020.9	4
0	30258	3025.7	7
0	30288	3028.7	4
0	30312	3031.1	7
0	30336	3033.5	12
0	30344	3034.3	3
0	30386	3038.5	21
0	30406	3040.5	15
0	30416	3041.5	4
0	30434	3043.3	3
0	30528	3052.7	16
0	30616	3061.5	7
0	30664	3066.3	3
0	30678	3067.7	1
0	30740	3073.9	1
0	30790	3078.9	6
0	30812	3081.1	9
0	30830	3082.9	7
0	30936	3093.5	11
0	30946	3094.5	7
0	30962	3096.1	4
0	30988	3098.7	20
0	31126	3112.5	38
0	31226	3122.5	9
0	31306	3130.5	15
0	31330	3132.9	9
0	31422	3142.1	20
0	31488	3148.7	7
0	31524	3152.3	6
0	31806	3180.5	2
0	31896	3189.5	1
0	31976	3197.5	26
0	32044	3204.3	2
0	32046	3204.5	1
0	32050	3204.9	2
0	32072	3207.1	20
0	32144	3214.3	21
0	32232	3223.1	21
0	32254	3225.3	13
0	32274	3227.3	2
0	32298	3229.7	6
0	32334	3233.3	16
0	32344	3234.3	8
0	32380	3237.9	6
0	32398	3239.7	3
0	32432	3243.1	33
0	32504	3250.3	15
0	32550	3254.9	4
0	32554	3255.3	3
0	32594	3259.3	22
0	32666	3266.5	27
0	32826	3282.5	7
0	32990	3298.9	2
0	33006	3300.5	3
0	33010	3300.9	3
0	33082	3308.1	37
0	33118	3311.7	10
0	33162	3316.1	18
0	33194	3319.3	11
0	33196	3319.5	1
0	33326	3332.5	2
0	33422	3342.1	16
0	33440	3343.9	5
0	33448	3344.7	1
0	33452	3345.1	3
0	33512	3351.1	5
0	33520	3351.9	6
0	33718	3371.7	1
0	33826	3382.5	7
0	33846	3384.5	3
0	33890	3388.9	31
0	33908	3390.7	3
0	33950	3394.9	2
0	33964	3396.3	3
0	34070	3406.9	4
0	34102	3410.1	2
0	34148	3414.7	8
0	34194	3419.3	19
0	34200	3419.9	3
0	34204	3420.3	3
0	34242	3424.1	27
0	34280	3427.9	15
0	34360	3435.9	11
0	34414	3441.3	15
0	34516	3451.5	13
0	34540	3453.9	7
0	34592	3459.1	8
0	34610	3460.9	3
0	34654	3465.3	10
0	34748	3474.7	5
0	34774	3477.3	3
0	34830	3482.9	2
0	34844	3484.3	8
0	34962	3496.1	10
0	35048	3504.7	3
0	35128	3512.7	8
0	35134	3513.3	5
0	35184	3518.3	2
0	35232	3523.1	8
0	35300	3529.9	16
0	35334	3533.3	4
0	35348	3534.7	3
0	35382	3538.1	9
0	35512	3551.1	33
0	35610	3560.9	2
0	35756	3575.5	3
0	35826	3582.5	7
0	35844	3584.3	16
0	35858	3585.7	12
0	35886	3588.5	10
0	35952	3595.1	7
0	36018	3601.7	6
0	36098	3609.7	2
0	36114	3611.3	9
0	36178	3617.7	55
0	36234	3623.3	37
0	36252	3625.1	9
0	36290	3628.9	21
0	36348	3634.7	9
0	36450	3644.9	2
0	36518	3651.7	31
0	36642	3664.1	17
0	36710	3670.9	16
0	36712	3671.1	1
0	36768	3676.7	26
0	36794	3679.3	7
0	36816	3681.5	18
0	36900	3689.9	55
0	36978	3697.7	16
0	37128	3712.7	11
0	37334	3733.3	11
0	37420	3741.9	9
0	37422	3742.1	1
0	37436	3743.5	12
0	37498	3749.7	21
0	37528	3752.7	2
0	37552	3755.1	19
0	37620	3761.9	11
0	37676	3767.5	17
0	37712	3771.1	21
0	37766	3776.5	21
0	37786	3778.5	2
0	37842	3784.1	7
0	37882	3788.1	38
0	37922	3792.1	23
0	37924	3792.3	1
0	37944	3794.3	12
0	38062	3806.1	10
0	38076	3807.5	9
0	38084	3808.3	5
0	38190	3818.9	35
0	38214	3821.3	1
0	38278	3827.7	9
0	38358	3835.7	6
0	38382	3838.1	1
0	38396	3839.5	2
0	38432	3843.1	6
0	38458	3845.7	4
0	38550	3854.9	9
0	38614	3861.3	3
0	38622	3862.1	3
0	38642	3864.1	16
0	38660	3865.9	16
0	38762	3876.1	1
0	38780	3877.9	7
0	38794	3879.3	6
0	38914	3891.3	7
0	39062	3906.1	38
0	39096	3909.5	4
0	39124	3912.3	8
0	39140	3913.9	3
0	39172	3917.1	16
0	39250	3924.9	17
0	39278	3927.7	11
0	39284	3928.3	5
0	39414	3941.3	32
0	39462	3946.1	19
0	39510	3950.9	33
0	39632	3963.1	5
0	39664	3966.3	6
0	39676	3967.5	3
0	39796	3979.5	42
0	39864	3986.3	3
0	39956	3995.5	25
0	39968	3996.7	5
0	39994	3999.3	22
0	40018	4001.7	5
0	40072	4007.1	10
0	40176	4017.5	35
0	40282	4028.1	20
0	40332	4033.1	5
0	40436	4043.5	13
0	40474	4047.3	7
0	40500	4049.9	23
0	40548	4054.7	9
0	40630	4062.9	7
0	40660	4065.9	1
0	40816	4081.5	43
0	40818	4081.7	1
0	40854	4085.3	3
0	40922	4092.1	2
0	41024	4102.3	4
0	41076	4107.5	11
0	41154	4115.3	3
0	41192	4119.1	11
0	41230	4122.9	8
0	41324	4132.3	43
0	41342	4134.1	9
0	41366	4136.5	22
0	41396	4139.5	28
0	41464	4146.3	2
0	41506	4150.5	25
0	41526	4152.5	13
0	41544	4154.3	13
0	41604	4160.3	5
0	41608	4160.7	3
0	41666	4166.5	15
0	41716	4171.5	5
0	41720	4171.9	3
0	41986	4198.5	7
0	42092	4209.1	48
0	42124	4212.3	13
0	42132	4213.1	4
0	42152	4215.1	15
0	42314	4231.3	14
0	42344	4234.3	7
0	42420	4241.9	29
0	42530	4252.9	11
0	42594	4259.3	4
0	42660	4265.9	17
0	42788	4278.7	3
0	42854	4285.3	41
0	42894	4289.3	5
0	43006	4300.5	10
0	43060	4305.9	1
0	43068	4306.7	4
0	43122	4312.1	42
0	43184	4318.3	8
0	43272	4327.1	21
0	43294	4329.3	18
0	43310	4330.9	9
0	43334	4333.3	18
0	43378	4337.7	13
0	43428	4342.7	7
0	43538	4353.7	36
0	43568	4356.7	1
0	43604	4360.3	31
0	43640	4363.9	17
0	43722	4372.1	73
0	43772	4377.1	42
0	43992	4399.1	5
0	44010	4400.9	7
0	44078	4407.7	8
0	44114	4411.3	5
0	44178	4417.7	3
0	44244	4424.3	7
0	44310	4430.9	3
0	44374	4437.3	36
0	44398	4439.7	22
0	44474	4447.3	4
0	44494	4449.3	11
0	44534	4453.3	33
0	44580	4457.9	7
0	44636	4463.5	2
0	44680	4467.9	25
0	44796	4479.5	20
0	44892	4489.1	8
0	44940	4493.9	3
0	44982	4498.1	21
0	45026	4502.5	6
0	45076	4507.5	11
0	45242	4524.1	17
0	45262	4526.1	8
0	45302	4530.1	7
0	45474	4547.3	2
0	45516	4551.5	10
0	45560	4555.9	26
0	45682	4568.1	11
0	45796	4579.5	31
0	45900	4589.9	2
0	46018	4601.7	29
0	46036	4603.5	13
0	46084	4608.3	20
0	46096	4609.5	3
0	46140	4613.9	4
0	46156	4615.5	2
0	46194	4619.3	7
0	46292	4629.1	19
0	46352	4635.1	17
0	46406	4640.5	7
0	46464	4646.3	6
0	46478	4647.7	6
0	46480	4647.9	1
0	46512	4651.1	22
0	46664	4666.3	35
0	46834	4683.3	18
0	46980	4697.9	2
0	47112	4711.1	22
0	47122	4712.1	4
0	47166	4716.5	4
0	47338	4733.7	19
0	47356	4735.5	1
0	47480	4747.9	25
0	47498	4749.7	5
0	47548	4754.7	3
0	47566	4756.5	2
0	47588	4758.7	6
0	47736	4773.5	2
0	47826	4782.5	3
0	47856	4785.5	17
0	47976	4797.5	2
0	48050	4804.9	23
0	48108	4810.7	25
0	48160	4815.9	3
0	48224	4822.3	2
0	48234	4823.3	8
0	48298	4829.7	33
0	48470	4846.9	43
0	48484	4848.3	10
0	48512	4851.1	7
0	48590	4858.9	26
0	48612	4861.1	11
0	48664	4866.3	42
0	48680	4867.9	12
0	48726	4872.5	4
0	48798	4879.7	8
0	48826	4882.5	20
0	48904	4890.3	5
0	48976	4897.5	3
0	48994	4899.3	1
0	49024	4902.3	1
0	49058	4905.7	3
0	49144	4914.3	16
0	49178	4917.7	24
0	49184	4918.3	2
0	49200	4919.9	3
0	49210	4920.9	1
0	49254	4925.3	11
0	49296	4929.5	26
0	49302	4930.1	3
0	49356	4935.5	3
0	49546	4954.5	33
0	49580	4957.9	17
0	49598	4959.7	10
0	49626	4962.5	6
0	49672	4967.1	23
0	49730	4972.9	29
0	49794	4979.3	12
0	49932	4993.1	17
0	50206	5020.5	1
0	50208	5020.7	1
0	50264	5026.3	2
0	50266	5026.5	1
0	50282	5028.1	10
0	50286	5028.5	3
0	50374	5037.3	31
0	50432	5043.1	9
0	50580	5057.9	7
0	50590	5058.9	3
0	50594	5059.3	3
0	50688	5068.7	41
0	50726	5072.5	3
0	50754	5075.3	24
0	50796	5079.5	16
0	50828	5082.7	7
0	50938	5093.7	8
0	50972	5097.1	2
0	51180	5117.9	5
0	51228	5122.7	15
0	51260	5125.9	2
0	51342	5134.1	31
0	51420	5141.9	52
0	51446	5144.5	17
0	51464	5146.3	2
0	51524	5152.3	20
0	51586	5158.5	3
0	51678	5167.7	17
0	51708	5170.7	8
0	51732	5173.1	22
0	51758	5175.7	1
0	51760	5175.9	1
0	51842	5184.1	17
0	51894	5189.3	6
0	51950	5194.9	29
0	52208	5220.7	19
0	52326	5232.5	19
0	52418	5241.7	22
0	52458	5245.7	7
0	52470	5246.9	11
0	52502	5250.1	7
0	52552	5255.1	2
0	52638	5263.7	17
0	52686	5268.5	12
0	52764	5276.3	9
0	52864	5286.3	7
0	52906	5290.5	9
0	52946	5294.5	3
0	53164	5316.3	13
0	53216	5321.5	3
0	53302	5330.1	12
0	53320	5331.9	3
0	53344	5334.3	3
0	53372	5337.1	13
0	53424	5342.3	13
0	53510	5350.9	13
0	53554	5355.3	42
0	53768	5376.7	5
0	53798	5379.7	5
0	53916	5391.5	2
0	54126	5412.5	3
0	54244	5424.3	19
0	54344	5434.3	52
0	54414	5441.3	19
0	54436	5443.5	9
0	54478	5447.7	13
0	54508	5450.7	22
0	54548	5454.7	4
0	54696	5469.5	1
0	54720	5471.9	2
0	54772	5477.1	4
0	54806	5480.5	6
0	54904	5490.3	8
0	54936	5493.5	23
0	54994	5499.3	5
0	55028	5502.7	5
0	55050	5504.9	3
0	55100	5509.9	7
0	55136	5513.5	17
0	55310	5530.9	10
0	55316	5531.5	2
0	55340	5533.9	8
0	55424	5542.3	14
0	55548	5554.7	1
0	55684	5568.3	35
0	55718	5571.7	2
0	55774	5577.3	3
0	55794	5579.3	6
0	55840	5583.9	20
0	55852	5585.1	9
0	55918	5591.7	13
0	56028	5602.7	15
0	56084	5608.3	5
0	56096	5609.5	1
0	56224	5622.3	7
0	56240	5623.9	3
0	56324	5632.3	5
0	56444	5644.3	33
0	56460	5645.9	11
0	56644	5664.3	5
0	56764	5676.3	1
0	56804	5680.3	24
0	56878	5687.7	9
0	56914	5691.3	25
0	56970	5696.9	43
0	57014	5701.3	14
0	57054	5705.3	1
0	57126	5712.5	26
0	57134	5713.3	7
0	57184	5718.3	13
0	57230	5722.9	40
0	57270	5726.9	13
0	57366	5736.5	2
0	57396	5739.5	3
0	57522	5752.1	59
0	57692	5769.1	17
0	57710	5770.9	5
0	57790	5778.9	3
0	57834	5783.3	4
0	57848	5784.7	6
0	57882	5788.1	2
0	57918	5791.7	3
0	58034	5803.3	24
0	58058	5805.7	16
0	58202	5820.1	7
0	58242	5824.1	17
0	58466	5846.5	4
0	58586	5858.5	7
0	58590	5858.9	2
0	58620	5861.9	13
0	58624	5862.3	1
0	58646	5864.5	11
0	58816	5881.5	8
0	58836	5883.5	7
0	58928	5892.7	13
0	58944	5894.3	13
0	58972	5897.1	18
0	59108	5910.7	51
0	59146	5914.5	30
0	59182	5918.1	3
0	59214	5921.3	2
0	59266	5926.5	6
0	59270	5926.9	3
0	59364	5936.3	18
0	59424	5942.3	16
0	59432	5943.1	6
0	59586	5958.5	13
0	59598	5959.7	7
0	59636	5963.5	15
0	59710	5970.9	37
0	59854	5985.3	2
0	59914	5991.3	13
0	59956	5995.5	5
0	59982	5998.1	3
0	60008	6000.7	19
0	60040	6003.9	2
0	60088	6008.7	38
0	60116	6011.5	8
0	60164	6016.3	13
0	60188	6018.7	6
0	60288	6028.7	22
0	60350	6034.9	16
0	60396	6039.5	15
0	60416	6041.5	19
0	60426	6042.5	7
0	60500	6049.9	15
0	60540	6053.9	33
0	60616	6061.5	26
0	60698	6069.7	2
0	60732	6073.1	26
0	60816	6081.5	5
0	60818	6081.7	1
0	60824	6082.3	3
0	60904	6090.3	13
0	60986	6098.5	2
0	61000	6099.9	3
0	61010	6100.9	2
0	61082	6108.1	16
0	61120	6111.9	2
0	61362	6136.1	20
0	61472	6147.1	27
0	61514	6151.3	15
0	61556	6155.5	13
0	61644	6164.3	2
0	61764	6176.3	7
0	61912	6191.1	40
0	61962	6196.1	17
0	62100	6209.9	62
0	62162	6216.1	13
0	62184	6218.3	4
0	62204	6220.3	9
0	62262	6226.1	4
0	62362	6236.1	4
0	62390	6238.9	3
0	62402	6240.1	4
0	62404	6240.3	1
0	62478	6247.7	1
0	62498	6249.7	11
0	62524	6252.3	12
0	62554	6255.3	5
0	62730	6272.9	21
0	62772	6277.1	4
0	62876	6287.5	21
0	62894	6289.3	3
0	63084	6308.3	71
0	63100	6309.9	5
0	63142	6314.1	20
0	63154	6315.3	5
0	63364	6336.3	4
0	63368	6336.7	3
0	63396	6339.5	20
0	63426	6342.5	3
0	63444	6344.3	9
0	63494	6349.3	10
0	63600	6359.9	23
0	63618	6361.7	7
0	63648	6364.7	6
0	63770	6376.9	9
0	63828	6382.7	3
0	63898	6389.7	5
0	64158	6415.7	25
0	64216	6421.5	35
0	64284	6428.3	14
0	64378	6437.7	10
0	64384	6438.3	3
0	64402	6440.1	15
0	64414	6441.3	11
0	64482	6448.1	6
0	64538	6453.7	20
0	64558	6455.7	9
0	64612	6461.1	53
0	64782	6478.1	9
0	64834	6483.3	13
0	64946	6494.5	64
0	65024	6502.3	8
0	65110	6510.9	3
0	65144	6514.3	10
0	65180	6517.9	10
0	65210	6520.9	12
0	65292	6529.1	10
0	65368	6536.7	9
0	65460	6545.9	7
0	65490	6548.9	29
0	65586	6558.5	46
0	65604	6560.3	10
0	65630	6562.9	10
0	65672	6567.1	2
0	65736	6573.5	7
0	65782	6578.1	42
0	65790	6578.9	4
0	65930	6592.9	7
0	66018	6601.7	23
0	66086	6608.5	24
0	66148	6614.7	3
0	66162	6616.1	2
0	66232	6623.1	36
0	66258	6625.7	6
0	66302	6630.1	7
0	66340	6633.9	19
0	66360	6635.9	11
0	66468	6646.7	26
0	66510	6650.9	37
0	66526	6652.5	12
0	66616	6661.5	8
0	66702	6670.1	31
0	66704	6670.3	1
0	66758	6675.7	3
0	66818	6681.7	11
0	66836	6683.5	10
0	66868	6686.7	7
0	66942	6694.1	8
0	66984	6698.3	8
0	67006	6700.5	4
0	67016	6701.5	8
0	67052	6705.1	5
0	67194	6719.3	65
0	67296	6729.5	4
0	67310	6730.9	7
0	67344	6734.3	15
0	67364	6736.3	7
0	67482	6748.1	19
0	67492	6749.1	8
0	67506	6750.5	1
0	67534	6753.3	1
0	67538	6753.7	3
0	67578	6757.7	13
0	67640	6763.9	7
0	67698	6769.7	23
0	67714	6771.3	8
0	67758	6775.7	4
0	67778	6777.7	5
0	67852	6785.1	28
0	67910	6790.9	12
0	67964	6796.3	31
0	68000	6799.9	10
0	68046	6804.5	1
0	68082	6808.1	16
0	68188	6818.7	13
0	68202	6820.1	3
0	68344	6834.3	35
0	68346	6834.5	1
0	68470	6846.9	33
0	68720	6871.9	8
0	68818	6881.7	10
0	68828	6882.7	5
0	68832	6883.1	3
0	68880	6887.9	14
0	68900	6889.9	2
0	68930	6892.9	11
0	68948	6894.7	2
0	69012	6901.1	8
0	69162	6916.1	1
0	69220	6921.9	2
0	69222	6922.1	1
0	69234	6923.3	10
0	69258	6925.7	14
0	69342	6934.1	14
0	69398	6939.7	7
0	69410	6940.9	5
0	69470	6946.9	5
0	69488	6948.7	6
0	69578	6957.7	16
0	69618	6961.7	23
0	69630	6962.9	6
0	69710	6970.9	7
0	69730	6972.9	2
0	69910	6990.9	25
0	69958	6995.7	18
0	70056	7005.5	1
0	70110	7010.9	25
0	70168	7016.7	14
0	70270	7026.9	4
0	70284	7028.3	12
0	70332	7033.1	37
0	70338	7033.7	3
0	70354	7035.3	1
0	70408	7040.7	46
0	70480	7047.9	13
0	70608	7060.7	2
0	70628	7062.7	11
0	70648	7064.7	7
0	70700	7069.9	19
0	70734	7073.3	11
0	70770	7076.9	3
0	70802	7080.1	27
0	70890	7088.9	24
0	70914	7091.3	20
0	71068	7106.7	41
0	71146	7114.5	40
0	71156	7115.5	1
0	71302	7130.1	2
0	71506	7150.5	30
0	71570	7156.9	2
0	71604	7160.3	3
0	71686	7168.5	3
0	71780	7177.9	2
0	71988	7198.7	28
0	72010	7200.9	11
0	72078	7207.7	3
0	72126	7212.5	3
0	72182	7218.1	3
0	72234	7223.3	9
0	72304	7230.3	32
0	72354	7235.3	11
0	72372	7237.1	11
0	72386	7238.5	4
0	72474	7247.3	5
0	72498	7249.7	1
0	72556	7255.5	11
0	72620	7261.9	16
0	72644	7264.3	18
0	72672	7267.1	27
0	72674	7267.3	1
0	72694	7269.3	10
0	72712	7271.1	5
0	72742	7274.1	19
0	72810	7280.9	1
0	72904	7290.3	2
0	72944	7294.3	29
0	73168	7316.7	84
0	73210	7320.9	5
0	73266	7326.5	4
0	73360	7335.9	4
0	73396	7339.5	30
0	73448	7344.7	10
0	73510	7350.9	2
0	73614	7361.3	8
0	73646	7364.5	31
0	73732	7373.1	16
0	73764	7376.3	3
0	73832	7383.1	16
0	73872	7387.1	6
0	73888	7388.7	14
0	73986	7398.5	52
0	74154	7415.3	6
0	74380	7437.9	3
0	74468	7446.7	35
0	74498	7449.7	12
0	74554	7455.3	14
0	74626	7462.5	4
0	74634	7463.3	3
0	74654	7465.3	4
0	74758	7475.7	15
0	74812	7481.1	19
0	74958	7495.7	2
0	75122	7512.1	12
0	75208	7520.7	61
0	75250	7524.9	2
0	75270	7526.9	2
0	75304	7530.3	7
0	75312	7531.1	4
0	75358	7535.7	3
0	75378	7537.7	9
0	75444	7544.3	41
0	75532	7553.1	1
0	75552	7555.1	18
0	75626	7562.5	21
0	75658	7565.7	15
0	75780	7577.9	8
0	75802	7580.1	3
0	76012	7601.1	17
0	76068	7606.7	2
0	76098	7609.7	15
0	76134	7613.3	15
0	76188	7618.7	41
0	76234	7623.3	6
0	76250	7624.9	12
0	76270	7626.9	13
0	76444	7644.3	3
0	76474	7647.3	1
0	76510	7650.9	14
0	76536	7653.5	10
0	76620	7661.9	41
0	76638	7663.7	8
0	76658	7665.7	10
0	76674	7667.3	4
0	76720	7671.9	1
0	76754	7675.3	2
0	76848	7684.7	17
0	76906	7690.5	14
0	76948	7694.7	7
0	76972	7697.1	10
0	77034	7703.3	26
0	77276	7727.5	64
0	77358	7735.7	1
0	77410	7740.9	21
0	77468	7746.7	2
0	77546	7754.5	17
0	77604	7760.3	2
0	77662	7766.1	2
0	77698	7769.7	2
0	77768	7776.7	4
0	77816	7781.5	14
0	77878	7787.7	6
0	77932	7793.1	3
0	77950	7794.9	10
0	78000	7799.9	7
0	78044	7804.3	2
0	78080	7807.9	30
0	78136	7813.5	4
0	78260	7825.9	41
0	78316	7831.5	9
0	78386	7838.5	37
0	78400	7839.9	5
0	78562	7856.1	1
0	78614	7861.3	35
0	78712	7871.1	7
0	78770	7876.9	9
0	78782	7878.1	3
0	78792	7879.1	4
0	78830	7882.9	2
0	78868	7886.7	12
0	78966	7896.5	17
0	79030	7902.9	2
0	79118	7911.7	4
0	79132	7913.1	9
0	79136	7913.5	2
0	79138	7913.7	1
0	79390	7938.9	2
0	79428	7942.7	3
0	79464	7946.3	13
0	79506	7950.5	3
0	79602	7960.1	46
0	79688	7968.7	1
0	79738	7973.7	13
0	79752	7975.1	9
0	79756	7975.5	2
0	79830	7982.9	8
0	79950	7994.9	37
0	80062	8006.1	2
0	80174	8017.3	18
0	80452	8045.1	51
0	80454	8045.3	1
0	80482	8048.1	14
0	80518	8051.7	4
0	80580	8057.9	4
0	80594	8059.3	10
0	80718	8071.7	5
0	80746	8074.5	17
0	80794	8079.3	8
0	80840	8083.9	22
0	80918	8091.7	9
0	81020	8101.9	9
0	81066	8106.5	4
0	81120	8111.9	24
0	81208	8120.7	5
0	81236	8123.5	11
0	81300	8129.9	8
0	81346	8134.5	13
0	81378	8137.7	16
0	81466	8146.5	15
0	81514	8151.3	4
0	81584	8158.3	32
0	81678	8167.7	16
0	81680	8167.9	1
0	81728	8172.7	8
0	81808	8180.7	2
0	81822	8182.1	8
0	81876	8187.5	3
0	81896	8189.5	6
0	81900	8189.9	3
0	81922	8192.1	1
0	81968	8196.7	3
0	81984	8198.3	5
0	81988	8198.7	3
0	82028	8202.7	6
0	82052	8205.1	16
0	82112	8211.1	9
0	82184	8218.3	1
0	82210	8220.9	1
0	82258	8225.7	3
0	82282	8228.1	1
0	82398	8239.7	55
0	82476	8247.5	4
0	82526	8252.5	5
0	82550	8254.9	17
0	82632	8263.1	8
0	82676	8267.5	17
0	82908	8290.7	28
0	82950	8294.9	4
0	82978	8297.7	3
0	83036	8303.5	10
0	83064	8306.3	11
0	83080	8307.9	9
0	83130	8312.9	13
0	83278	8327.7	9
0	83364	8336.3	9
0	83458	8345.7	11
0	83524	8352.3	16
0	83590	8358.9	21
0	83610	8360.9	13
0	83628	8362.7	7
0	83648	8364.7	5
0	83810	8380.9	24
0	83860	8385.9	3
0	83882	8388.1	12
0	83948	8394.7	16
0	83996	8399.5	35
0	84040	8403.9	2
0	84178	8417.7	2
0	84298	8429.7	29
0	84384	8438.3	20
0	84410	8440.9	11
0	84516	8451.5	23
0	84534	8453.3	7
0	84638	8463.7	9
0	84758	8475.7	5
0	84860	8485.9	19
0	84926	8492.5	5
0	84960	8495.9	3
0	85008	8500.7	26
0	85180	8517.9	27
0	85258	8525.7	12
0	85276	8527.5	4
0	85356	8535.5	76
0	85472	8547.1	24
0	85490	8548.9	16
0	85710	8570.9	41
0	85784	8578.3	19
0	85888	8588.7	17
0	85902	8590.1	3
0	85944	8594.3	18
0	85978	8597.7	13
0	86044	8604.3	1
0	86096	8609.5	22
0	86138	8613.7	15
0	86266	8626.5	11
0	86304	8630.3	6
0	86382	8638.1	13
0	86418	8641.7	25
0	86530	8652.9	13
0	86566	8656.5	33
0	86602	8660.1	5
0	86654	8665.3	10
0	86702	8670.1	3
0	86722	8672.1	2
0	86782	8678.1	3
0	86894	8689.3	11
0	87016	8701.5	26
0	87044	8704.3	3
0	87100	8709.9	19
0	87130	8712.9	1
0	87132	8713.1	1
0	87318	8731.7	55
0	87414	8741.3	20
0	87446	8744.5	17
0	87462	8746.1	8
0	87532	8753.1	1
0	87578	8757.7	5
0	87652	8765.1	3
0	87672	8767.1	5
0	87698	8769.7	21
0	87752	8775.1	21
0	87792	8779.1	9
0	87830	8782.9	5
0	87880	8787.9	41
0	87954	8795.3	9
0	87988	8798.7	8
0	88002	8800.1	12
0	88022	8802.1	12
0	88080	8807.9	2
0	88154	8815.3	14
0	88192	8819.1	36
0	88218	8821.7	14
0	88244	8824.3	15
0	88306	8830.5	6
0	88372	8837.1	44
0	88548	8854.7	23
0	88620	8861.9	5
0	88664	8866.3	39
0	88736	8873.5	47
0	88784	8878.3	7
0	88836	8883.5	3
0	88862	8886.1	1
0	88964	8896.3	47
0	88976	8897.5	4
0	89020	8901.9	16
0	89058	8905.7	3
0	89102	8910.1	1
0	89144	8914.3	21
0	89174	8917.3	15
0	89262	8926.1	73
0	89270	8926.9	4
0	89298	8929.7	8
0	89506	8950.5	65
0	89516	8951.5	6
0	89632	8963.1	32
0	89700	8969.9	2
0	89772	8977.1	18
0	89856	8985.5	7
0	89914	8991.3	4
0	89968	8996.7	3
0	89978	8997.7	7
0	90000	8999.9	11
0	90030	9002.9	4
0	90120	9011.9	25
0	90136	9013.5	14
0	90154	9015.3	11
0	90168	9016.7	11
0	90192	9019.1	21
0	90202	9020.1	9
0	90342	9034.1	9
0	90364	9036.3	5
0	90380	9037.9	14
0	90412	9041.1	2
0	90494	9049.3	1
0	90510	9050.9	6
0	90648	9064.7	19
0	90698	9069.7	3
0	90736	9073.5	4
0	90778	9077.7	23
0	90860	9085.9	4
0	90904	9090.3	2
0	90920	9091.9	4
0	90946	9094.5	15
0	90952	9095.1	5
0	90998	9099.7	7
0	91002	9100.1	2
0	91226	9122.5	16
0	91246	9124.5	6
0	91340	9133.9	14
0	91536	9153.5	15
0	91568	9156.7	5
0	91712	9171.1	5
0	91754	9175.3	9
0	91772	9177.1	9
0	91798	9179.7	7
0	91816	9181.5	3
0	91886	9188.5	37
0	91912	9191.1	11
0	91920	9191.9	5
0	91986	9198.5	45
0	92094	9209.3	27
0	92118	9211.7	15
0	92194	9219.3	9
0	92292	9229.1	2
0	92306	9230.5	4
0	92368	9236.7	17
0	92418	9241.7	31
0	92480	9247.9	11
0	92522	9252.1	9
0	92630	9262.9	2
0	92666	9266.5	8
0	92710	9270.9	12
0	92798	9279.7	8
0	92872	9287.1	8
0	92914	9291.3	19
0	92960	9295.9	17
0	93032	9303.1	29
0	93170	9316.9	26
0	93206	9320.5	3
0	93250	9324.9	39
0	93270	9326.9	6
0	93380	9337.9	1
0	93474	9347.3	7
0	93506	9350.5	5
0	93554	9355.3	14
0	93826	9382.5	20
0	93888	9388.7	22
0	94038	9403.7	4
0	94116	9411.5	2
0	94206	9420.5	4
0	94212	9421.1	2
0	94274	9427.3	2
0	94322	9432.1	26
0	94354	9435.3	2
0	94416	9441.5	27
0	94460	9445.9	18
0	94484	9448.3	5
0	94576	9457.5	9
0	94592	9459.1	14
0	94618	9461.7	9
0	94638	9463.7	6
0	94650	9464.9	10
0	94740	9473.9	5
0	94746	9474.5	1
0	94812	9481.1	8
0	94836	9483.5	2
0	94894	9489.3	23
0	94966	9496.5	22
0	94986	9498.5	19
0	95040	9503.9	17
0	95080	9507.9	1
0	95242	9524.1	5
0	95256	9525.5	2
0	95306	9530.5	19
0	95576	9557.5	25
0	95594	9559.3	11
0	95684	9568.3	3
0	95782	9578.1	11
0	95888	9588.7	3
0	95938	9593.7	1
0	95994	9599.3	9
0	96004	9600.3	2
0	96052	9605.1	31
0	96066	9606.5	9
0	96070	9606.9	2
0	96136	9613.5	15
0	96160	9615.9	23
0	96188	9618.7	17
0	96258	9625.7	2
0	96274	9627.3	12
0	96286	9628.5	2
0	96308	9630.7	15
0	96378	9637.7	4
0	96420	9641.9	7
0	96464	9646.3	22
0	96472	9647.1	2
0	96578	9657.7	31
0	96604	9660.3	24
0	96660	9665.9	23
0	96664	9666.3	3
0	96668	9666.7	2
0	96708	9670.7	10
0	96742	9674.1	7
0	96786	9678.5	38
0	96804	9680.3	4
0	96850	9684.9	4
0	96918	9691.7	7
0	97028	9702.7	14
0	97066	9706.5	8
0	97102	9710.1	16
0	97134	9713.3	28
0	97174	9717.3	23
0	97186	9718.5	10
0	97230	9722.9	8
0	97238	9723.7	7
0	97270	9726.9	9
0	97324	9732.3	29
0	97376	9737.5	42
0	97410	9740.9	15
0	97446	9744.5	13
0	97514	9751.3	31
0	97612	9761.1	10
0	97696	9769.5	9
0	97736	9773.5	38
0	97776	9777.5	1
0	97856	9785.5	15
0	97946	9794.5	3
0	97986	9798.5	4
0	98062	9806.1	11
0	98078	9807.7	6
0	98118	9811.7	26
0	98288	9828.7	24
0	98312	9831.1	16
0	98338	9833.7	9
0	98362	9836.1	16
0	98410	9840.9	19
0	98624	9862.3	4
0	98662	9866.1	25
0	98832	9883.1	3
0	98870	9886.9	3
0	98876	9887.5	1
0	98938	9893.7	2
0	98944	9894.3	5
0	98968	9896.7	2
0	99052	9905.1	23
0	99208	9920.7	23
0	99220	9921.9	11
0	99290	9928.9	5
0	99326	9932.5	5
0	99382	9938.1	15
0	99410	9940.9	13
0	99422	9942.1	10
0	99426	9942.5	2
0	99458	9945.7	19
0	99494	9949.3	15
0	99584	9958.3	6
0	99594	9959.3	2
0	99672	9967.1	2
0	99702	9970.1	3
0	99722	9972.1	4
0	99816	9981.5	9
0	99834	9983.3	9
0	99852	9985.1	7
0	99902	9990.1	6
0	100130	10012.9	31
0	100196	10019.5	7
0	100234	10023.3	21
0	100256	10025.5	3
0	100258	10025.7	1
0	100344	10034.3	5
0	100370	10036.9	11
0	100430	10042.9	7
0	100572	10057.1	21
0	100588	10058.7	3
0	100634	10063.3	5
0	100688	10068.7	18
0	100806	10080.5	17
0	100864	10086.3	7
0	100886	10088.5	9
0	101026	10102.5	4
0	101030	10102.9	3
0	101180	10117.9	19
0	101216	10121.5	15
0	101224	10122.3	7
0	101288	10128.7	2
0	101298	10129.7	1
0	101386	10138.5	27
0	101406	10140.5	8
0	101522	10152.1	23
0	101564	10156.3	40
0	101610	10160.9	11
0	101642	10164.1	4
0	101646	10164.5	1
0	101738	10173.7	8
0	101772	10177.1	29
0	101802	10180.1	4
0	101934	10193.3	2
0	101942	10194.1	3
0	101976	10197.5	3
0	102018	10201.7	7
0	102020	10201.9	1
0	102200	10219.9	6
0	102268	10226.7	15
0	102288	10228.7	9
0	102382	10238.1	8
0	102422	10242.1	4
0	102458	10245.7	3
0	102490	10248.9	9
0	102512	10251.1	2
0	102520	10251.9	1
0	102604	10260.3	35
0	102720	10271.9	31
0	102818	10281.7	5
0	102880	10287.9	3
0	102892	10289.1	5
0	102896	10289.5	3
0	102920	10291.9	13
0	103002	10300.1	39
0	103052	10305.1	37
0	103124	10312.3	19
0	103188	10318.7	3
0	103240	10323.9	2
0	103288	10328.7	10
0	103330	10332.9	23
0	103376	10337.5	44
0	103442	10344.1	3
0	103528	10352.7	7
0	103538	10353.7	9
0	103590	10358.9	3
0	103604	10360.3	9
0	103640	10363.9	13
0	103664	10366.3	1
0	103772	10377.1	56
0	103806	10380.5	3
0	103880	10387.9	33
0	103950	10394.9	31
0	104046	10404.5	28
0	104092	10409.1	29
0	104098	10409.7	2
0	104132	10413.1	21
0	104140	10413.9	6
0	104340	10433.9	7
0	104448	10444.7	18
0	104566	10456.5	28
0	104598	10459.7	7
0	104722	10472.1	15
0	104744	10474.3	9
0	104768	10476.7	4
0	104778	10477.7	4
0	104878	10487.7	33
0	104952	10495.1	21
0	105002	10500.1	3
0	105146	10514.5	3
0	105148	10514.7	1
0	105188	10518.7	5
0	105202	10520.1	11
0	105232	10523.1	7
0	105254	10525.3	14
0	105362	10536.1	31
0	105394	10539.3	12
0	105440	10543.9	4
0	105534	10553.3	9
0	105610	10560.9	32
0	105706	10570.5	35
0	105754	10575.3	11
0	105958	10595.7	21
0	105966	10596.5	6
0	105992	10599.1	5
0	106000	10599.9	4
0	106024	10602.3	5
0	106048	10604.7	1
0	106114	10611.3	3
0	106254	10625.3	10
0	106278	10627.7	19
0	106306	10630.5	8
0	106418	10641.7	30
0	106512	10651.1	2
0	106526	10652.5	4
0	106618	10661.7	1
0	106744	10674.3	5
0	106768	10676.7	2
0	106782	10678.1	5
0	106856	10685.5	17
0	106888	10688.7	9
0	106926	10692.5	9
0	106968	10696.7	41
0	107022	10702.1	2
0	107152	10715.1	6
0	107170	10716.9	5
0	107180	10717.9	9
0	107196	10719.5	11
0	107232	10723.1	7
0	107240	10723.9	2
0	107254	10725.3	3
0	107280	10727.9	7
0	107400	10739.9	1
0	107468	10746.7	33
0	107542	10754.1	2
0	107660	10765.9	12
0	107688	10768.7	21
0	107736	10773.5	25
0	107796	10779.5	10
0	107906	10790.5	68
0	107920	10791.9	8
0	107960	10795.9	4
0	107994	10799.3	18
0	108068	10806.7	14
0	108088	10808.7	13
0	108098	10809.7	6
0	108158	10815.7	7
0	108214	10821.3	2
0	108346	10834.5	10
0	108382	10838.1	26
0	108402	10840.1	6
0	108492	10849.1	9
0	108604	10860.3	4
0	108618	10861.7	3
0	108692	10869.1	18
0	108736	10873.5	5
0	108806	10880.5	2
0	108810	10880.9	2
0	108826	10882.5	12
0	108874	10887.3	2
0	108916	10891.5	11
0	108962	10896.1	1
0	108986	10898.5	7
0	109018	10901.7	28
0	109100	10909.9	19
0	109176	10917.5	29
0	109212	10921.1	10
0	109240	10923.9	18
0	109252	10925.1	10
0	109342	10934.1	3
0	109402	10940.1	5
0	109470	10946.9	3
0	109520	10951.9	7
0	109636	10963.5	11
0	109724	10972.3	5
0	109760	10975.9	17
0	109800	10979.9	21
0	109832	10983.1	2
0	109916	10991.5	33
0	109946	10994.5	12
0	110020	11001.9	4
0	110058	11005.7	36
0	110142	11014.1	8
0	110152	11015.1	4
0	110220	11021.9	2
0	110272	11027.1	33
0	110358	11035.7	4
0	110388	11038.7	4
0	110414	11041.3	22
0	110432	11043.1	1
0	110480	11047.9	28
0	110536	11053.5	46
0	110570	11056.9	32
0	110620	11061.9	5
0	110636	11063.5	4
0	110772	11077.1	1
0	110972	11097.1	13
0	110990	11098.9	3
0	111064	11106.3	21
0	111072	11107.1	3
0	111090	11108.9	6
0	111138	11113.7	13
0	111154	11115.3	10
0	111190	11118.9	31
0	111198	11119.7	6
0	111310	11130.9	31
0	111314	11131.3	1
0	111318	11131.7	2
0	111374	11137.3	20
0	111452	11145.1	4
0	111476	11147.5	4
0	111562	11156.1	9
0	111638	11163.7	2
0	111674	11167.3	25
0	111758	11175.7	7
0	111854	11185.3	17
0	111864	11186.3	3
0	111916	11191.5	4
0	111934	11193.3	9
0	112040	11203.9	19
0	112096	11209.5	6
0	112134	11213.3	19
0	112166	11216.5	28
0	112346	11234.5	21
0	112350	11234.9	3
0	112404	11240.3	25
0	112446	11244.5	39
0	112482	11248.1	27
0	112520	11251.9	8
0	112526	11252.5	2
0	112568	11256.7	1
0	112578	11257.7	7
0	112640	11263.9	2
0	112714	11271.3	6
0	112728	11272.7	1
0	112822	11282.1	31
0	112848	11284.7	2
0	112924	11292.3	2
0	112972	11297.1	5
0	113036	11303.5	5
0	113138	11313.7	26
0	113266	11326.5	14
0	113274	11327.3	7
0	113388	11338.7	21
0	113424	11342.3	18
0	113472	11347.1	13
0	113548	11354.7	34
0	113602	11360.1	7
0	113768	11376.7	3
0	113792	11379.1	11
0	113808	11380.7	12
0	113866	11386.5	3
0	113902	11390.1	8
0	113908	11390.7	5
0	113944	11394.3	4
0	113946	11394.5	1
0	114060	11405.9	2
0	114072	11407.1	6
0	114098	11409.7	23
0	114160	11415.9	9
0	114228	11422.7	14
0	114254	11425.3	3
0	114270	11426.9	14
0	114318	11431.7	2
0	114366	11436.5	3
0	114426	11442.5	18
0	114518	11451.7	6
0	114562	11456.1	13
0	114652	11465.1	3
0	114662	11466.1	8
0	114716	11471.5	19
0	114778	11477.7	3
0	114812	11481.1	1
0	114852	11485.1	2
0	115016	11501.5	3
0	115084	11508.3	4
0	115098	11509.7	3
0	115118	11511.7	4
0	115194	11519.3	5
0	115274	11527.3	17
0	115354	11535.3	14
0	115400	11539.9	2
0	115482	11548.1	52
0	115582	11558.1	2
0	115660	11565.9	13
0	115682	11568.1	12
0	115764	11576.3	2
0	115828	11582.7	9
0	115838	11583.7	8
0	115862	11586.1	5
0	115934	11593.3	6
0	115960	11595.9	5
0	115972	11597.1	8
0	116034	11603.3	15
0	116082	11608.1	6
0	116114	11611.3	5
0	116138	11613.7	18
0	116170	11616.9	4
0	116186	11618.5	1
0	116222	11622.1	15
0	116292	11629.1	9
0	116318	11631.7	14
0	116322	11632.1	3
0	116338	11633.7	7
0	116346	11634.5	3
0	116378	11637.7	3
0	116538	11653.7	5
0	116638	11663.7	5
0	116720	11671.9	7
0	116740	11673.9	13
0	116864	11686.3	27
0	116968	11696.7	2
0	117006	11700.5	1
0	117008	11700.7	1
0	117042	11704.1	4
0	117152	11715.1	7
0	117154	11715.3	1
0	117166	11716.5	7
0	117224	11722.3	19
0	117362	11736.1	5
0	117418	11741.7	4
0	117454	11745.3	34
0	117510	11750.9	34
0	117538	11753.7	11
0	117690	11768.9	5
0	117704	11770.3	3
0	117780	11777.9	7
0	117784	11778.3	1
0	117854	11785.3	10
0	117946	11794.5	44
0	117964	11796.3	1
0	117968	11796.7	3
0	118042	11804.1	2
0	118142	11814.1	31
0	118234	11823.3	6
0	118246	11824.5	4
0	118326	11832.5	22
0	118382	11838.1	8
0	118452	11845.1	1
0	118470	11846.9	13
0	118498	11849.7	27
0	118530	11852.9	21
0	118544	11854.3	8
0	118576	11857.5	1
0	118588	11858.7	10
0	118650	11864.9	4
0	118746	11874.5	1
0	118760	11875.9	10
0	118768	11876.7	2
0	118794	11879.3	15
0	118870	11886.9	63
0	118890	11888.9	3
0	118932	11893.1	26
0	119008	11900.7	23
0	119054	11905.3	3
0	119106	11910.5	8
0	119136	11913.5	17
0	119206	11920.5	3
0	119282	11928.1	5
0	119284	11928.3	1
0	119364	11936.3	14
0	119488	11948.7	5
0	119548	11954.7	1
0	119582	11958.1	22
0	119618	11961.7	9
0	119858	11985.7	15
0	119882	11988.1	1
0	119908	11990.7	8
0	119992	11999.1	51
0	120046	12004.5	27
0	120130	12012.9	6
0	120170	12016.9	22
0	120350	12034.9	29
0	120448	12044.7	1
0	120496	12049.5	5
0	120532	12053.1	11
0	120628	12062.7	9
0	120694	12069.3	4
0	120712	12071.1	9
0	120738	12073.7	17
0	120804	12080.3	47
0	120900	12089.9	7
0	120938	12093.7	1
0	120962	12096.1	4
0	120974	12097.3	11
0	120992	12099.1	3
0	121168	12116.7	2
0	121370	12136.9	10
0	121476	12147.5	5
0	121712	12171.1	28
0	121748	12174.7	15
0	121850	12184.9	15
0	122076	12207.5	13
0	122118	12211.7	13
0	122174	12217.3	13
0	122268	12226.7	3
0	122336	12233.5	9
0	122350	12234.9	9
0	122414	12241.3	17
0	122422	12242.1	4
0	122506	12250.5	3
0	122526	12252.5	5
0	122550	12254.9	23
0	122604	12260.3	2
0	122688	12268.7	5
0	122716	12271.5	23
0	122750	12274.9	8
0	122818	12281.7	17
0	122852	12285.1	1
0	122942	12294.1	31
0	122964	12296.3	7
0	123028	12302.7	1
0	123044	12304.3	6
0	123058	12305.7	3
0	123098	12309.7	5
0	123114	12311.3	15
0	123134	12313.3	16
0	123166	12316.5	26
0	123258	12325.7	21
0	123276	12327.5	10
0	123396	12339.5	10
0	123404	12340.3	2
0	123438	12343.7	25
0	123462	12346.1	19
0	123510	12350.9	19
0	123512	12351.1	1
0	123636	12363.5	55
0	123660	12365.9	1
0	123696	12369.5	34
0	123774	12377.3	15
0	123866	12386.5	37
0	123906	12390.5	10
0	123964	12396.3	8
0	124052	12405.1	17
0	124058	12405.7	4
0	124082	12408.1	4
0	124100	12409.9	11
0	124104	12410.3	3
0	124160	12415.9	7
0	124240	12423.9	22
0	124360	12435.9	16
0	124518	12451.7	21
0	124560	12455.9	12
0	124662	12466.1	5
0	124832	12483.1	4
0	124840	12483.9	5
0	124866	12486.5	8
0	124918	12491.7	12
0	124940	12493.9	12
0	124996	12499.5	2
0	125094	12509.3	39
0	125106	12510.5	6
0	125134	12513.3	2
0	125228	12522.7	19
0	125270	12526.9	19
0	125286	12528.5	2
0	125374	12537.3	6
0	125394	12539.3	13
0	125468	12546.7	12
0	125530	12552.9	2
0	125556	12555.5	5
0	125714	12571.3	13
0	125760	12575.9	7
0	125768	12576.7	2
0	125806	12580.5	9
0	125814	12581.3	3
0	125846	12584.5	4
0	125852	12585.1	2
0	125872	12587.1	1
0	125890	12588.9	3
0	125926	12592.5	28
0	125980	12597.9	41
0	125990	12598.9	3
0	126104	12610.3	29
0	126164	12616.3	5
0	126190	12618.9	7
0	126212	12621.1	4
0	126230	12622.9	17
0	126236	12623.5	2
0	126242	12624.1	2
0	126328	12632.7	3
0	126334	12633.3	5
0	126500	12649.9	39
0	126524	12652.3	3
0	126666	12666.5	11
0	126722	12672.1	4
0	126758	12675.7	7
0	126778	12677.7	15
0	126916	12691.5	6
0	126934	12693.3	13
0	126996	12699.5	9
0	127090	12708.9	21
0	127152	12715.1	3
0	127162	12716.1	4
0	127204	12720.3	20
0	127260	12725.9	4
0	127312	12731.1	2
0	127406	12740.5	2
0	127494	12749.3	35
0	127884	12788.3	35
0	127906	12790.5	16
0	127940	12793.9	19
0	127958	12795.7	11
0	128014	12801.3	7
0	128210	12820.9	1
0	128226	12822.5	4
0	128276	12827.5	7
0	128298	12829.7	4
0	128334	12833.3	13
0	128346	12834.5	1
0	128400	12839.9	27
0	128420	12841.9	1
0	128572	12857.1	29
0	128608	12860.7	13
0	128818	12881.7	12
0	128828	12882.7	7
0	128894	12889.3	15
0	128902	12890.1	6
0	128930	12892.9	1
0	128950	12894.9	13
0	129054	12905.3	14
0	129080	12907.9	8
0	129302	12930.1	6
0	129326	12932.5	2
0	129338	12933.7	6
0	129412	12941.1	19
0	129496	12949.5	46
0	129534	12953.3	23
0	129652	12965.1	41
0	129688	12968.7	13
0	129746	12974.5	7
0	129770	12976.9	5
0	129828	12982.7	5
0	129894	12989.3	7
0	129922	12992.1	1
0	129966	12996.5	5
0	129980	12997.9	5
0	129982	12998.1	1
0	129996	12999.5	1
0	130046	13004.5	29
0	130120	13011.9	2
0	130158	13015.7	15
0	130216	13021.5	2
0	130304	13030.3	4
0	130344	13034.3	18
0	130516	13051.5	25
0	130604	13060.3	2
0	130680	13067.9	11
0	130750	13074.9	14
0	130876	13087.5	9
0	130954	13095.3	32
0	131104	13110.3	7
0	131188	13118.7	3
0	131262	13126.1	11
0	131272	13127.1	6
0	131326	13132.5	13
0	131346	13134.5	13
0	131452	13145.1	19
0	131498	13149.7	17
0	131570	13156.9	18
0	131618	13161.7	24
0	131674	13167.3	11
0	131736	13173.5	21
0	131796	13179.5	3
0	131910	13190.9	10
0	132022	13202.1	31
0	132058	13205.7	14
0	132060	13205.9	1
0	132098	13209.7	2
0	132136	13213.5	3
0	132154	13215.3	12
0	132258	13225.7	5
0	132324	13232.3	9
0	132346	13234.5	3
0	132370	13236.9	3
0	132440	13243.9	3
0	132522	13252.1	2
0	132592	13259.1	51
0	132630	13262.9	1
0	132650	13264.9	7
0	132668	13266.7	5
0	132708	13270.7	8
0	132716	13271.5	4
0	132732	13273.1	8
0	132782	13278.1	13
0	132846	13284.5	4
0	132886	13288.5	19
0	132910	13290.9	18
0	132940	13293.9	8
0	132978	13297.7	19
0	132986	13298.5	2
0	133096	13309.5	13
0	133110	13310.9	6
0	133162	13316.1	5
0	133210	13320.9	7
0	133272	13327.1	5
0	133292	13329.1	16
0	133388	13338.7	9
0	133498	13349.7	23
0	133590	13358.9	19
0	133620	13361.9	23
0	133654	13365.3	21
0	133734	13373.3	53
0	133812	13381.1	11
0	133932	13393.1	29
0	134016	13401.5	5
0	134180	13417.9	54
0	134192	13419.1	8
0	134324	13432.3	1
0	134342	13434.1	12
0	134408	13440.7	17
0	134426	13442.5	11
0	134534	13453.3	29
0	134570	13456.9	33
0	134608	13460.7	29
0	134626	13462.5	5
0	134664	13466.3	13
0	134764	13476.3	47
0	134766	13476.5	1
0	134962	13496.1	2
0	135106	13510.5	8
0	135130	13512.9	3
0	135184	13518.3	6
0	135228	13522.7	39
0	135272	13527.1	1
0	135282	13528.1	9
0	135308	13530.7	3
0	135312	13531.1	3
0	135318	13531.7	5
0	135372	13537.1	1
0	135386	13538.5	13
0	135442	13544.1	13
0	135464	13546.3	9
0	135708	13570.7	15
0	135746	13574.5	7
0	135840	13583.9	2
0	135922	13592.1	7
0	135944	13594.3	11
0	136020	13601.9	15
0	136074	13607.3	21
0	136164	13616.3	37
0	136238	13623.7	51
0	136304	13630.3	30
0	136386	13638.5	17
0	136462	13646.1	22
0	136464	13646.3	1
0	136476	13647.5	3
0	136512	13651.1	19
0	136538	13653.7	17
0	136600	13659.9	1
0	136698	13669.7	2
0	136718	13671.7	14
0	136794	13679.3	6
0	136812	13681.1	1
0	136896	13689.5	12
0	136916	13691.5	5
0	136938	13693.7	3
0	136972	13697.1	8
0	137054	13705.3	7
0	137056	13705.5	1
0	137078	13707.7	5
0	137114	13711.3	2
0	137162	13716.1	1
0	137238	13723.7	35
0	137260	13725.9	7
0	137270	13726.9	5
0	137302	13730.1	3
0	137390	13738.9	17
0	137424	13742.3	1
0	137582	13758.1	7
0	137652	13765.1	36
0	137666	13766.5	9
0	137702	13770.1	19
0	137736	13773.5	10
0	137772	13777.1	21
0	137790	13778.9	10
0	137794	13779.3	3
0	137858	13785.7	9
0	137882	13788.1	2
0	137996	13799.5	17
0	138118	13811.7	3
0	138152	13815.1	4
0	138244	13824.3	24
0	138262	13826.1	11
0	138352	13835.1	3
0	138418	13841.7	19
0	138444	13844.3	6
0	138554	13855.3	23
0	138624	13862.3	6
0	138650	13864.9	4
0	138802	13880.1	21
0	138838	13883.7	6
0	139004	13900.3	9
0	139024	13902.3	4
0	139064	13906.3	1
0	139178	13917.7	3
0	139256	13925.5	3
0	139280	13927.9	8
0	139310	13930.9	19
0	139388	13938.7	29
0	139402	13940.1	7
0	139446	13944.5	1
0	139486	13948.5	11
0	139584	13958.3	19
0	139594	13959.3	6
0	139634	13963.3	32
0	139640	13963.9	4
0	139690	13968.9	7
0	139822	13982.1	3
0	139972	13997.1	24
0	140038	14003.7	15
0	140060	14005.9	11
0	140062	14006.1	1
0	140076	14007.5	4
0	140110	14010.9	13
0	140164	14016.3	5
0	140250	14024.9	27
0	140290	14028.9	9
0	140354	14035.3	1
0	140408	14040.7	16
0	140424	14042.3	5
0	140468	14046.7	2
0	140642	14064.1	14
0	140780	14077.9	24
0	140912	14091.1	22
0	140968	14096.7	47
0	141050	14104.9	25
0	141060	14105.9	5
0	141096	14109.5	3
0	141302	14130.1	43
0	141366	14136.5	24
0	141396	14139.5	13
0	141512	14151.1	1
0	141706	14170.5	1
0	141736	14173.5	7
0	141796	14179.5	6
0	141836	14183.5	3
0	141858	14185.7	1
0	141956	14195.5	6
0	142008	14200.7	3
0	142068	14206.7	3
0	142082	14208.1	9
0	142192	14219.1	22
0	142208	14220.7	3
0	142340	14233.9	5
0	142360	14235.9	6
0	142404	14240.3	4
0	142420	14241.9	10
0	142454	14245.3	14
0	142514	14251.3	35
0	142574	14257.3	9
0	142676	14267.5	7
0	142780	14277.9	4
0	142804	14280.3	7
0	142904	14290.3	10
0	142938	14293.7	3
0	142964	14296.3	1
0	143074	14307.3	49
0	143156	14315.5	4
0	143186	14318.5	16
0	143234	14323.3	4
0	143256	14325.5	21
0	143306	14330.5	25
0	143386	14338.5	25
0	143398	14339.7	11
0	143448	14344.7	11
0	143494	14349.3	5
0	143528	14352.7	28
0	143554	14355.3	3
0	143610	14360.9	2
0	143622	14362.1	5
0	143648	14364.7	17
0	143696	14369.5	7
0	143780	14377.9	18
0	143842	14384.1	13
0	143848	14384.7	5
0	144026	14402.5	23
0	144112	14411.1	38
0	144140	14413.9	2
0	144184	14418.3	7
0	144224	14422.3	7
0	144244	14424.3	14
0	144412	14441.1	21
0	144482	14448.1	2
0	144556	14455.5	3
0	144622	14462.1	27
0	144644	14464.3	4
0	144670	14466.9	13
0	144678	14467.7	2
0	144804	14480.3	23
0	144860	14485.9	4
0	144984	14498.3	18
0	145030	14502.9	43
0	145172	14517.1	33
0	145182	14518.1	5
0	145208	14520.7	5
0	145280	14527.9	22
0	145338	14533.7	1
0	145412	14541.1	11
0	145508	14550.7	13
0	145518	14551.7	2
0	145618	14561.7	23
0	145690	14568.9	4
0	145734	14573.3	11
0	145768	14576.7	7
0	145784	14578.3	12
0	145800	14579.9	3
0	145912	14591.1	31
0	145946	14594.5	17
0	146054	14605.3	1
0	146278	14627.7	21
0	146320	14631.9	5
0	146384	14638.3	20
0	146398	14639.7	5
0	146456	14645.5	26
0	146524	14652.3	7
0	146540	14653.9	1
0	146586	14658.5	10
0	146658	14665.7	22
0	146700	14669.9	40
0	146768	14676.7	45
0	146828	14682.7	2
0	146946	14694.5	19
0	146978	14697.7	5
0	147054	14705.3	41
0	147090	14708.9	16
0	147172	14717.1	11
0	147266	14726.5	4
0	147284	14728.3	5
0	147416	14741.5	1
0	147482	14748.1	4
0	147516	14751.5	16
0	147646	14764.5	12
0	147674	14767.3	2
0	147748	14774.7	53
0	147782	14778.1	33
0	147832	14783.1	27
0	147864	14786.3	22
0	147942	14794.1	4
0	147992	14799.1	20
0	147998	14799.7	2
0	148122	14812.1	1
0	148158	14815.7	17
0	148230	14822.9	16
0	148276	14827.5	30
0	148298	14829.7	5
0	148346	14834.5	15
0	148428	14842.7	16
0	148434	14843.3	5
0	148444	14844.3	1
0	148558	14855.7	5
0	148574	14857.3	14
0	148700	14869.9	7
0	148888	14888.7	20
0	148976	14897.5	6
0	149010	14900.9	32
0	149048	14904.7	6
0	149168	14916.7	21
0	149230	14922.9	2
0	149328	14932.7	20
0	149346	14934.5	1
0	149400	14939.9	31
0	149506	14950.5	11
0	149560	14955.9	10
0	149568	14956.7	6
0	149628	14962.7	13
0	149794	14979.3	3
0	149864	14986.3	2
0	149960	14995.9	9
0	150018	15001.7	5
0	150030	15002.9	10
0	150046	15004.5	12
0	150078	15007.7	5
0	150122	15012.1	3
0	150172	15017.1	12
0	150198	15019.7	6
0	150224	15022.3	2
0	150284	15028.3	1
0	150336	15033.5	11
0	150378	15037.7	3
0	150408	15040.7	8
0	150424	15042.3	7
0	150450	15044.9	19
0	150470	15046.9	4
0	150532	15053.1	4
0	150550	15054.9	1
0	150640	15063.9	27
0	150650	15064.9	3
0	150688	15068.7	2
0	150724	15072.3	9
0	150742	15074.1	1
0	150744	15074.3	1
0	150760	15075.9	11
0	150950	15094.9	10
0	150968	15096.7	1
0	150980	15097.9	11
0	151028	15102.7	27
0	151076	15107.5	20
0	151094	15109.3	9
0	151140	15113.9	40
0	151154	15115.3	12
0	151218	15121.7	16
0	151236	15123.5	2
0	151314	15131.3	16
0	151362	15136.1	8
0	151428	15142.7	19
0	151484	15148.3	5
0	151542	15154.1	22
0	151580	15157.9	3
0	151670	15166.9	2
0	151712	15171.1	14
0	151896	15189.5	14
0	151920	15191.9	8
0	151990	15198.9	4
0	152028	15202.7	16
0	152058	15205.7	8
0	152060	15205.9	1
0	152174	15217.3	30
0	152272	15227.1	48
0	152324	15232.3	29
0	152374	15237.3	2
0	152490	15248.9	11
0	152530	15252.9	5
0	152542	15254.1	4
0	152668	15266.7	8
0	152736	15273.5	7
0	152856	15285.5	12
0	152872	15287.1	14
0	152952	15295.1	5
0	152978	15297.7	13
0	153048	15304.7	2
0	153064	15306.3	14
0	153078	15307.7	9
0	153156	15315.5	4
0	153174	15317.3	4
0	153202	15320.1	24
0	153228	15322.7	2
0	153360	15335.9	4
0	153368	15336.7	5
0	153474	15347.3	2
0	153548	15354.7	9
0	153564	15356.3	8
0	153612	15361.1	27
0	153622	15362.1	2
0	153648	15364.7	1
0	153702	15370.1	37
0	153718	15371.7	5
0	153760	15375.9	6
0	153792	15379.1	11
0	153986	15398.5	43
0	154074	15407.3	1
0	154248	15424.7	27
0	154322	15432.1	34
0	154356	15435.5	2
0	154486	15448.5	23
0	154524	15452.3	17
0	154546	15454.5	9
0	154714	15471.3	3
0	154746	15474.5	3
0	154842	15484.1	48
0	154932	15493.1	33
0	155006	15500.5	13
0	155012	15501.1	5
0	155140	15513.9	30
0	155158	15515.7	17
0	155178	15517.7	2
0	155256	15525.5	16
0	155306	15530.5	7
0	155308	15530.7	1
0	155344	15534.3	9
0	155390	15538.9	29
0	155394	15539.3	2
0	155410	15540.9	11
0	155424	15542.3	11
0	155678	15567.7	11
0	155750	15574.9	2
0	155798	15579.7	14
0	155822	15582.1	18
0	155842	15584.1	14
0	155872	15587.1	25
0	156066	15606.5	17
0	156074	15607.3	4
0	156174	15617.3	21
0	156214	15621.3	2
0	156298	15629.7	13
0	156344	15634.3	9
0	156378	15637.7	2
0	156444	15644.3	6
0	156490	15648.9	15
0	156494	15649.3	2
0	156510	15650.9	11
0	156542	15654.1	3
0	156556	15655.5	3
0	156588	15658.7	10
0	156752	15675.1	25
0	156840	15683.9	4
0	156882	15688.1	5
0	156946	15694.5	9
0	156984	15698.3	10
0	157026	15702.5	23
0	157030	15702.9	2
0	157278	15727.7	10
0	157306	15730.5	4
0	157454	15745.3	21
0	157538	15753.7	25
0	157560	15755.9	7
0	157604	15760.3	5
0	157690	15768.9	1
0	157734	15773.3	29
0	157884	15788.3	3
0	158076	15807.5	91
0	158144	15814.3	46
0	158222	15822.1	13
0	158248	15824.7	23
0	158284	15828.3	2
0	158292	15829.1	6
0	158448	15844.7	18
0	158480	15847.9	6
0	158574	15857.3	1
0	158622	15862.1	13
0	158658	15865.7	17
0	158704	15870.3	39
0	158736	15873.5	13
0	158828	15882.7	26
0	158882	15888.1	1
0	158978	15897.7	19
0	159006	15900.5	7
0	159122	15912.1	7
0	159132	15913.1	5
0	159170	15916.9	3
0	159300	15929.9	8
0	159322	15932.1	1
0	159332	15933.1	3
0	159348	15934.7	4
0	159354	15935.3	2
0	159448	15944.7	6
0	159484	15948.3	22
0	159500	15949.9	2
0	159560	15955.9	43
0	159662	15966.1	2
0	159782	15978.1	13
0	159886	15988.5	2
0	160002	16000.1	18
0	160062	16006.1	19
0	160302	16030.1	12
0	160400	16039.9	23
0	160438	16043.7	16
0	160448	16044.7	3
0	160546	16054.5	16
0	160582	16058.1	3
0	160586	16058.5	3
0	160616	16061.5	7
0	160740	16073.9	31
0	160910	16090.9	16
0	161040	16103.9	47
0	161150	16114.9	2
0	161434	16143.3	28
0	161502	16150.1	17
0	161512	16151.1	6
0	161720	16171.9	17
0	161806	16180.5	14
0	161846	16184.5	21
0	161872	16187.1	5
0	161902	16190.1	15
0	161930	16192.9	26
0	161970	16196.9	3
0	161972	16197.1	1
0	162004	16200.3	13
0	162118	16211.7	7
0	162142	16214.1	3
0	162174	16217.3	11
0	162274	16227.3	27
0	162316	16231.5	38
0	162372	16237.1	3
0	162404	16240.3	6
0	162430	16242.9	6
0	162460	16245.9	18
0	162492	16249.1	16
0	162516	16251.5	16
0	162612	16261.1	7
0	162710	16270.9	11
0	162784	16278.3	12
0	162860	16285.9	9
0	162934	16293.3	1
0	162986	16298.5	25
0	163056	16305.5	15
0	163198	16319.7	1
0	163334	16333.3	15
0	163384	16338.3	5
0	163478	16347.7	5
0	163488	16348.7	5
0	163524	16352.3	29
0	163578	16357.7	10
0	163622	16362.1	2
0	163702	16370.1	5
0	163760	16375.9	1
0	163838	16383.7	13
0	163898	16389.7	37
0	163910	16390.9	11
0	163916	16391.5	4
0	163942	16394.1	16
0	163988	16398.7	15
0	164106	16410.5	51
0	164152	16415.1	2
0	164156	16415.5	2
0	164206	16420.5	5
0	164236	16423.5	3
0	164274	16427.3	16
0	164300	16429.9	5
0	164464	16446.3	11
0	164484	16448.3	3
0	164634	16463.3	21
0	164664	16466.3	13
0	164716	16471.5	2
0	164762	16476.1	22
0	164786	16478.5	4
0	164846	16484.5	4
0	164912	16491.1	2
0	164926	16492.5	8
0	164996	16499.5	8
0	165020	16501.9	7
0	165070	16506.9	21
0	165082	16508.1	1
0	165200	16519.9	4
0	165236	16523.5	9
0	165298	16529.7	5
0	165308	16530.7	1
0	165378	16537.7	2
0	165408	16540.7	29
0	165450	16544.9	17
0	165460	16545.9	6
0	165468	16546.7	6
0	165500	16549.9	4
0	165542	16554.1	1
0	165626	16562.5	5
0	165648	16564.7	17
0	165666	16566.5	8
0	165736	16573.5	13
0	165760	16575.9	10
0	165968	16596.7	57
0	166028	16602.7	21
0	166062	16606.1	1
0	166138	16613.7	2
0	166324	16632.3	26
0	166330	16632.9	1
0	166348	16634.7	4
0	166498	16649.7	3
0	166522	16652.1	20
0	166546	16654.5	11
0	166578	16657.7	7
0	166614	16661.3	19
0	166648	16664.7	10
0	166676	16667.5	5
0	166722	16672.1	25
0	166756	16675.5	29
0	166810	16680.9	6
0	166964	16696.3	5
0	167134	16713.3	44
0	167250	16724.9	110
0	167264	16726.3	10
0	167322	16732.1	5
0	167370	16736.9	2
0	167502	16750.1	2
0	167528	16752.7	5
0	167550	16754.9	2
0	167564	16756.3	5
0	167612	16761.1	11
0	167892	16789.1	14
0	168074	16807.3	1
0	168084	16808.3	6
0	168128	16812.7	12
0	168196	16819.5	2
0	168226	16822.5	5
0	168260	16825.9	3
0	168332	16833.1	6
0	168364	16836.3	9
0	168410	16840.9	23
0	168488	16848.7	2
0	168512	16851.1	5
0	168520	16851.9	5
0	168544	16854.3	15
0	168694	16869.3	18
0	168774	16877.3	21
0	169046	16904.5	13
0	169054	16905.3	1
0	169124	16912.3	5
0	169170	16916.9	42
0	169252	16925.1	1
0	169318	16931.7	17
0	169406	16940.5	16
0	169444	16944.3	11
0	169614	16961.3	1
0	169860	16985.9	43
0	169870	16986.9	5
0	170000	16999.9	8
0	170058	17005.7	3
0	170082	17008.1	17
0	170130	17012.9	4
0	170184	17018.3	2
0	170222	17022.1	9
0	170358	17035.7	14
0	170386	17038.5	14
0	170410	17040.9	10
0	170456	17045.5	2
0	170460	17045.9	3
0	170474	17047.3	9
0	170630	17062.9	21
0	170634	17063.3	2
0	170706	17070.5	8
0	170760	17075.9	15
0	170778	17077.7	3
0	170864	17086.3	9
0	170932	17093.1	14
0	170988	17098.7	14
0	171028	17102.7	6
0	171052	17105.1	17
0	171086	17108.5	5
0	171126	17112.5	1
0	171142	17114.1	3
0	171176	17117.5	28
0	171202	17120.1	25
0	171232	17123.1	1
0	171260	17125.9	2
0	171304	17130.3	10
0	171322	17132.1	15
0	171336	17133.5	9
0	171350	17134.9	2
0	171428	17142.7	8
0	171448	17144.7	4
0	171490	17148.9	2
0	171632	17163.1	2
0	171710	17170.9	33
0	171864	17186.3	4
0	171916	17191.5	45
0	172016	17201.5	4
0	172104	17210.3	5
0	172434	17243.3	51
0	172464	17246.3	26
0	172496	17249.5	2
0	172620	17261.9	38
0	172656	17265.5	18
0	172666	17266.5	1
0	172762	17276.1	11
0	172796	17279.5	3
0	172824	17282.3	5
0	172896	17289.5	1
0	172922	17292.1	20
0	173020	17301.9	11
0	173054	17305.3	3
0	173190	17318.9	15
0	173198	17319.7	2
0	173264	17326.3	39
0	173288	17328.7	9
0	173296	17329.5	1
0	173344	17334.3	5
0	173392	17339.1	5
0	173430	17342.9	6
0	173456	17345.5	7
0	173564	17356.3	27
0	173574	17357.3	8
0	173582	17358.1	5
0	173826	17382.5	11
0	173840	17383.9	5
0	173884	17388.3	10
0	173982	17398.1	10
0	174018	17401.7	26
0	174024	17402.3	3
0	174038	17403.7	9
0	174150	17414.9	9
0	174256	17425.5	4
0	174336	17433.5	48
0	174364	17436.3	8
0	174438	17443.7	1
0	174698	17469.7	5
0	174832	17483.1	26
0	174924	17492.3	4
0	175102	17510.1	21
0	175120	17511.9	13
0	175182	17518.1	34
0	175304	17530.3	1
0	175308	17530.7	3
0	175404	17540.3	25
0	175456	17545.5	27
0	175466	17546.5	7
0	175498	17549.7	10
0	175536	17553.5	27
0	175624	17562.3	56
0	175658	17565.7	33
0	175698	17569.7	1
0	175750	17574.9	4
0	175780	17577.9	17
0	175824	17582.3	4
0	175846	17584.5	4
0	175918	17591.7	3
0	175938	17593.7	3
0	176026	17602.5	2
0	176066	17606.5	15
0	176110	17610.9	9
0	176196	17619.5	19
0	176262	17626.1	3
0	176418	17641.7	9
0	176444	17644.3	5
0	176516	17651.5	52
0	176532	17653.1	5
0	176582	17658.1	2
0	176626	17662.5	3
0	176830	17682.9	22
0	176858	17685.7	19
0	176924	17692.3	11
0	176956	17695.5	23
0	176980	17697.9	12
0	176998	17699.7	17
0	177154	17715.3	13
0	177208	17720.7	13
0	177316	17731.5	28
0	177396	17739.5	8
0	177432	17743.1	1
0	177498	17749.7	7
0	177586	17758.5	5
0	177680	17767.9	8
0	177698	17769.7	5
0	177730	17772.9	2
0	177778	17777.7	22
0	177784	17778.3	1
0	177860	17785.9	1
0	177886	17788.5	5
0	177904	17790.3	3
0	177930	17792.9	22
0	177940	17793.9	3
0	177962	17796.1	8
0	177990	17798.9	2
0	178002	17800.1	4
0	178052	17805.1	4
0	178060	17805.9	1
0	178078	17807.7	13
0	178084	17808.3	4
0	178118	17811.7	11
0	178264	17826.3	7
0	178340	17833.9	19
0	178350	17834.9	7
0	178358	17835.7	1
0	178448	17844.7	9
0	178510	17850.9	3
0	178542	17854.1	2
0	178644	17864.3	15
0	178814	17881.3	49
0	178836	17883.5	8
0	178882	17888.1	13
0	178940	17893.9	4
0	178990	17898.9	9
0	179120	17911.9	5
0	179144	17914.3	22
0	179236	17923.5	31
0	179340	17933.9	13
0	179356	17935.5	5
0	179424	17942.3	18
0	179428	17942.7	2
0	179488	17948.7	27
0	179494	17949.3	5
0	179514	17951.3	4
0	179556	17955.5	24
0	179608	17960.7	19
0	179748	17974.7	13
0	179826	17982.5	7
0	179974	17997.3	66
0	180058	18005.7	6
0	180078	18007.7	12
0	180090	18008.9	3
0	180130	18012.9	28
0	180254	18025.3	6
0	180374	18037.3	29
0	180434	18043.3	8
0	180452	18045.1	7
0	180478	18047.7	9
0	180496	18049.5	11
0	180542	18054.1	11
0	180558	18055.7	14
0	180594	18059.3	15
0	180610	18060.9	15
0	180644	18064.3	7
0	180696	18069.5	15
0	180764	18076.3	19
0	180832	18083.1	5
0	180876	18087.5	19
0	180958	18095.7	6
0	180976	18097.5	13
0	181054	18105.3	20
0	181076	18107.5	5
0	181154	18115.3	54
0	181196	18119.5	31
0	181338	18133.7	11
0	181450	18144.9	3
0	181526	18152.5	5
0	181544	18154.3	9
0	181590	18158.9	2
0	181638	18163.7	3
0	181702	18170.1	23
0	181736	18173.5	14
0	181894	18189.3	6
0	181990	18198.9	5
0	182000	18199.9	9
0	182148	18214.7	14
0	182162	18216.1	12
0	182230	18222.9	11
0	182244	18224.3	12
0	182284	18228.3	4
0	182334	18233.3	2
0	182386	18238.5	9
0	182394	18239.3	7
0	182430	18242.9	22
0	182492	18249.1	7
0	182598	18259.7	14
0	182610	18260.9	8
0	182624	18262.3	13
0	182742	18274.1	5
0	182898	18289.7	11
0	182920	18291.9	4
0	182978	18297.7	12
0	183108	18310.7	29
0	183150	18314.9	15
0	183214	18321.3	16
0	183304	18330.3	1
0	183354	18335.3	20
0	183356	18335.5	1
0	183388	18338.7	5
0	183406	18340.5	2
0	183452	18345.1	12
0	183512	18351.1	15
0	183540	18353.9	2
0	183640	18363.9	10
0	183688	18368.7	15
0	183716	18371.5	11
0	183780	18377.9	45
0	183818	18381.7	11
0	183872	18387.1	20
0	183934	18393.3	19
0	184024	18402.3	5
0	184100	18409.9	9
0	184138	18413.7	12
0	184236	18423.5	3
0	184304	18430.3	2
0	184322	18432.1	6
0	184422	18442.1	2
0	184456	18445.5	1
0	184528	18452.7	3
0	184580	18457.9	1
0	184596	18459.5	1
0	184602	18460.1	2
0	184636	18463.5	9
0	184678	18467.7	13
0	184716	18471.5	29
0	184722	18472.1	2
0	184746	18474.5	1
0	184904	18490.3	36
0	184932	18493.1	2
0	184970	18496.9	5
0	185048	18504.7	3
0	185096	18509.5	4
0	185168	18516.7	17
0	185280	18527.9	21
0	185296	18529.5	15
0	185326	18532.5	11
0	185348	18534.7	12
0	185368	18536.7	15
0	185396	18539.5	26
0	185432	18543.1	3
0	185490	18548.9	28
0	185598	18559.7	9
0	185714	18571.3	17
0	185816	18581.5	67
0	185838	18583.7	2
0	185894	18589.3	29
0	186004	18600.3	25
0	186024	18602.3	5
0	186050	18604.9	5
0	186118	18611.7	9
0	186160	18615.9	20
0	186198	18619.7	7
0	186202	18620.1	2
0	186238	18623.7	15
0	186264	18626.3	19
0	186302	18630.1	11
0	186458	18645.7	21
0	186668	18666.7	12
0	186708	18670.7	10
0	186788	18678.7	1
0	186848	18684.7	1
0	186854	18685.3	3
0	187114	18711.3	9
0	187166	18716.5	15
0	187340	18733.9	31
0	187394	18739.3	52
0	187564	18756.3	52
0	187598	18759.7	13
0	187864	18786.3	17
0	187896	18789.5	7
0	187942	18794.1	1
0	188028	18802.7	6
0	188054	18805.3	2
0	188090	18808.9	18
0	188120	18811.9	23
0	188188	18818.7	31
0	188220	18821.9	3
0	188252	18825.1	2
0	188322	18832.1	30
0	188352	18835.1	4
0	188356	18835.5	2
0	188400	18839.9	7
0	188478	18847.7	7
0	188526	18852.5	23
0	188554	18855.3	8
0	188628	18862.7	1
0	188744	18874.3	65
0	188802	18880.1	19
0	188824	18882.3	17
0	188836	18883.5	11
0	188882	18888.1	2
0	188956	18895.5	38
0	188988	18898.7	12
0	189004	18900.3	5
0	189080	18907.9	39
0	189160	18915.9	20
0	189192	18919.1	27
0	189236	18923.5	1
0	189310	18930.9	7
0	189350	18934.9	20
0	189398	18939.7	3
0	189414	18941.3	14
0	189450	18944.9	6
0	189466	18946.5	5
0	189542	18954.1	44
0	189554	18955.3	7
0	189564	18956.3	9
0	189668	18966.7	3
0	189676	18967.5	7
0	189726	18972.5	28
0	189756	18975.5	3
0	189920	18991.9	3
0	189938	18993.7	15
0	190102	19010.1	5
0	190134	19013.3	8
0	190158	19015.7	1
0	190162	19016.1	2
0	190198	19019.7	7
0	190306	19030.5	20
0	190350	19034.9	17
0	190392	19039.1	2
0	190408	19040.7	3
0	190512	19051.1	5
0	190540	19053.9	13
0	190820	19081.9	6
0	190864	19086.3	5
0	190926	19092.5	3
0	190976	19097.5	22
0	191032	19103.1	7
0	191090	19108.9	5
0	191180	19117.9	13
0	191294	19129.3	5
0	191362	19136.1	6
0	191406	19140.5	43
0	191438	19143.7	5
0	191494	19149.3	25
0	191556	19155.5	19
0	191580	19157.9	11
0	191622	19162.1	16
0	191662	19166.1	13
0	191736	19173.5	2
0	191954	19195.3	3
0	192018	19201.7	34
0	192090	19208.9	8
0	192226	19222.5	8
0	192246	19224.5	16
0	192258	19225.7	8
0	192280	19227.9	3
0	192290	19228.9	5
0	192366	19236.5	24
0	192380	19237.9	6
0	192476	19247.5	77
0	192526	19252.5	1
0	192656	19265.5	15
0	192760	19275.9	31
0	192808	19280.7	33
0	192874	19287.3	33
0	192890	19288.9	3
0	192902	19290.1	10
0	192968	19296.7	56
0	192986	19298.5	14
0	193012	19301.1	9
0	193084	19308.3	29
0	193138	19313.7	11
0	193200	19319.9	13
0	193276	19327.5	2
0	193370	19336.9	8
0	193404	19340.3	9
0	193418	19341.7	1
0	193546	19354.5	2
0	193576	19357.5	10
0	193856	19385.5	9
0	194084	19408.3	12
0	194208	19420.7	29
0	194314	19431.3	5
0	194428	19442.7	2
0	194440	19443.9	2
0	194524	19452.3	39
0	194550	19454.9	13
0	194560	19455.9	3
0	194576	19457.5	7
0	194590	19458.9	5
0	194618	19461.7	4
0	194716	19471.5	5
0	194822	19482.1	5
0	194952	19495.1	2
0	194992	19499.1	2
0	195020	19501.9	1
0	195126	19512.5	9
0	195150	19514.9	19
0	195256	19525.5	57
0	195402	19540.1	23
0	195458	19545.7	39
0	195468	19546.7	7
0	195510	19550.9	29
0	195528	19552.7	1
0	195596	19559.5	2
0	195602	19560.1	2
0	195652	19565.1	29
0	195682	19568.1	13
0	195756	19575.5	2
0	195776	19577.5	11
0	195792	19579.1	12
0	195844	19584.3	11
0	195850	19584.9	2
0	195876	19587.5	17
0	195930	19592.9	23
0	195986	19598.5	9
0	196024	19602.3	32
0	196036	19603.5	6
0	196054	19605.3	10
0	196066	19606.5	11
0	196088	19608.7	9
0	196130	19612.9	13
0	196140	19613.9	2
0	196176	19617.5	31
0	196296	19629.5	12
0	196350	19634.9	16
0	196386	19638.5	5
0	196482	19648.1	6
0	196584	19658.3	10
0	196606	19660.5	12
0	196656	19665.5	3
0	196670	19666.9	1
0	196742	19674.1	11
0	196840	19683.9	4
0	196888	19688.7	15
0	196920	19691.9	26
0	196994	19699.3	4
0	197006	19700.5	1
0	197032	19703.1	10
0	197212	19721.1	9
0	197246	19724.5	5
0	197274	19727.3	1
0	197284	19728.3	2
0	197308	19730.7	19
0	197334	19733.3	7
0	197382	19738.1	33
0	197418	19741.7	3
0	197458	19745.7	17
0	197474	19747.3	3
0	197550	19754.9	2
0	197588	19758.7	24
0	197592	19759.1	2
0	197602	19760.1	5
0	197672	19767.1	2
0	197676	19767.5	2
0	197720	19771.9	22
0	197756	19775.5	6
0	197876	19787.5	55
0	197930	19792.9	11
0	197946	19794.5	7
0	197990	19798.9	12
0	198074	19807.3	1
0	198138	19813.7	33
0	198150	19814.9	3
0	198248	19824.7	11
0	198290	19828.9	14
0	198330	19832.9	13
0	198378	19837.7	17
0	198502	19850.1	12
0	198524	19852.3	5
0	198572	19857.1	26
0	198592	19859.1	18
0	198628	19862.7	29
0	198694	19869.3	59
0	198704	19870.3	9
0	198730	19872.9	4
0	198750	19874.9	8
0	198928	19892.7	19
0	198980	19897.9	12
0	199014	19901.3	13
0	199054	19905.3	19
0	199060	19905.9	2
0	199198	19919.7	24
0	199300	19929.9	43
0	199310	19930.9	8
0	199330	19932.9	3
0	199342	19934.1	1
0	199354	19935.3	11
0	199504	19950.3	2
0	199528	19952.7	11
0	199668	19966.7	7
0	199852	19985.1	26
0	199888	19988.7	8
0	199976	19997.5	16
0	200038	20003.7	5
0	200090	20008.9	17
0	200114	20011.3	11
0	200156	20015.5	17
0	200278	20027.7	2
0	200318	20031.7	15
0	200360	20035.9	1
0	200490	20048.9	8
0	200528	20052.7	11
0	200558	20055.7	5
0	200602	20060.1	11
0	200632	20063.1	19
0	200856	20085.5	3
0	200888	20088.7	19
0	201038	20103.7	12
0	201106	20110.5	3
0	201198	20119.7	19
0	201204	20120.3	5
0	201252	20125.1	6
0	201342	20134.1	36
0	201384	20138.3	23
0	201550	20154.9	17
0	201598	20159.7	19
0	201710	20170.9	6
0	201836	20183.5	7
0	201854	20185.3	9
0	201872	20187.1	5
0	201890	20188.9	7
0	201944	20194.3	5
0	202038	20203.7	15
0	202046	20204.5	1
0	202184	20218.3	23
0	202194	20219.3	6
0	202254	20225.3	20
0	202276	20227.5	14
0	202360	20235.9	10
0	202434	20243.3	24
0	202484	20248.3	9
0	202518	20251.7	5
0	202544	20254.3	15
0	202576	20257.5	8
0	202596	20259.5	12
0	202614	20261.3	11
0	202670	20266.9	5
0	202688	20268.7	5
0	202874	20287.3	52
0	202954	20295.3	13
0	203150	20314.9	41
0	203212	20321.1	19
0	203220	20321.9	2
0	203316	20331.5	6
0	203452	20345.1	9
0	203494	20349.3	16
0	203516	20351.5	4
0	203546	20354.5	8
0	203644	20364.3	3
0	203686	20368.5	3
0	203720	20371.9	6
0	203734	20373.3	9
0	203788	20378.7	15
0	203830	20382.9	11
0	203854	20385.3	20
0	203868	20386.7	2
0	203938	20393.7	18
0	204012	20401.1	4
0	204056	20405.5	29
0	204100	20409.9	27
0	204156	20415.5	35
0	204282	20428.1	1
0	204300	20429.9	13
0	204338	20433.7	2
0	204522	20452.1	28
0	204622	20462.1	1
0	204634	20463.3	4
0	204708	20470.7	9
0	204786	20478.5	4
0	204800	20479.9	4
0	204816	20481.5	1
0	205118	20511.7	4
0	205288	20528.7	24
0	205330	20532.9	38
0	205338	20533.7	6
0	205410	20540.9	5
0	205434	20543.3	3
0	205466	20546.5	6
0	205516	20551.5	16
0	205550	20554.9	16
0	205590	20558.9	27
0	205636	20563.5	23
0	205714	20571.3	1
0	205796	20579.5	34
0	205852	20585.1	1
0	205984	20598.3	2
0	206044	20604.3	15
0	206076	20607.5	25
0	206234	20623.3	15
0	206240	20623.9	4
0	206268	20626.7	10
0	206386	20638.5	13
0	206462	20646.1	12
0	206482	20648.1	12
0	206540	20653.9	6
0	206652	20665.1	21
0	206688	20668.7	17
0	206710	20670.9	20
0	206802	20680.1	13
0	206812	20681.1	6
0	206836	20683.5	1
0	206952	20695.1	11
0	206980	20697.9	10
0	207126	20712.5	2
0	207210	20720.9	12
0	207250	20724.9	15
0	207268	20726.7	6
0	207330	20732.9	3
0	207342	20734.1	1
0	207386	20738.5	22
0	207410	20740.9	2
0	207468	20746.7	3
0	207498	20749.7	29
0	207528	20752.7	13
0	207546	20754.5	10
0	207624	20762.3	43
0	207648	20764.7	16
0	207700	20769.9	2
0	207702	20770.1	1
0	207742	20774.1	25
0	207762	20776.1	17
0	207776	20777.5	9
0	207816	20781.5	21
0	207824	20782.3	2
0	207892	20789.1	25
0	207964	20796.3	10
0	208008	20800.7	31
0	208200	20819.9	2
0	208216	20821.5	5
0	208238	20823.7	20
0	208362	20836.1	7
0	208384	20838.3	7
0	208506	20850.5	33
0	208530	20852.9	13
0	208646	20864.5	9
0	208740	20873.9	2
0	208764	20876.3	18
0	208818	20881.7	3
0	208830	20882.9	3
0	208874	20887.3	3
0	208894	20889.3	13
0	208916	20891.5	9
0	209038	20903.7	11
0	209404	20940.3	3
0	209598	20959.7	3
0	209616	20961.5	15
0	209664	20966.3	43
0	209676	20967.5	2
0	209736	20973.5	10
0	209784	20978.3	11
0	209822	20982.1	28
0	209872	20987.1	27
0	209908	20990.7	27
0	209938	20993.7	10
0	209978	20997.7	12
0	210192	21019.1	35
0	210286	21028.5	20
0	210330	21032.9	7
0	210386	21038.5	27
0	210412	21041.1	4
0	210422	21042.1	3
0	210490	21048.9	11
0	210522	21052.1	8
0	210548	21054.7	14
0	210564	21056.3	3
0	210688	21068.7	19
0	210720	21071.9	6
0	210790	21078.9	7
0	210844	21084.3	23
0	210894	21089.3	1
0	210990	21098.9	13
0	211068	21106.7	33
0	211108	21110.7	16
0	211186	21118.5	6
0	211204	21120.3	9
0	211294	21129.3	3
0	211344	21134.3	8
0	211466	21146.5	10
0	211588	21158.7	13
0	211598	21159.7	3
0	211668	21166.7	5
0	211736	21173.5	33
0	211814	21181.3	11
0	211834	21183.3	4
0	211864	21186.3	6
0	211890	21188.9	11
0	211904	21190.3	13
0	211970	21196.9	11
0	212020	21201.9	4
0	212096	21209.5	69
0	212152	21215.1	2
0	212250	21224.9	50
0	212356	21235.5	64
0	212438	21243.7	11
0	212484	21248.3	21
0	212562	21256.1	2
0	212626	21262.5	2
0	212722	21272.1	35
0	212734	21273.3	5
0	212842	21284.1	11
0	212890	21288.9	46
0	212996	21299.5	4
0	213034	21303.3	3
0	213098	21309.7	5
0	213110	21310.9	7
0	213186	21318.5	8
0	213254	21325.3	19
0	213306	21330.5	13
0	213364	21336.3	11
0	213426	21342.5	3
0	213604	21360.3	36
0	213652	21365.1	2
0	213678	21367.7	4
0	213718	21371.7	1
0	213774	21377.3	5
0	213792	21379.1	8
0	213810	21380.9	3
0	213872	21387.1	9
0	213916	21391.5	9
0	213972	21397.1	2
0	214046	21404.5	25
0	214134	21413.3	3
0	214168	21416.7	7
0	214236	21423.5	21
0	214238	21423.7	1
0	214312	21431.1	9
0	214388	21438.7	22
0	214400	21439.9	4
0	214414	21441.3	6
0	214456	21445.5	12
0	214484	21448.3	16
0	214584	21458.3	1
0	214638	21463.7	7
0	214642	21464.1	1
0	214802	21480.1	4
0	214918	21491.7	5
0	214932	21493.1	5
0	214994	21499.3	7
0	215040	21503.9	34
0	215096	21509.5	11
0	215138	21513.7	20
0	215218	21521.7	31
0	215336	21533.5	13
0	215362	21536.1	4
0	215448	21544.7	77
0	215506	21550.5	7
0	215598	21559.7	1
0	215648	21564.7	18
0	215700	21569.9	15
0	215738	21573.7	4
0	215762	21576.1	5
0	215810	21580.9	13
0	215820	21581.9	3
0	215880	21587.9	4
0	215956	21595.5	11
0	215984	21598.3	15
0	216100	21609.9	3
0	216144	21614.3	36
0	216180	21617.9	7
0	216198	21619.7	4
0	216210	21620.9	10
0	216234	21623.3	13
0	216266	21626.5	2
0	216280	21627.9	6
0	216328	21632.7	15
0	216360	21635.9	1
0	216378	21637.7	10
0	216384	21638.3	1
0	216504	21650.3	7
0	216512	21651.1	7
0	216586	21658.5	13
0	216702	21670.1	29
0	216706	21670.5	2
0	216798	21679.7	1
0	216872	21687.1	11
0	216932	21693.1	15
0	216974	21697.3	13
0	216998	21699.7	3
0	217010	21700.9	5
0	217100	21709.9	42
0	217134	21713.3	3
0	217172	21717.1	15
0	217190	21718.9	13
0	217224	21722.3	11
0	217318	21731.7	5
0	217440	21743.9	27
0	217454	21745.3	8
0	217520	21751.9	6
0	217604	21760.3	4
0	217706	21770.5	6
0	217860	21785.9	10
0	217910	21790.9	31
0	217982	21798.1	19
0	218018	21801.7	14
0	218150	21814.9	13
0	218164	21816.3	8
0	218262	21826.1	25
0	218286	21828.5	13
0	218304	21830.3	12
0	218340	21833.9	4
0	218406	21840.5	3
0	218474	21847.3	3
0	218518	21851.7	5
0	218600	21859.9	5
0	218624	21862.3	13
0	218702	21870.1	7
0	218712	21871.1	7
0	218744	21874.3	5
0	218862	21886.1	63
0	218882	21888.1	3
0	218922	21892.1	29
0	219006	21900.5	4
0	219042	21904.1	3
0	219068	21906.7	2
0	219074	21907.3	1
0	219164	21916.3	13
0	219226	21922.5	11
0	219250	21924.9	22
0	219284	21928.3	30
0	219336	21933.5	20
0	219438	21943.7	29
0	219542	21954.1	42
0	219604	21960.3	12
0	219816	21981.5	6
0	219838	21983.7	9
0	219852	21985.1	6
0	219910	21990.9	8
0	219950	21994.9	12
0	219970	21996.9	4
0	220020	22001.9	9
0	220034	22003.3	4
0	220102	22010.1	7
0	220162	22016.1	11
0	220256	22025.5	9
0	220302	22030.1	16
0	220396	22039.5	44
0	220434	22043.3	4
0	220482	22048.1	14
0	220486	22048.5	2
0	220568	22056.7	5
0	220642	22064.1	36
0	220670	22066.9	11
0	220816	22081.5	35
0	220858	22085.7	11
0	220948	22094.7	19
0	221004	22100.3	16
0	221154	22115.3	28
0	221234	22123.3	5
0	221298	22129.7	27
0	221332	22133.1	7
0	221352	22135.1	1
0	221468	22146.7	71
0	221504	22150.3	7
0	221584	22158.3	22
0	221608	22160.7	3
0	221634	22163.3	11
0	221742	22174.1	5
0	221796	22179.5	2
0	222028	22202.7	2
0	222078	22207.7	31
0	222142	22214.1	11
0	222198	22219.7	33
0	222384	22238.3	29
0	222406	22240.5	9
0	222450	22244.9	14
0	222510	22250.9	43
0	222672	22267.1	17
0	222686	22268.5	5
0	222716	22271.5	17
0	222728	22272.7	6
0	222740	22273.9	6
0	222788	22278.7	3
0	222818	22281.7	1
0	222834	22283.3	7
0	222848	22284.7	12
0	222908	22290.7	19
0	222958	22295.7	7
0	223054	22305.3	27
0	223110	22310.9	21
0	223148	22314.7	11
0	223192	22319.1	5
0	223228	22322.7	6
0	223270	22326.9	11
0	223294	22329.3	5
0	223352	22335.1	4
0	223388	22338.7	7
0	223420	22341.9	3
0	223502	22350.1	2
0	223532	22353.1	3
0	223576	22357.5	15
0	223628	22362.7	2
0	223638	22363.7	4
0	223724	22372.3	6
0	223802	22380.1	23
0	223830	22382.9	3
0	223860	22385.9	5
0	223906	22390.5	34
0	223968	22396.7	24
0	224026	22402.5	13
0	224134	22413.3	20
0	224192	22419.1	13
0	224268	22426.7	2
0	224364	22436.3	7
0	224452	22445.1	8
0	224510	22450.9	7
0	224560	22455.9	3
0	224576	22457.5	9
0	224656	22465.5	19
0	224688	22468.7	5
0	224780	22477.9	15
0	224856	22485.5	25
0	224920	22491.9	3
0	224942	22494.1	20
0	224960	22495.9	6
0	225146	22514.5	2
0	225196	22519.5	14
0	225432	22543.1	11
0	225474	22547.3	2
0	225512	22551.1	31
0	225560	22555.9	18
0	225618	22561.7	11
0	225628	22562.7	2
0	225652	22565.1	16
0	225830	22582.9	5
0	225860	22585.9	6
0	225906	22590.5	15
0	225980	22597.9	3
0	226066	22606.5	4
0	226082	22608.1	3
0	226114	22611.3	7
0	226162	22616.1	5
0	226302	22630.1	8
0	226330	22632.9	12
0	226390	22638.9	4
0	226432	22643.1	8
0	226468	22646.7	16
0	226534	22653.3	36
0	226570	22656.9	31
0	226654	22665.3	2
0	226714	22671.3	3
0	226778	22677.7	6
0	226818	22681.7	12
0	226890	22688.9	6
0	226918	22691.7	4
0	226956	22695.5	16
0	226966	22696.5	3
0	227018	22701.7	11
0	227122	22712.1	56
0	227292	22729.1	2
0	227302	22730.1	7
0	227318	22731.7	6
0	227354	22735.3	11
0	227378	22737.7	13
0	227554	22755.3	27
0	227652	22765.1	28
0	227716	22771.5	2
0	227740	22773.9	17
0	227762	22776.1	19
0	227824	22782.3	25
0	227846	22784.5	3
0	227964	22796.3	7
0	228114	22811.3	8
0	228274	22827.3	9
0	228322	22832.1	15
0	228336	22833.5	11
0	228368	22836.7	23
0	228428	22842.7	4
0	228546	22854.5	11
0	228732	22873.1	9
0	228750	22874.9	3
0	228822	22882.1	7
0	228860	22885.9	29
0	228906	22890.5	2
0	228984	22898.3	12
0	229068	22906.7	19
0	229126	22912.5	7
0	229180	22917.9	4
0	229264	22926.3	7
0	229328	22932.7	4
0	229350	22934.9	13
0	229498	22949.7	65
0	229512	22951.1	5
0	229588	22958.7	4
0	229604	22960.3	1
0	229652	22965.1	22
0	229750	22974.9	9
0	229824	22982.3	17
0	229896	22989.5	6
0	230208	23020.7	7
0	230244	23024.3	8
0	230346	23034.5	5
0	230360	23035.9	10
0	230462	23046.1	77
0	230674	23067.3	23
0	230766	23076.5	21
0	230854	23085.3	13
0	230894	23089.3	4
0	230972	23097.1	48
0	231024	23102.3	50
0	231078	23107.7	40
0	231194	23119.3	1
0	231220	23121.9	20
0	231298	23129.7	34
0	231348	23134.7	20
0	231358	23135.7	5
0	231498	23149.7	32
0	231576	23157.5	2
0	231708	23170.7	6
0	231712	23171.1	2
0	231880	23187.9	8
0	231884	23188.3	1
0	231950	23194.9	6
0	232086	23208.5	13
0	232104	23210.3	12
0	232160	23215.9	7
0	232198	23219.7	37
0	232248	23224.7	1
0	232364	23236.3	2
0	232400	23239.9	4
0	232434	23243.3	19
0	232486	23248.5	21
0	232552	23255.1	3
0	232570	23256.9	17
0	232654	23265.3	35
0	232782	23278.1	11
0	232830	23282.9	47
0	232866	23286.5	4
0	232948	23294.7	9
0	232994	23299.3	16
0	233024	23302.3	9
0	233052	23305.1	7
0	233106	23310.5	9
0	233216	23321.5	14
0	233260	23325.9	9
0	233316	23331.5	19
0	233382	23338.1	25
0	233456	23345.5	3
0	233482	23348.1	2
0	233652	23365.1	31
0	233760	23375.9	21
0	233808	23380.7	2
0	233814	23381.3	2
0	233842	23384.1	12
0	233866	23386.5	17
0	234016	23401.5	15
0	234066	23406.5	8
0	234092	23409.1	22
0	234098	23409.7	4
0	234188	23418.7	39
0	234242	23424.1	12
0	234298	23429.7	11
0	234306	23430.5	4
0	234324	23432.3	8
0	234344	23434.3	3
0	234376	23437.5	24
0	234454	23445.3	22
0	234544	23454.3	43
0	234602	23460.1	9
0	234662	23466.1	51
0	234672	23467.1	9
0	234688	23468.7	7
0	234848	23484.7	32
0	234890	23488.9	5
0	234966	23496.5	15
0	235004	23500.3	1
0	235014	23501.3	7
0	235134	23513.3	8
0	235178	23517.7	3
0	235226	23522.5	11
0	235264	23526.3	18
0	235310	23530.9	13
0	235346	23534.5	13
0	235354	23535.3	7
0	235372	23537.1	8
0	235480	23547.9	4
0	235490	23548.9	2
0	235562	23556.1	1
0	235614	23561.3	2
0	235656	23565.5	16
0	235702	23570.1	8
0	235706	23570.5	2
0	235738	23573.7	12
0	235780	23577.9	36
0	235792	23579.1	8
0	235858	23585.7	13
0	235878	23587.7	18
0	235942	23594.1	5
0	235998	23599.7	6
0	236030	23602.9	19
0	236074	23607.3	9
0	236132	23613.1	25
0	236160	23615.9	8
0	236198	23619.7	3
0	236298	23629.7	33
0	236370	23636.9	1
0	236394	23639.3	21
0	236432	23643.1	3
0	236486	23648.5	49
0	236620	23661.9	2
0	236654	23665.3	33
0	236684	23668.3	16
0	236690	23668.9	4
0	236704	23670.3	13
0	236764	23676.3	37
0	236834	23683.3	13
0	236932	23693.1	29
0	236954	23695.3	1
0	237020	23701.9	7
0	237120	23711.9	1
0	237184	23718.3	63
0	237296	23729.5	6
0	237392	23739.1	2
0	237434	23743.3	3
0	237464	23746.3	14
0	237618	23761.7	25
0	237666	23766.5	10
0	237690	23768.9	18
0	237718	23771.7	10
0	237800	23779.9	11
0	237816	23781.5	2
0	237884	23788.3	4
0	237894	23789.3	8
0	237932	23793.1	36
0	238084	23808.3	35
0	238112	23811.1	11
0	238166	23816.5	50
0	238196	23819.5	2
0	238284	23828.3	7
0	238360	23835.9	19
0	238438	23843.7	16
0	238504	23850.3	12
0	238574	23857.3	6
0	238592	23859.1	1
0	238642	23864.1	6
0	238700	23869.9	2
0	238856	23885.5	35
0	238860	23885.9	3
0	238902	23890.1	13
0	238948	23894.7	2
0	239008	23900.7	12
0	239086	23908.5	7
0	239118	23911.7	14
0	239194	23919.3	2
0	239320	23931.9	11
0	239332	23933.1	8
0	239358	23935.7	2
0	239414	23941.3	11
0	239488	23948.7	2
0	239542	23954.1	20
0	239570	23956.9	7
0	239594	23959.3	15
0	239602	23960.1	2
0	239664	23966.3	50
0	239712	23971.1	11
0	239738	23973.7	8
0	239766	23976.5	18
0	239812	23981.1	14
0	239848	23984.7	2
0	239902	23990.1	3
0	239998	23999.7	28
0	240076	24007.5	10
0	240138	24013.7	5
0	240166	24016.5	9
0	240364	24036.3	10
0	240388	24038.7	3
0	240418	24041.7	24
0	240548	24054.7	6
0	240678	24067.7	2
0	240704	24070.3	13
0	240750	24074.9	5
0	240916	24091.5	2
0	241192	24119.1	9
0	241330	24132.9	14
0	241342	24134.1	3
0	241346	24134.5	3
0	241472	24147.1	7
0	241514	24151.3	12
0	241520	24151.9	2
0	241546	24154.5	18
0	241568	24156.7	12
0	241608	24160.7	24
0	241634	24163.3	4
0	241690	24168.9	15
0	241706	24170.5	1
0	241760	24175.9	28
0	241858	24185.7	4
0	241928	24192.7	9
0	241956	24195.5	2
0	242030	24202.9	9
0	242090	24208.9	18
0	242174	24217.3	2
0	242222	24222.1	18
0	242264	24226.3	3
0	242300	24229.9	6
0	242426	24242.5	2
0	242498	24249.7	12
0	242522	24252.1	6
0	242604	24260.3	33
0	242638	24263.7	33
0	242666	24266.5	1
0	242846	24284.5	12
0	242862	24286.1	14
0	242922	24292.1	8
0	242982	24298.1	8
0	243050	24304.9	3
0	243052	24305.1	1
0	243068	24306.7	15
0	243092	24309.1	7
0	243140	24313.9	23
0	243324	24332.3	15
0	243440	24343.9	3
0	243508	24350.7	4
0	243540	24353.9	8
0	243544	24354.3	3
0	243630	24362.9	7
0	243694	24369.3	21
0	243740	24373.9	5
0	243814	24381.3	1
0	243818	24381.7	2
0	243852	24385.1	7
0	243874	24387.3	8
0	243894	24389.3	7
0	243936	24393.5	9
0	243964	24396.3	17
0	244118	24411.7	7
0	244134	24413.3	9
0	244168	24416.7	28
0	244300	24429.9	1
0	244336	24433.5	21
0	244432	24443.1	8
0	244490	24448.9	39
0	244532	24453.1	7
0	244682	24468.1	35
0	244712	24471.1	7
0	244820	24481.9	15
0	244822	24482.1	1
0	244866	24486.5	7
0	244948	24494.7	1
0	244984	24498.3	7
0	245020	24501.9	7
0	245028	24502.7	2
0	245126	24512.5	6
0	245132	24513.1	4
0	245188	24518.7	2
0	245226	24522.5	2
0	245250	24524.9	17
0	245400	24539.9	8
0	245724	24572.3	4
0	245734	24573.3	2
0	245782	24578.1	20
0	245850	24584.9	5
0	245922	24592.1	33
0	245946	24594.5	1
0	245964	24596.3	8
0	245994	24599.3	18
0	246016	24601.5	4
0	246036	24603.5	17
0	246110	24610.9	19
0	246136	24613.5	8
0	246198	24619.7	1
0	246208	24620.7	6
0	246242	24624.1	6
0	246336	24633.5	49
0	246444	24644.3	25
0	246516	24651.5	7
0	246530	24652.9	7
0	246636	24663.5	3
0	246642	24664.1	5
0	246690	24668.9	7
0	246706	24670.5	15
0	246870	24686.9	5
0	246872	24687.1	1
0	246932	24693.1	1
0	246944	24694.3	5
0	246994	24699.3	16
0	247012	24701.1	3
0	247062	24706.1	16
0	247116	24711.5	13
0	247142	24714.1	17
0	247224	24722.3	16
0	247264	24726.3	15
0	247300	24729.9	33
0	247364	24736.3	3
0	247400	24739.9	28
0	247474	24747.3	10
0	247640	24763.9	30
0	247732	24773.1	5
0	247754	24775.3	15
0	247850	24784.9	28
0	247868	24786.7	4
0	247906	24790.5	1
0	248000	24799.9	2
0	248022	24802.1	11
0	248054	24805.3	3
0	248154	24815.3	9
0	248162	24816.1	6
0	248182	24818.1	7
0	248242	24824.1	7
0	248266	24826.5	6
0	248282	24828.1	4
0	248304	24830.3	3
0	248326	24832.5	5
0	248396	24839.5	13
0	248486	24848.5	29
0	248492	24849.1	3
0	248590	24858.9	6
0	248630	24862.9	16
0	248668	24866.7	26
0	248802	24880.1	15
0	248852	24885.1	13
0	248908	24890.7	21
0	248980	24897.9	3
0	249036	24903.5	3
0	249104	24910.3	16
0	249184	24918.3	8
0	249392	24939.1	23
0	249406	24940.5	2
0	249530	24952.9	8
0	249548	24954.7	11
0	249618	24961.7	26
0	249628	24962.7	6
0	249648	24964.7	11
0	249742	24974.1	10
0	249744	24974.3	1
0	249796	24979.5	2
0	249912	24991.1	6
0	249982	24998.1	9
0	250068	25006.7	14
0	250124	25012.3	31
0	250136	25013.5	5
0	250170	25016.9	22
0	250218	25021.7	10
0	250272	25027.1	26
0	250294	25029.3	4
0	250332	25033.1	17
0	250400	25039.9	57
0	250422	25042.1	7
0	250442	25044.1	19
0	250506	25050.5	4
0	250544	25054.3	3
0	250558	25055.7	12
0	250590	25058.9	19
0	250592	25059.1	1
0	250600	25059.9	5
0	250734	25073.3	10
0	250808	25080.7	14
0	250836	25083.5	24
0	250856	25085.5	3
0	250898	25089.7	7
0	251002	25100.1	29
0	251072	25107.1	58
0	251114	25111.3	15
0	251180	25117.9	5
0	251190	25118.9	3
0	251220	25121.9	2
0	251270	25126.9	33
0	251286	25128.5	15
0	251464	25146.3	2
0	251650	25164.9	3
0	251666	25166.5	6
0	251842	25184.1	7
0	251930	25192.9	26
0	251952	25195.1	14
0	252008	25200.7	32
0	252088	25208.7	12
0	252164	25216.3	3
0	252200	25219.9	1
0	252212	25221.1	5
0	252364	25236.3	41
0	252386	25238.5	2
0	252434	25243.3	23
0	252500	25249.9	42
0	252514	25251.3	7
0	252586	25258.5	5
0	252630	25262.9	5
0	252766	25276.5	1
0	252886	25288.5	23
0	252898	25289.7	4
0	252916	25291.5	6
0	252926	25292.5	9
0	252986	25298.5	3
0	252988	25298.7	1
0	253156	25315.5	4
0	253184	25318.3	24
0	253186	25318.5	1
0	253324	25332.3	8
0	253382	25338.1	23
0	253406	25340.5	22
0	253438	25343.7	5
0	253474	25347.3	4
0	253498	25349.7	6
0	253520	25351.9	17
0	253534	25353.3	6
0	253578	25357.7	15
0	253632	25363.1	5
0	253694	25369.3	1
0	253714	25371.3	14
0	253772	25377.1	2
0	253818	25381.7	13
0	253838	25383.7	4
0	253878	25387.7	5
0	253886	25388.5	6
0	254006	25400.5	32
0	254108	25410.7	8
0	254158	25415.7	17
0	254204	25420.3	1
0	254248	25424.7	11
0	254314	25431.3	43
0	254440	25443.9	42
0	254498	25449.7	52
0	254524	25452.3	22
0	254532	25453.1	5
0	254558	25455.7	1
0	254610	25460.9	15
0	254660	25465.9	17
0	254714	25471.3	39
0	254768	25476.7	8
0	254772	25477.1	1
0	254810	25480.9	2
0	254842	25484.1	15
0	254886	25488.5	24
0	254916	25491.5	4
0	255056	25505.5	1
0	255090	25508.9	19
0	255098	25509.7	3
0	255228	25522.7	3
0	255396	25539.5	51
0	255420	25541.9	9
0	255430	25542.9	8
0	255488	25548.7	7
0	255522	25552.1	32
0	255530	25552.9	5
0	255574	25557.3	7
0	255610	25560.9	4
0	255630	25562.9	7
0	255692	25569.1	8
0	255776	25577.5	21
0	255804	25580.3	11
0	255828	25582.7	9
0	255852	25585.1	18
0	256070	25606.9	49
0	256124	25612.3	8
0	256142	25614.1	9
0	256332	25633.1	15
0	256394	25639.3	9
0	256414	25641.3	19
0	256456	25645.5	31
0	256486	25648.5	7
0	256522	25652.1	32
0	256652	25665.1	19
0	256700	25669.9	31
0	256724	25672.3	3
0	256838	25683.7	14
0	256960	25695.9	3
0	257050	25704.9	43
0	257100	25709.9	9
0	257212	25721.1	6
0	257242	25724.1	12
0	257308	25730.7	38
0	257316	25731.5	2
0	257406	25740.5	31
0	257454	25745.3	14
0	257476	25747.5	20
0	257532	25753.1	5
0	257654	25765.3	10
0	257766	25776.5	2
0	257912	25791.1	1
0	257952	25795.1	1
0	257966	25796.5	2
0	258044	25804.3	20
0	258082	25808.1	22
0	258096	25809.5	2
0	258154	25815.3	18
0	258212	25821.1	21
0	258244	25824.3	11
0	258306	25830.5	23
0	258356	25835.5	15
0	258386	25838.5	11
0	258490	25848.9	13
0	258532	25853.1	22
0	258608	25860.7	3
0	258616	25861.5	6
0	258678	25867.7	14
0	258756	25875.5	14
0	258804	25880.3	7
0	258876	25887.5	10
0	258924	25892.3	12
0	259004	25900.3	25
0	259038	25903.7	13
0	259104	25910.3	38
0	259108	25910.7	2
0	259152	25915.1	20
0	259272	25927.1	18
0	259282	25928.1	3
0	259368	25936.7	38
0	259372	25937.1	3
0	259426	25942.5	11
0	259618	25961.7	11
0	259704	25970.3	19
0	259722	25972.1	3
0	259730	25972.9	4
0	259816	25981.5	11
0	259844	25984.3	7
0	259906	25990.5	5
0	259908	25990.7	1
0	260060	26005.9	9
0	260166	26016.5	6
0	260248	26024.7	11
0	260306	26030.5	2
0	260326	26032.5	10
0	260334	26033.3	4
0	260392	26039.1	8
0	260408	26040.7	15
0	260502	26050.1	10
0	260514	26051.3	1
0	260538	26053.7	19
0	260612	26061.1	36
0	260664	26066.3	6
0	260684	26068.3	15
0	260710	26070.9	3
0	260758	26075.7	10
0	260772	26077.1	2
0	260800	26079.9	23
0	260936	26093.5	53
0	261004	26100.3	37
0	261058	26105.7	43
0	261070	26106.9	11
0	261158	26115.7	6
0	261280	26127.9	5
0	261296	26129.5	2
0	261346	26134.5	2
0	261390	26138.9	30
0	261476	26147.5	11
0	261480	26147.9	2
0	261550	26154.9	9
0	261584	26158.3	3
0	261682	26168.1	25
0	261794	26179.3	2
0	261814	26181.3	17
0	261880	26187.9	32
0	261942	26194.1	11
0	261964	26196.3	7
0	261970	26196.9	1
0	262240	26223.9	8
0	262376	26237.5	12
0	262486	26248.5	49
0	262602	26260.1	26
0	262618	26261.7	12
0	262704	26270.3	19
0	262770	26276.9	16
0	262806	26280.5	9
0	262812	26281.1	2
0	262936	26293.5	11
0	263006	26300.5	52
0	263052	26305.1	19
0	263112	26311.1	13
0	263196	26319.5	71
0	263258	26325.7	15
0	263310	26330.9	17
0	263360	26335.9	34
0	263386	26338.5	3
0	263424	26342.3	15
0	263450	26344.9	5
0	263464	26346.3	7
0	263618	26361.7	5
0	263666	26366.5	9
0	263710	26370.9	42
0	263714	26371.3	1
0	263720	26371.9	5
0	263728	26372.7	5
0	263770	26376.9	8
0	263848	26384.7	2
0	263904	26390.3	4
0	263934	26393.3	1
0	264162	26416.1	2
0	264190	26418.9	7
0	264192	26419.1	1
0	264276	26427.5	43
0	264308	26430.7	9
0	264336	26433.5	17
0	264448	26444.7	5
0	264620	26461.9	13
0	264704	26470.3	3
0	264762	26476.1	2
0	264824	26482.3	9
0	264864	26486.3	19
0	264894	26489.3	4
0	265022	26502.1	26
0	265028	26502.7	4
0	265044	26504.3	8
0	265062	26506.1	17
0	265340	26533.9	24
0	265458	26545.7	29
0	265502	26550.1	1
0	265534	26553.3	3
0	265568	26556.7	2
0	265626	26562.5	4
0	265666	26566.5	21
0	265770	26576.9	2
0	265864	26586.3	25
0	265880	26587.9	13
0	265910	26590.9	12
0	266308	26630.7	23
0	266402	26640.1	18
0	266464	26646.3	4
0	266516	26651.5	4
0	266772	26677.1	9
0	266848	26684.7	6
0	266882	26688.1	1
0	267006	26700.5	2
0	267008	26700.7	1
0	267072	26707.1	28
0	267134	26713.3	3
0	267166	26716.5	9
0	267220	26721.9	20
0	267288	26728.7	36
0	267370	26736.9	4
0	267480	26747.9	1
0	267520	26751.9	3
0	267590	26758.9	11
0	267608	26760.7	3
0	267646	26764.5	23
0	267662	26766.1	1
0	267686	26768.5	16
0	267740	26773.9	33
0	267750	26774.9	3
0	267848	26784.7	15
0	267930	26792.9	5
0	268024	26802.3	17
0	268068	26806.7	2
0	268316	26831.5	16
0	268362	26836.1	17
0	268394	26839.3	2
0	268458	26845.7	3
0	268546	26854.5	22
0	268584	26858.3	15
0	268610	26860.9	23
0	268898	26889.7	2
0	269092	26909.1	48
0	269122	26912.1	2
0	269124	26912.3	1
0	269346	26934.5	18
0	269452	26945.1	13
0	269454	26945.3	1
0	269480	26947.9	5
0	269640	26963.9	75
0	269674	26967.3	2
0	269776	26977.5	9
0	269788	26978.7	8
0	269838	26983.7	45
0	269946	26994.5	25
0	269962	26996.1	3
0	269976	26997.5	5
0	270080	27007.9	31
0	270136	27013.5	33
0	270156	27015.5	12
0	270206	27020.5	13
0	270214	27021.3	1
0	270226	27022.5	3
0	270240	27023.9	4
0	270300	27029.9	19
0	270328	27032.7	5
0	270434	27043.3	14
0	270484	27048.3	15
0	270532	27053.1	39
0	270604	27060.3	5
0	270672	27067.1	11
0	270738	27073.7	29
0	270742	27074.1	3
0	270792	27079.1	8
0	270826	27082.5	27
0	270856	27085.5	10
0	270870	27086.9	6
0	270924	27092.3	20
0	270972	27097.1	27
0	271078	27107.7	11
0	271122	27112.1	7
0	271170	27116.9	17
0	271256	27125.5	16
0	271286	27128.5	6
0	271388	27138.7	7
0	271404	27140.3	12
0	271590	27158.9	1
0	271608	27160.7	8
0	271682	27168.1	7
0	271772	27177.1	6
0	271794	27179.3	9
0	271828	27182.7	27
0	271868	27186.7	2
0	271894	27189.3	15
0	271978	27197.7	53
0	272032	27203.1	26
0	272066	27206.5	9
0	272070	27206.9	2
0	272128	27212.7	6
0	272172	27217.1	13
0	272244	27224.3	4
0	272398	27239.7	1
0	272474	27247.3	1
0	272508	27250.7	1
0	272526	27252.5	4
0	272570	27256.9	19
0	272590	27258.9	11
0	272612	27261.1	2
0	272648	27264.7	23
0	272660	27265.9	7
0	272690	27268.9	9
0	272730	27272.9	5
0	272766	27276.5	2
0	272838	27283.7	4
0	272874	27287.3	5
0	272902	27290.1	20
0	273042	27304.1	18
0	273164	27316.3	9
0	273196	27319.5	21
0	273276	27327.5	9
0	273342	27334.1	17
0	273386	27338.5	20
0	273412	27341.1	4
0	273444	27344.3	11
0	273478	27347.7	18
0	273502	27350.1	4
0	273524	27352.3	9
0	273592	27359.1	27
0	273690	27368.9	22
0	273726	27372.5	7
0	273742	27374.1	3
0	273770	27376.9	17
0	273902	27390.1	3
0	273928	27392.7	11
0	274030	27402.9	3
0	274098	27409.7	2
0	274140	27413.9	3
0	274172	27417.1	7
0	274178	27417.7	4
0	274286	27428.5	3
0	274314	27431.3	18
0	274396	27439.5	15
0	274486	27448.5	3
0	274546	27454.5	7
0	274578	27457.7	6
0	274644	27464.3	7
0	274706	27470.5	17
0	274946	27494.5	33
0	274998	27499.7	10
0	275018	27501.7	9
0	275044	27504.3	21
0	275064	27506.3	17
0	275272	27527.1	2
0	275290	27528.9	15
0	275336	27533.5	35
0	275360	27535.9	13
0	275420	27541.9	13
0	275478	27547.7	36
0	275516	27551.5	31
0	275758	27575.7	35
0	275816	27581.5	18
0	275836	27583.5	15
0	275860	27585.9	14
0	275902	27590.1	1
0	275974	27597.3	52
0	275996	27599.5	3
0	276192	27619.1	10
0	276416	27641.5	2
0	276484	27648.3	1
0	276544	27654.3	14
0	276552	27655.1	4
0	276638	27663.7	16
0	276712	27671.1	23
0	276726	27672.5	2
0	276760	27675.9	10
0	276808	27680.7	7
0	276840	27683.9	23
0	276842	27684.1	1
0	276854	27685.3	5
0	276870	27686.9	13
0	276892	27689.1	20
0	276980	27697.9	22
0	276996	27699.5	4
0	277060	27705.9	8
0	277080	27707.9	18
0	277110	27710.9	8
0	277154	27715.3	13
0	277178	27717.7	21
0	277222	27722.1	1
0	277242	27724.1	16
0	277298	27729.7	13
0	277356	27735.5	2
0	277448	27744.7	24
0	277464	27746.3	1
0	277582	27758.1	3
0	277678	27767.7	2
0	277728	27772.7	11
0	277740	27773.9	6
0	277766	27776.5	9
0	277774	27777.3	6
0	278044	27804.3	25
0	278046	27804.5	1
0	278098	27809.7	11
0	278122	27812.1	9
0	278142	27814.1	13
0	278224	27822.3	12
0	278240	27823.9	1
0	278278	27827.7	19
0	278378	27837.7	36
0	278416	27841.5	13
0	278438	27843.7	14
0	278520	27851.9	3
0	278578	27857.7	10
0	278596	27859.5	17
0	278612	27861.1	9
0	278638	27863.7	5
0	278676	27867.5	3
0	278704	27870.3	11
0	278758	27875.7	5
0	278790	27878.9	25
0	278998	27899.7	12
0	279000	27899.9	1
0	279008	27900.7	6
0	279088	27908.7	21
0	279114	27911.3	24
0	279166	27916.5	15
0	279196	27919.5	12
0	279220	27921.9	20
0	279366	27936.5	7
0	279380	27937.9	9
0	279466	27946.5	25
0	279510	27950.9	1
0	279530	27952.9	11
0	279544	27954.3	6
0	279558	27955.7	9
0	279660	27965.9	56
0	279670	27966.9	4
0	279760	27975.9	9
0	279772	27977.1	10
0	279800	27979.9	10
0	279824	27982.3	6
0	279864	27986.3	14
0	279900	27989.9	5
0	279944	27994.3	3
0	279988	27998.7	3
0	280012	28001.1	7
0	280022	28002.1	9
0	280032	28003.1	6
0	280076	28007.5	8
0	280112	28011.1	8
0	280120	28011.9	6
0	280166	28016.5	9
0	280268	28026.7	21
0	280476	28047.5	9
0	280482	28048.1	3
0	280536	28053.5	7
0	280562	28056.1	1
0	280612	28061.1	17
0	280630	28062.9	2
0	280636	28063.5	4
0	280672	28067.1	4
0	280754	28075.3	21
0	280800	28079.9	4
0	280864	28086.3	2
0	280954	28095.3	15
0	281004	28100.3	21
0	281068	28106.7	2
0	281142	28114.1	9
0	281186	28118.5	19
0	281202	28120.1	12
0	281340	28133.9	76
0	281390	28138.9	19
0	281558	28155.7	6
0	281598	28159.7	17
0	281606	28160.5	7
0	281628	28162.7	11
0	281646	28164.5	10
0	281728	28172.7	3
0	281738	28173.7	6
0	281814	28181.3	3
0	281816	28181.5	1
0	281958	28195.7	15
0	281970	28196.9	5
0	282064	28206.3	1
0	282176	28217.5	37
0	282222	28222.1	4
0	282256	28225.5	10
0	282288	28228.7	7
0	282458	28245.7	6
0	282478	28247.7	8
0	282506	28250.5	16
0	282546	28254.5	11
0	282574	28257.3	4
0	282686	28268.5	4
0	282722	28272.1	23
0	282778	28277.7	10
0	282840	28283.9	7
0	282860	28285.9	7
0	282884	28288.3	1
0	282954	28295.3	25
0	283004	28300.3	4
0	283064	28306.3	16
0	283128	28312.7	25
0	283278	28327.7	9
0	283314	28331.3	7
0	283392	28339.1	39
0	283494	28349.3	1
0	283520	28351.9	22
0	283586	28358.5	8
0	283598	28359.7	2
0	283684	28368.3	3
0	283734	28373.3	5
0	283786	28378.5	28
0	283860	28385.9	9
0	283884	28388.3	20
0	283980	28397.9	13
0	283992	28399.1	1
0	284080	28407.9	1
0	284094	28409.3	8
0	284158	28415.7	19
0	284186	28418.5	8
0	284242	28424.1	2
0	284328	28432.7	12
0	284350	28434.9	15
0	284442	28444.1	7
0	284496	28449.5	35
0	284522	28452.1	4
0	284544	28454.3	12
0	284580	28457.9	32
0	284674	28467.3	26
0	284704	28470.3	21
0	284788	28478.7	8
0	284872	28487.1	29
0	284920	28491.9	5
0	284956	28495.5	3
0	285020	28501.9	21
0	285030	28502.9	5
0	285066	28506.5	7
0	285114	28511.3	17
0	285266	28526.5	4
0	285342	28534.1	68
0	285352	28535.1	9
0	285372	28537.1	1
0	285490	28548.9	4
0	285562	28556.1	10
0	285630	28562.9	62
0	285696	28569.5	39
0	285796	28579.5	7
0	285840	28583.9	17
0	285870	28586.9	2
0	286028	28602.7	17
0	286072	28607.1	4
0	286154	28615.3	21
0	286166	28616.5	4
0	286206	28620.5	25
0	286234	28623.3	24
0	286332	28633.1	40
0	286398	28639.7	3
0	286506	28650.5	5
0	286518	28651.7	4
0	286530	28652.9	3
0	286566	28656.5	6
0	286588	28658.7	7
0	286648	28664.7	10
0	286702	28670.1	9
0	286716	28671.5	5
0	286990	28698.9	7
0	287024	28702.3	9
0	287038	28703.7	2
0	287154	28715.3	11
0	287224	28722.3	2
0	287332	28733.1	46
0	287368	28736.7	23
0	287388	28738.7	4
0	287570	28756.9	9
0	287632	28763.1	19
0	287668	28766.7	2
0	287702	28770.1	1
0	287728	28772.7	2
0	287788	28778.7	13
0	287814	28781.3	5
0	287938	28793.7	5
0	287990	28798.9	2
0	288054	28805.3	39
0	288184	28818.3	18
0	288340	28833.9	3
0	288408	28840.7	14
0	288420	28841.9	9
0	288474	28847.3	15
0	288496	28849.5	2
0	288596	28859.5	17
0	288658	28865.7	13
0	288676	28867.5	9
0	288698	28869.7	2
0	288704	28870.3	5
0	288724	28872.3	8
0	288740	28873.9	10
0	288744	28874.3	2
0	288782	28878.1	19
0	288802	28880.1	9
0	288812	28881.1	1
0	288856	28885.5	27
0	288872	28887.1	12
0	288914	28891.3	25
0	288948	28894.7	17
0	288990	28898.9	10
0	289064	28906.3	19
0	289182	28918.1	2
0	289220	28921.9	13
0	289346	28934.5	29
0	289370	28936.9	2
0	289396	28939.5	19
0	289434	28943.3	13
0	289492	28949.1	8
0	289614	28961.3	9
0	289686	28968.5	5
0	289716	28971.5	13
0	289738	28973.7	16
0	289768	28976.7	6
0	289824	28982.3	38
0	289902	28990.1	8
0	289922	28992.1	15
0	290016	29001.5	1
0	290046	29004.5	19
0	290108	29010.7	7
0	290218	29021.7	8
0	290256	29025.5	22
0	290308	29030.7	11
0	290330	29032.9	7
0	290356	29035.5	18
0	290576	29057.5	30
0	290620	29061.9	2
0	290664	29066.3	2
0	290668	29066.7	3
0	290760	29075.9	5
0	290878	29087.7	69
0	290998	29099.7	11
0	291068	29106.7	3
0	291106	29110.5	2
0	291162	29116.1	2
0	291218	29121.7	16
0	291298	29129.7	7
0	291334	29133.3	3
0	291442	29144.1	30
0	291446	29144.5	3
0	291474	29147.3	5
0	291504	29150.3	6
0	291562	29156.1	15
0	291580	29157.9	6
0	291596	29159.5	15
0	291646	29164.5	18
0	291696	29169.5	31
0	291808	29180.7	14
0	291852	29185.1	3
0	291884	29188.3	12
0	291904	29190.3	6
0	291974	29197.3	3
0	291990	29198.9	7
0	292068	29206.7	7
0	292092	29209.1	19
0	292112	29211.1	11
0	292128	29212.7	2
0	292148	29214.7	15
0	292188	29218.7	23
0	292282	29228.1	27
0	292326	29232.5	9
0	292406	29240.5	3
0	292438	29243.7	8
0	292682	29268.1	9
0	292704	29270.3	7
0	292732	29273.1	15
0	292776	29277.5	38
0	292972	29297.1	15
0	293000	29299.9	24
0	293190	29318.9	6
0	293212	29321.1	13
0	293274	29327.3	2
0	293354	29335.3	1
0	293382	29338.1	17
0	293440	29343.9	14
0	293472	29347.1	28
0	293526	29352.5	19
0	293536	29353.5	8
0	293584	29358.3	3
0	293600	29359.9	5
0	293622	29362.1	3
0	293636	29363.5	4
0	293660	29365.9	1
0	293862	29386.1	23
0	294052	29405.1	15
0	294182	29418.1	2
0	294192	29419.1	2
0	294204	29420.3	4
0	294222	29422.1	10
0	294298	29429.7	7
0	294308	29430.7	2
0	294508	29450.7	5
0	294532	29453.1	5
0	294616	29461.5	3
0	294726	29472.5	13
0	294880	29487.9	2
0	295002	29500.1	50
0	295024	29502.3	21
0	295046	29504.5	16
0	295296	29529.5	12
0	295336	29533.5	14
0	295482	29548.1	3
0	295602	29560.1	18
0	295626	29562.5	13
0	295656	29565.5	5
0	295678	29567.7	6
0	295692	29569.1	10
0	295772	29577.1	12
0	295924	29592.3	1
0	295970	29596.9	3
0	296008	29600.7	28
0	296062	29606.1	6
0	296132	29613.1	6
0	296174	29617.3	5
0	296352	29635.1	26
0	296374	29637.3	18
0	296442	29644.1	22
0	296492	29649.1	37
0	296496	29649.5	3
0	296512	29651.1	5
0	296546	29654.5	16
0	296634	29663.3	3
0	296662	29666.1	5
0	296694	29669.3	1
0	296728	29672.7	19
0	296870	29686.9	3
0	296894	29689.3	11
0	296924	29692.3	7
0	296988	29698.7	32
0	297048	29704.7	18
0	297064	29706.3	2
0	297174	29717.3	45
0	297308	29730.7	5
0	297352	29735.1	17
0	297414	29741.3	31
0	297424	29742.3	8
0	297486	29748.5	15
0	297598	29759.7	9
0	297612	29761.1	3
0	297654	29765.3	35
0	297784	29778.3	13
0	297970	29796.9	4
0	297988	29798.7	3
0	298086	29808.5	27
0	298092	29809.1	1
0	298200	29819.9	49
0	298268	29826.7	34
0	298312	29831.1	8
0	298348	29834.7	27
0	298422	29842.1	7
0	298428	29842.7	3
0	298454	29845.3	15
0	298464	29846.3	2
0	298476	29847.5	1
0	298548	29854.7	10
0	298748	29874.7	8
0	298760	29875.9	3
0	298866	29886.5	29
0	298974	29897.3	4
0	299036	29903.5	10
0	299086	29908.5	9
0	299110	29910.9	15
0	299158	29915.7	4
0	299208	29920.7	10
0	299276	29927.5	3
0	299356	29935.5	3
0	299390	29938.9	1
0	299426	29942.5	5
0	299466	29946.5	1
0	299522	29952.1	21
0	299676	29967.5	17
0	299748	29974.7	1
0	299764	29976.3	15
0	299820	29981.9	31
0	299902	29990.1	13
0	299968	29996.7	5
0	299980	29997.9	10
0	300014	30001.3	15
0	300052	30005.1	11
0	300076	30007.5	13
0	300112	30011.1	2
0	300218	30021.7	9
0	300350	30034.9	8
0	300396	30039.5	5
0	300410	30040.9	8
0	300494	30049.3	4
0	300534	30053.3	6
0	300696	30069.5	2
0	300728	30072.7	5
0	300828	30082.7	11
0	300878	30087.7	19
0	300962	30096.1	12
0	301018	30101.7	14
0	301096	30109.5	17
0	301252	30125.1	12
0	301300	30129.9	9
0	301372	30137.1	3
0	301392	30139.1	17
0	301404	30140.3	7
0	301486	30148.5	8
0	301578	30157.7	11
0	301608	30160.7	22
0	301632	30163.1	5
0	301638	30163.7	4
0	301700	30169.9	25
0	301744	30174.3	9
0	301780	30177.9	4
0	301838	30183.7	53
0	301912	30191.1	5
0	302032	30203.1	7
0	302114	30211.3	6
0	302182	30218.1	1
0	302216	30221.5	5
0	302262	30226.1	6
0	302284	30228.3	2
0	302304	30230.3	11
0	302392	30239.1	35
0	302444	30244.3	17
0	302520	30251.9	11
0	302560	30255.9	7
0	302602	30260.1	17
0	302674	30267.3	3
0	302724	30272.3	13
0	302758	30275.7	8
0	302826	30282.5	27
0	302870	30286.9	21
0	302942	30294.1	9
0	302996	30299.5	28
0	303142	30314.1	17
0	303302	30330.1	25
0	303422	30342.1	7
0	303520	30351.9	5
0	303686	30368.5	2
0	303700	30369.9	4
0	303726	30372.5	22
0	303744	30374.3	9
0	303774	30377.3	11
0	303806	30380.5	1
0	303878	30387.7	9
0	303880	30387.9	1
0	303888	30388.7	4
0	303986	30398.5	32
0	303994	30399.3	3
0	304006	30400.5	1
0	304208	30420.7	16
0	304234	30423.3	18
0	304266	30426.5	22
0	304302	30430.1	5
0	304356	30435.5	15
0	304372	30437.1	5
0	304532	30453.1	7
0	304590	30458.9	8
0	304624	30462.3	29
0	304652	30465.1	18
0	304682	30468.1	4
0	304746	30474.5	6
0	304936	30493.5	2
0	305024	30502.3	23
0	305118	30511.7	6
0	305212	30521.1	10
0	305214	30521.3	1
0	305230	30522.9	9
0	305240	30523.9	5
0	305244	30524.3	2
0	305276	30527.5	8
0	305304	30530.3	23
0	305324	30532.3	7
0	305366	30536.5	31
0	305444	30544.3	11
0	305508	30550.7	35
0	305522	30552.1	12
0	305616	30561.5	2
0	305646	30564.5	18
0	305702	30570.1	12
0	305712	30571.1	1
0	305728	30572.7	2
0	305744	30574.3	9
0	305820	30581.9	43
0	305826	30582.5	1
0	305870	30586.9	4
0	305924	30592.3	4
0	305948	30594.7	12
0	306018	30601.7	25
0	306106	30610.5	5
0	306132	30613.1	2
0	306148	30614.7	6
0	306314	30631.3	10
0	306392	30639.1	25
0	306438	30643.7	7
0	306488	30648.7	9
0	306608	30660.7	34
0	306664	30666.3	24
0	306700	30669.9	14
0	306772	30677.1	19
0	306834	30683.3	7
0	306850	30684.9	12
0	306872	30687.1	5
0	306916	30691.5	37
0	306984	30698.3	17
0	307008	30700.7	20
0	307040	30703.9	13
0	307142	30714.1	26
0	307192	30719.1	3
0	307310	30730.9	21
0	307380	30737.9	19
0	307422	30742.1	40
0	307482	30748.1	14
0	307512	30751.1	11
0	307578	30757.7	19
0	307622	30762.1	9
0	307666	30766.5	6
0	307690	30768.9	22
0	307764	30776.3	18
0	307820	30781.9	3
0	307838	30783.7	12
0	307866	30786.5	9
0	308018	30801.7	4
0	308042	30804.1	9
0	308088	30808.7	13
0	308196	30819.5	10
0	308250	30824.9	40
0	308406	30840.5	3
0	308440	30843.9	3
0	308486	30848.5	4
0	308572	30857.1	23
0	308586	30858.5	8
0	308684	30868.3	9
0	308730	30872.9	4
0	308812	30881.1	22
0	308942	30894.1	13
0	309012	30901.1	18
0	309080	30907.9	21
0	309144	30914.3	21
0	309248	30924.7	2
0	309254	30925.3	5
0	309354	30935.3	3
0	309414	30941.3	15
0	309432	30943.1	15
0	309554	30955.3	22
0	309624	30962.3	11
0	309630	30962.9	5
0	309644	30964.3	1
0	309732	30973.1	13
0	309802	30980.1	16
0	309874	30987.3	2
0	309898	30989.7	3
0	309948	30994.7	2
0	309954	30995.3	5
0	309956	30995.5	1
0	310030	31002.9	18
0	310064	31006.3	4
0	310230	31022.9	7
0	310326	31032.5	21
0	310368	31036.7	5
0	310390	31038.9	7
0	310432	31043.1	7
0	310520	31051.9	22
0	310554	31055.3	3
0	310610	31060.9	7
0	310656	31065.5	9
0	310686	31068.5	8
0	310810	31080.9	13
0	310904	31090.3	23
0	310930	31092.9	4
0	311016	31101.5	54
0	311108	31110.7	8
0	311268	31126.7	11
0	311316	31131.5	17
0	311356	31135.5	30
0	311382	31138.1	15
0	311490	31148.9	6
0	311516	31151.5	15
0	311592	31159.1	61
0	311672	31167.1	1
0	311688	31168.7	4
0	311740	31173.9	5
0	311902	31190.1	6
0	311970	31196.9	36
0	312014	31201.3	27
0	312084	31208.3	3
0	312148	31214.7	12
0	312184	31218.3	6
0	312284	31228.3	7
0	312366	31236.5	49
0	312382	31238.1	1
0	312440	31243.9	3
0	312652	31265.1	3
0	312688	31268.7	3
0	312852	31285.1	14
0	312866	31286.5	10
0	312954	31295.3	2
0	313108	31310.7	5
0	313120	31311.9	5
0	313186	31318.5	9
0	313238	31323.7	7
0	313254	31325.3	2
0	313324	31332.3	7
0	313330	31332.9	2
0	313350	31334.9	9
0	313412	31341.1	30
0	313422	31342.1	9
0	313470	31346.9	19
0	313510	31350.9	13
0	313586	31358.5	17
0	313768	31376.7	2
0	313802	31380.1	27
0	313838	31383.7	7
0	313918	31391.7	5
0	313952	31395.1	15
0	313980	31397.9	15
0	314012	31401.1	16
0	314024	31402.3	8
0	314096	31409.5	11
0	314184	31418.3	17
0	314210	31420.9	20
0	314316	31431.5	9
0	314346	31434.5	24
0	314360	31435.9	6
0	314400	31439.9	16
0	314502	31450.1	13
0	314596	31459.5	8
0	314656	31465.5	36
0	314730	31472.9	7
0	314876	31487.5	14
0	314936	31493.5	19
0	314978	31497.7	5
0	314982	31498.1	2
0	314998	31499.7	13
0	315028	31502.7	20
0	315054	31505.3	8
0	315222	31522.1	2
0	315236	31523.5	3
0	315404	31540.3	3
0	315442	31544.1	4
0	315484	31548.3	13
0	315494	31549.3	1
0	315524	31552.3	1
0	315604	31560.3	9
0	315658	31565.7	36
0	315724	31572.3	23
0	315798	31579.7	2
0	315850	31584.9	3
0	315944	31594.3	29
0	315956	31595.5	1
0	316044	31604.3	46
0	316066	31606.5	20
0	316094	31609.3	11
0	316228	31622.7	38
0	316480	31647.9	16
0	316490	31648.9	6
0	316646	31664.5	26
0	316736	31673.5	15
0	316868	31686.7	11
0	316896	31689.5	24
0	316902	31690.1	1
0	317058	31705.7	78
0	317066	31706.5	7
0	317072	31707.1	3
0	317106	31710.5	9
0	317160	31715.9	13
0	317234	31723.3	15
0	317300	31729.9	17
0	317352	31735.1	9
0	317386	31738.5	15
0	317620	31761.9	9
0	317634	31763.3	11
0	317740	31773.9	16
0	317754	31775.3	9
0	317770	31776.9	15
0	317906	31790.5	60
0	317942	31794.1	3
0	317986	31798.5	1
0	318090	31808.9	2
0	318196	31819.5	17
0	318324	31832.3	7
0	318358	31835.7	9
0	318420	31841.9	30
0	318452	31845.1	3
0	318558	31855.7	16
0	318584	31858.3	1
0	318610	31860.9	13
0	318622	31862.1	7
0	318688	31868.7	21
0	318748	31874.7	11
0	318816	31881.5	2
0	318862	31886.1	44
0	318920	31891.9	9
0	318954	31895.3	5
0	319014	31901.3	28
0	319058	31905.7	14
0	319148	31914.7	26
0	319152	31915.1	2
0	319160	31915.9	3
0	319170	31916.9	3
0	319202	31920.1	21
0	319296	31929.5	25
0	319428	31942.7	3
0	319498	31949.7	40
0	319528	31952.7	13
0	319594	31959.3	28
0	319662	31966.1	2
0	319668	31966.7	4
0	319684	31968.3	12
0	319718	31971.7	7
0	319748	31974.7	2
0	319812	31981.1	38
0	319936	31993.5	9
0	320206	32020.5	12
0	320230	32022.9	5
0	320246	32024.5	14
0	320334	32033.3	4
0	320500	32049.9	5
0	320554	32055.3	1
0	320584	32058.3	11
0	320620	32061.9	7
0	320626	32062.5	1
0	320654	32065.3	23
0	320672	32067.1	14
0	320690	32068.9	15
0	320738	32073.7	40
0	320790	32078.9	7
0	320862	32086.1	15
0	320904	32090.3	3
0	320930	32092.9	13
0	320932	32093.1	1
0	320944	32094.3	5
0	321064	32106.3	3
0	321084	32108.3	12
0	321102	32110.1	9
0	321204	32120.3	28
0	321220	32121.9	1
0	321266	32126.5	18
0	321372	32137.1	8
0	321432	32143.1	15
0	321446	32144.5	3
0	321476	32147.5	10
0	321514	32151.3	5
0	321646	32164.5	9
0	321750	32174.9	10
0	321772	32177.1	11
0	321842	32184.1	12
0	321926	32192.5	22
0	321954	32195.3	14
0	321956	32195.5	1
0	321978	32197.7	2
0	322058	32205.7	8
0	322110	32210.9	1
0	322148	32214.7	6
0	322158	32215.7	8
0	322160	32215.9	1
0	322194	32219.3	32
0	322264	32226.3	19
0	322318	32231.7	5
0	322330	32232.9	2
0	322364	32236.3	12
0	322402	32240.1	15
0	322474	32247.3	56
0	322514	32251.3	14
0	322530	32252.9	12
0	322576	32257.5	15
0	322686	32268.5	10
0	322706	32270.5	13
0	322808	32280.7	4
0	322810	32280.9	1
0	322830	32282.9	8
0	322842	32284.1	1
0	322922	32292.1	5
0	322962	32296.1	38
0	322982	32298.1	4
0	323002	32300.1	14
0	323112	32311.1	38
0	323166	32316.5	7
0	323234	32323.3	9
0	323318	32331.7	4
0	323384	32338.3	2
0	323446	32344.5	2
0	323536	32353.5	21
0	323548	32354.7	9
0	323594	32359.3	2
0	323646	32364.5	2
0	323660	32365.9	12
0	323748	32374.7	6
0	323770	32376.9	20
0	323886	32388.5	5
0	324008	32400.7	51
0	324048	32404.7	18
0	324062	32406.1	2
0	324072	32407.1	4
0	324110	32410.9	1
0	324138	32413.7	21
0	324150	32414.9	10
0	324214	32421.3	8
0	324432	32443.1	32
0	324488	32448.7	9
0	324558	32455.7	30
0	324696	32469.5	16
0	324724	32472.3	7
0	324770	32476.9	5
0	324936	32493.5	6
0	324952	32495.1	13
0	325010	32500.9	13
0	325022	32502.1	9
0	325096	32509.5	12
0	325138	32513.7	12
0	325170	32516.9	15
0	325200	32519.9	23
0	325228	32522.7	2
0	325320	32531.9	2
0	325434	32543.3	20
0	325456	32545.5	6
0	325486	32548.5	23
0	325522	32552.1	2
0	325594	32559.3	5
0	325750	32574.9	7
0	325774	32577.3	2
0	325818	32581.7	5
0	325836	32583.5	10
0	325942	32594.1	39
0	326000	32599.9	43
0	326062	32606.1	14
0	326118	32611.7	7
0	326142	32614.1	11
0	326222	32622.1	16
0	326240	32623.9	7
0	326276	32627.5	23
0	326314	32631.3	9
0	326318	32631.7	2
0	326356	32635.5	1
0	326374	32637.3	12
0	326414	32641.3	29
0	326468	32646.7	3
0	326476	32647.5	3
0	326542	32654.1	27
0	326580	32657.9	1
0	326708	32670.7	8
0	326752	32675.1	5
0	326778	32677.7	3
0	326790	32678.9	11
0	327090	32708.9	18
0	327206	32720.5	46
0	327220	32721.9	13
0	327272	32727.1	3
0	327304	32730.3	1
0	327436	32743.5	10
0	327548	32754.7	65
0	327566	32756.5	7
0	327682	32768.1	5
0	327748	32774.7	38
0	327876	32787.5	13
0	327914	32791.3	33
0	327952	32795.1	18
0	328058	32805.7	3
0	328086	32808.5	5
0	328116	32811.5	11
0	328208	32820.7	11
0	328232	32823.1	13
0	328294	32829.3	58
0	328366	32836.5	2
0	328420	32841.9	17
0	328490	32848.9	7
0	328514	32851.3	5
0	328556	32855.5	3
0	328702	32870.1	18
0	328728	32872.7	20
0	328808	32880.7	3
0	328886	32888.5	2
0	328954	32895.3	14
0	329036	32903.5	51
0	329066	32906.5	19
0	329098	32909.7	11
0	329152	32915.1	5
0	329190	32918.9	7
0	329230	32922.9	9
0	329264	32926.3	26
0	329316	32931.5	33
0	329430	32942.9	4
0	329486	32948.5	33
0	329710	32970.9	29
0	329802	32980.1	2
0	329842	32984.1	3
0	329872	32987.1	15
0	329914	32991.3	9
0	329986	32998.5	4
0	329992	32999.1	2
0	330174	33017.3	2
0	330180	33017.9	1
0	330190	33018.9	5
0	330226	33022.5	3
0	330288	33028.7	13
0	330340	33033.9	10
0	330346	33034.5	1
0	330436	33043.5	5
0	330482	33048.1	4
0	330558	33055.7	11
0	330608	33060.7	5
0	330724	33072.3	5
0	330738	33073.7	11
0	330836	33083.5	9
0	330872	33087.1	5
0	330886	33088.5	7
0	330898	33089.7	2
0	330932	33093.1	3
0	331024	33102.3	3
0	331088	33108.7	6
0	331170	33116.9	10
0	331200	33119.9	15
0	331264	33126.3	21
0	331384	33138.3	18
0	331416	33141.5	4
0	331522	33152.1	1
0	331614	33161.3	54
0	331830	33182.9	31
0	331852	33185.1	13
0	331868	33186.7	7
0	331970	33196.9	35
0	332054	33205.3	19
0	332064	33206.3	8
0	332092	33209.1	3
0	332196	33219.5	4
0	332224	33222.3	12
0	332240	33223.9	1
0	332270	33226.9	25
0	332290	33228.9	14
0	332320	33231.9	2
0	332356	33235.5	31
0	332394	33239.3	15
0	332432	33243.1	21
0	332448	33244.7	14
0	332500	33249.9	2
0	332586	33258.5	23
0	332604	33260.3	8
0	332668	33266.7	14
0	332690	33268.9	5
0	332786	33278.5	1
0	332880	33287.9	70
0	332882	33288.1	1
0	332952	33295.1	13
0	333038	33303.7	11
0	333050	33304.9	5
0	333104	33310.3	2
0	333132	33313.1	14
0	333194	33319.3	15
0	333228	33322.7	3
0	333232	33323.1	2
0	333274	33327.3	35
0	333454	33345.3	26
0	333464	33346.3	1
0	333616	33361.5	2
0	333636	33363.5	3
0	333652	33365.1	9
0	333662	33366.1	2
0	333744	33374.3	6
0	333948	33394.7	19
0	333950	33394.9	1
0	333962	33396.1	2
0	333978	33397.7	4
0	334000	33399.9	10
0	334068	33406.7	3
0	334120	33411.9	27
0	334228	33422.7	2
0	334290	33428.9	18
0	334396	33439.5	5
0	334472	33447.1	4
0	334516	33451.5	7
0	334650	33464.9	10
0	334728	33472.7	17
0	334736	33473.5	2
0	334772	33477.1	7
0	334782	33478.1	4
0	334800	33479.9	6
0	334834	33483.3	2
0	334866	33486.5	1
0	334870	33486.9	2
0	334884	33488.3	8
0	334936	33493.5	31
0	334998	33499.7	23
0	335044	33504.3	2
0	335116	33511.5	19
0	335150	33514.9	13
0	335188	33518.7	12
0	335242	33524.1	15
0	335358	33535.7	34
0	335390	33538.9	17
0	335606	33560.5	1
0	335624	33562.3	5
0	335808	33580.7	13
0	335872	33587.1	3
0	335902	33590.1	15
0	336094	33609.3	13
0	336098	33609.7	1
0	336114	33611.3	7
0	336130	33612.9	2
0	336158	33615.7	12
0	336302	33630.1	3
0	336392	33639.1	1
0	336434	33643.3	14
0	336500	33649.9	37
0	336616	33661.5	10
0	336636	33663.5	14
0	336728	33672.7	19
0	336808	33680.7	2
0	336858	33685.7	19
0	336942	33694.1	21
0	337106	33710.5	39
0	337128	33712.7	5
0	337186	33718.5	6
0	337244	33724.3	9
0	337330	33732.9	11
0	337394	33739.3	52
0	337520	33751.9	27
0	337548	33754.7	8
0	337660	33765.9	4
0	337716	33771.5	4
0	337728	33772.7	2
0	337768	33776.7	3
0	337816	33781.5	19
0	337844	33784.3	3
0	337930	33792.9	25
0	337968	33796.7	1
0	337988	33798.7	9
0	338000	33799.9	7
0	338038	33803.7	13
0	338088	33808.7	44
0	338148	33814.7	9
0	338280	33827.9	1
0	338314	33831.3	14
0	338396	33839.5	32
0	338496	33849.5	25
0	338514	33851.3	16
0	338638	33863.7	5
0	338660	33865.9	18
0	338678	33867.7	10
0	338774	33877.3	22
0	338858	33885.7	2
0	338902	33890.1	5
0	339008	33900.7	8
0	339038	33903.7	23
0	339158	33915.7	7
0	339192	33919.1	7
0	339218	33921.7	7
0	339284	33928.3	37
0	339332	33933.1	6
0	339440	33943.9	1
0	339528	33952.7	18
0	339540	33953.9	9
0	339596	33959.5	53
0	339672	33967.1	11
0	339756	33975.5	5
0	339914	33991.3	10
0	339964	33996.3	15
0	340100	34009.9	18
0	340158	34015.7	14
0	340208	34020.7	48
0	340246	34024.5	27
0	340248	34024.7	1
0	340260	34025.9	5
0	340380	34037.9	21
0	340422	34042.1	7
0	340544	34054.3	19
0	340576	34057.5	3
0	340582	34058.1	5
0	340660	34065.9	14
0	340706	34070.5	33
0	340768	34076.7	13
0	340820	34081.9	4
0	340978	34097.7	29
0	341118	34111.7	8
0	341128	34112.7	4
0	341182	34118.1	27
0	341210	34120.9	2
0	341270	34126.9	25
0	341352	34135.1	2
0	341386	34138.5	2
0	341426	34142.5	11
0	341558	34155.7	45
0	341648	34164.7	14
0	341650	34164.9	1
0	341684	34168.3	2
0	341722	34172.1	18
0	341772	34177.1	5
0	341844	34184.3	68
0	341876	34187.5	5
0	341970	34196.9	11
0	342080	34207.9	7
0	342142	34214.1	22
0	342148	34214.7	2
0	342238	34223.7	9
0	342262	34226.1	2
0	342432	34243.1	19
0	342446	34244.5	1
0	342534	34253.3	27
0	342542	34254.1	2
0	342614	34261.3	70
0	342766	34276.5	3
0	342844	34284.3	1
0	342890	34288.9	5
0	342948	34294.7	19
0	342978	34297.7	1
0	343046	34304.5	17
0	343136	34313.5	19
0	343216	34321.5	22
0	343232	34323.1	7
0	343250	34324.9	14
0	343292	34329.1	9
0	343320	34331.9	9
0	343426	34342.5	11
0	343482	34348.1	15
0	343514	34351.3	25
0	343522	34352.1	6
0	343548	34354.7	9
0	343556	34355.5	3
0	343576	34357.5	7
0	343632	34363.1	15
0	343704	34370.3	3
0	343734	34373.3	9
0	343746	34374.5	10
0	344030	34402.9	38
0	344086	34408.5	14
0	344104	34410.3	12
0	344152	34415.1	9
0	344166	34416.5	2
0	344214	34421.3	11
0	344246	34424.5	17
0	344260	34425.9	8
0	344334	34433.3	11
0	344338	34433.7	3
0	344388	34438.7	11
0	344478	34447.7	19
0	344522	34452.1	27
0	344622	34462.1	2
0	344662	34466.1	32
0	344762	34476.1	22
0	344864	34486.3	10
0	344922	34492.1	26
0	344944	34494.3	12
0	344994	34499.3	29
0	345046	34504.5	4
0	345104	34510.3	29
0	345174	34517.3	2
0	345208	34520.7	7
0	345222	34522.1	4
0	345266	34526.5	31
0	345312	34531.1	3
0	345372	34537.1	23
0	345432	34543.1	9
0	345454	34545.3	5
0	345480	34547.9	20
0	345506	34550.5	9
0	345516	34551.5	5
0	345544	34554.3	9
0	345612	34561.1	14
0	345652	34565.1	17
0	345746	34574.5	5
0	345804	34580.3	9
0	345908	34590.7	1
0	345920	34591.9	8
0	345950	34594.9	18
0	345968	34596.7	16
0	346002	34600.1	23
0	346070	34606.9	4
0	346092	34609.1	10
0	346096	34609.5	2
0	346148	34614.7	15
0	346184	34618.3	7
0	346192	34619.1	6
0	346262	34626.1	23
0	346344	34634.3	19
0	346364	34636.3	18
0	346370	34636.9	4
0	346414	34641.3	3
0	346472	34647.1	7
0	346524	34652.3	6
0	346554	34655.3	15
0	346574	34657.3	3
0	346610	34660.9	9
0	346630	34662.9	18
0	346656	34665.5	2
0	346670	34666.9	5
0	346680	34667.9	2
0	346734	34673.3	16
0	346750	34674.9	3
0	346826	34682.5	23
0	346852	34685.1	15
0	346858	34685.7	2
0	347110	34710.9	15
0	347122	34712.1	11
0	347172	34717.1	2
0	347306	34730.5	6
0	347482	34748.1	28
0	347544	34754.3	23
0	347596	34759.5	11
0	347650	34764.9	21
0	347734	34773.3	23
0	347764	34776.3	7
0	347848	34784.7	3
0	347902	34790.1	12
0	347916	34791.5	3
0	348022	34802.1	33
0	348130	34812.9	24
0	348152	34815.1	8
0	348182	34818.1	9
0	348258	34825.7	24
0	348300	34829.9	37
0	348372	34837.1	8
0	348382	34838.1	6
0	348416	34841.5	33
0	348470	34846.9	7
0	348512	34851.1	7
0	348762	34876.1	15
0	348964	34896.3	3
0	349008	34900.7	17
0	349036	34903.5	17
0	349120	34911.9	5
0	349196	34919.5	12
0	349254	34925.3	27
0	349304	34930.3	11
0	349308	34930.7	3
0	349348	34934.7	19
0	349512	34951.1	24
0	349564	34956.3	7
0	349584	34958.3	16
0	349622	34962.1	23
0	349642	34964.1	18
0	349672	34967.1	9
0	349678	34967.7	3
0	349712	34971.1	32
0	349744	34974.3	10
0	349840	34983.9	31
0	349870	34986.9	2
0	349888	34988.7	11
0	350054	35005.3	7
0	350066	35006.5	10
0	350150	35014.9	5
0	350168	35016.7	4
0	350184	35018.3	2
0	350194	35019.3	8
0	350196	35019.5	1
0	350282	35028.1	9
0	350318	35031.7	1
0	350370	35036.9	3
0	350418	35041.7	33
0	350438	35043.7	16
0	350488	35048.7	1
0	350500	35049.9	4
0	350546	35054.5	11
0	350556	35055.5	1
0	350578	35057.7	1
0	350600	35059.9	9
0	350632	35063.1	11
0	350718	35071.7	4
0	350732	35073.1	13
0	350752	35075.1	5
0	350758	35075.7	5
0	350792	35079.1	11
0	350856	35085.5	13
0	350902	35090.1	19
0	351102	35110.1	4
0	351164	35116.3	6
0	351180	35117.9	11
0	351240	35123.9	19
0	351288	35128.7	21
0	351328	35132.7	23
0	351344	35134.3	2
0	351416	35141.5	7
0	351456	35145.5	2
0	351480	35147.9	11
0	351566	35156.5	10
0	351638	35163.7	55
0	351698	35169.7	3
0	351756	35175.5	6
0	351812	35181.1	2
0	351954	35195.3	7
0	351996	35199.5	16
0	352070	35206.9	2
0	352206	35220.5	4
0	352252	35225.1	31
0	352268	35226.7	14
0	352406	35240.5	1
0	352432	35243.1	17
0	352528	35252.7	4
0	352572	35257.1	5
0	352676	35267.5	8
0	352778	35277.7	21
0	352824	35282.3	2
0	352980	35297.9	1
0	353094	35309.3	18
0	353150	35314.9	17
0	353174	35317.3	1
0	353188	35318.7	11
0	353218	35321.7	2
0	353266	35326.5	1
0	353276	35327.5	9
0	353300	35329.9	7
0	353384	35338.3	21
0	353392	35339.1	2
0	353466	35346.5	15
0	353522	35352.1	12
0	353576	35357.5	32
0	353616	35361.5	28
0	353626	35362.5	2
0	353666	35366.5	15
0	353754	35375.3	4
0	353806	35380.5	15
0	353926	35392.5	54
0	353930	35392.9	2
0	353956	35395.5	14
0	353972	35397.1	7
0	354008	35400.7	1
0	354066	35406.5	24
0	354108	35410.7	21
0	354162	35416.1	29
0	354182	35418.1	18
0	354230	35422.9	1
0	354240	35423.9	2
0	354346	35434.5	39
0	354458	35445.7	13
0	354496	35449.5	24
0	354602	35460.1	10
0	354646	35464.5	3
0	354690	35468.9	12
0	354748	35474.7	11
0	354854	35485.3	15
0	354874	35487.3	1
0	354986	35498.5	69
0	355028	35502.7	14
0	355060	35505.9	14
0	355254	35525.3	11
0	355380	35537.9	37
0	355406	35540.5	2
0	355452	35545.1	43
0	355498	35549.7	11
0	355540	35553.9	14
0	355582	35558.1	15
0	355638	35563.7	8
0	355672	35567.1	2
0	355730	35572.9	34
0	355796	35579.5	3
0	355864	35586.3	37
0	355898	35589.7	13
0	356084	35608.3	29
0	356124	35612.3	26
0	356228	35622.7	7
0	356406	35640.5	19
0	356474	35647.3	29
0	356556	35655.5	7
0	356602	35660.1	9
0	356604	35660.3	1
0	356810	35680.9	31
0	356850	35684.9	7
0	356970	35696.9	17
0	357032	35703.1	19
0	357050	35704.9	17
0	357064	35706.3	6
0	357100	35709.9	5
0	357164	35716.3	12
0	357242	35724.1	34
0	357300	35729.9	10
0	357388	35738.7	10
0	357474	35747.3	27
0	357506	35750.5	13
0	357522	35752.1	13
0	357566	35756.5	5
0	357584	35758.3	13
0	357764	35776.3	21
0	357806	35780.5	37
0	357836	35783.5	23
0	357852	35785.1	2
0	357880	35787.9	21
0	357954	35795.3	3
0	358024	35802.3	68
0	358074	35807.3	35
0	358080	35807.9	2
0	358140	35813.9	46
0	358200	35819.9	7
0	358214	35821.3	9
0	358248	35824.7	3
0	358268	35826.7	15
0	358292	35829.1	14
0	358322	35832.1	5
0	358356	35835.5	25
0	358368	35836.7	11
0	358466	35846.5	17
0	358540	35853.9	21
0	358640	35863.9	5
0	358668	35866.7	1
0	358674	35867.3	5
0	358820	35881.9	16
0	359058	35905.7	5
0	359068	35906.7	1
0	359204	35920.3	13
0	359316	35931.5	4
0	359378	35937.7	7
0	359452	35945.1	19
0	359560	35955.9	43
0	359588	35958.7	2
0	359638	35963.7	21
0	359704	35970.3	5
0	359750	35974.9	2
0	359894	35989.3	5
0	360052	36005.1	28
0	360080	36007.9	26
0	360090	36008.9	2
0	360098	36009.7	2
0	360186	36018.5	41
0	360242	36024.1	1
0	360268	36026.7	25
0	360292	36029.1	9
0	360308	36030.7	8
0	360350	36034.9	2
0	360378	36037.7	4
0	360468	36046.7	12
0	360496	36049.5	8
0	360550	36054.9	17
0	360622	36062.1	5
0	360654	36065.3	8
0	360796	36079.5	7
0	360804	36080.3	1
0	360810	36080.9	2
0	360868	36086.7	8
0	360926	36092.5	7
0	361052	36105.1	10
0	361118	36111.7	23
0	361240	36123.9	30
0	361386	36138.5	19
0	361434	36143.3	8
0	361472	36147.1	3
0	361520	36151.9	19
0	361522	36152.1	1
0	361538	36153.7	1
0	361598	36159.7	19
0	361688	36168.7	21
0	361824	36182.3	22
0	361966	36196.5	37
0	362042	36204.1	12
0	362054	36205.3	3
0	362110	36210.9	3
0	362146	36214.5	35
0	362210	36220.9	33
0	362366	36236.5	7
0	362394	36239.3	9
0	362442	36244.1	17
0	362504	36250.3	4
0	362564	36256.3	5
0	362588	36258.7	13
0	362640	36263.9	50
0	362688	36268.7	5
0	362698	36269.7	8
0	362720	36271.9	4
0	362746	36274.5	5
0	362776	36277.5	2
0	362908	36290.7	13
0	362978	36297.7	1
0	363030	36302.9	7
0	363112	36311.1	19
0	363138	36313.7	25
0	363200	36319.9	13
0	363226	36322.5	4
0	363240	36323.9	5
0	363250	36324.9	8
0	363294	36329.3	30
0	363314	36331.3	4
0	363414	36341.3	61
0	363446	36344.5	8
0	363552	36355.1	5
0	363570	36356.9	16
0	363582	36358.1	8
0	363620	36361.9	1
0	363648	36364.7	19
0	363660	36365.9	5
0	363824	36382.3	28
0	363912	36391.1	50
0	363970	36396.9	31
0	364004	36400.3	25
0	364078	36407.7	23
0	364226	36422.5	2
0	364230	36422.9	3
0	364252	36425.1	8
0	364318	36431.7	21
0	364334	36433.3	5
0	364358	36435.7	2
0	364392	36439.1	17
0	364468	36446.7	38
0	364522	36452.1	3
0	364688	36468.7	13
0	364722	36472.1	12
0	364744	36474.3	10
0	364916	36491.5	56
0	364928	36492.7	10
0	364962	36496.1	6
0	365036	36503.5	5
0	365050	36504.9	5
0	365076	36507.5	2
0	365272	36527.1	2
0	365322	36532.1	11
0	365368	36536.7	1
0	365528	36552.7	33
0	365554	36555.3	1
0	365568	36556.7	5
0	365620	36561.9	7
0	365696	36569.5	10
0	365714	36571.3	10
0	365796	36579.5	30
0	365862	36586.1	20
0	365920	36591.9	38
0	365996	36599.5	8
0	366056	36605.5	1
0	366138	36613.7	1
0	366250	36624.9	17
0	366256	36625.5	4
0	366278	36627.7	12
0	366354	36635.3	8
0	366356	36635.5	1
0	366388	36638.7	29
0	366408	36640.7	3
0	366422	36642.1	3
0	366440	36643.9	11
0	366486	36648.5	5
0	366492	36649.1	5
0	366506	36650.5	10
0	366542	36654.1	26
0	366662	36666.1	19
0	366718	36671.7	7
0	366760	36675.9	20
0	366782	36678.1	17
0	366824	36682.3	8
0	366902	36690.1	13
0	366940	36693.9	19
0	366960	36695.9	2
0	366974	36697.3	5
0	367018	36701.7	12
0	367044	36704.3	1
0	367112	36711.1	13
0	367162	36716.1	5
0	367224	36722.3	6
0	367248	36724.7	11
0	367444	36744.3	19
0	367456	36745.5	10
0	367502	36750.1	15
0	367590	36758.9	3
0	367610	36760.9	8
0	367652	36765.1	36
0	367668	36766.7	13
0	367842	36784.1	22
0	367870	36786.9	4
0	367894	36789.3	2
0	367992	36799.1	48
0	368028	36802.7	2
0	368060	36805.9	18
0	368078	36807.7	15
0	368120	36811.9	27
0	368166	36816.5	13
0	368200	36819.9	28
0	368254	36825.3	18
0	368346	36834.5	5
0	368420	36841.9	10
0	368454	36845.3	5
0	368536	36853.5	2
0	368552	36855.1	6
0	368574	36857.3	11
0	368604	36860.3	3
0	368640	36863.9	11
0	368736	36873.5	17
0	368912	36891.1	1
0	368918	36891.7	2
0	368974	36897.3	11
0	368988	36898.7	10
0	369060	36905.9	3
0	369136	36913.5	18
0	369180	36917.9	31
0	369260	36925.9	2
0	369346	36934.5	1
0	369496	36949.5	9
0	369560	36955.9	41
0	369634	36963.3	14
0	369650	36964.9	5
0	369712	36971.1	29
0	369784	36978.3	21
0	369838	36983.7	7
0	369868	36986.7	28
0	369896	36989.5	11
0	369932	36993.1	7
0	369954	36995.3	18
0	370072	37007.1	19
0	370100	37009.9	23
0	370196	37019.5	4
0	370218	37021.7	4
0	370228	37022.7	4
0	370328	37032.7	17
0	370434	37043.3	15
0	370460	37045.9	2
0	370548	37054.7	5
0	370596	37059.5	46
0	370600	37059.9	2
0	370626	37062.5	10
0	370692	37069.1	5
0	370708	37070.7	11
0	370726	37072.5	9
0	370756	37075.5	15
0	370828	37082.7	2
0	370866	37086.5	19
0	370904	37090.3	37
0	370952	37095.1	2
0	370964	37096.3	3
0	371004	37100.3	13
0	371074	37107.3	2
0	371140	37113.9	10
0	371162	37116.1	7
0	371164	37116.3	1
0	371346	37134.5	7
0	371356	37135.5	5
0	371550	37154.9	35
0	371572	37157.1	13
0	371574	37157.3	1
0	371580	37157.9	3
0	371592	37159.1	2
0	371598	37159.7	5
0	371628	37162.7	17
0	371960	37195.9	1
0	372006	37200.5	27
0	372230	37222.9	8
0	372258	37225.7	15
0	372282	37228.1	12
0	372320	37231.9	36
0	372374	37237.3	21
0	372414	37241.3	19
0	372464	37246.3	2
0	372474	37247.3	6
0	372498	37249.7	6
0	372538	37253.7	21
0	372624	37262.3	4
0	372654	37265.3	3
0	372660	37265.9	2
0	372746	37274.5	4
0	372780	37277.9	2
0	372890	37288.9	9
0	372984	37298.3	7
0	373000	37299.9	15
0	373028	37302.7	23
0	373110	37310.9	42
0	373132	37313.1	2
0	373146	37314.5	2
0	373180	37317.9	21
0	373248	37324.7	19
0	373258	37325.7	3
0	373290	37328.9	1
0	373356	37335.5	57
0	373390	37338.9	12
0	373398	37339.7	6
0	373508	37350.7	43
0	373512	37351.1	3
0	373568	37356.7	19
0	373576	37357.5	5
0	373686	37368.5	14
0	373696	37369.5	2
0	373926	37392.5	11
0	373930	37392.9	2
0	373970	37396.9	5
0	374022	37402.1	3
0	374102	37410.1	3
0	374130	37412.9	18
0	374246	37424.5	4
0	374278	37427.7	10
0	374330	37432.9	5
0	374384	37438.3	21
0	374426	37442.5	11
0	374494	37449.3	18
0	374660	37465.9	12
0	374696	37469.5	5
0	374838	37483.7	1
0	374856	37485.5	11
0	374912	37491.1	7
0	374966	37496.5	37
0	375044	37504.3	19
0	375064	37506.3	2
0	375236	37523.5	2
0	375280	37527.9	16
0	375308	37530.7	20
0	375330	37532.9	5
0	375340	37533.9	3
0	375386	37538.5	3
0	375412	37541.1	17
0	375442	37544.1	28
0	375620	37561.9	2
0	375650	37564.9	14
0	375658	37565.7	2
0	375738	37573.7	44
0	375748	37574.7	7
0	375944	37594.3	13
0	376006	37600.5	4
0	376054	37605.3	36
0	376148	37614.7	2
0	376156	37615.5	3
0	376230	37622.9	20
0	376278	37627.7	8
0	376336	37633.5	24
0	376402	37640.1	2
0	376410	37640.9	5
0	376472	37647.1	5
0	376618	37661.7	25
0	376704	37670.3	14
0	376764	37676.3	52
0	376796	37679.5	15
0	376852	37685.1	6
0	376948	37694.7	23
0	377008	37700.7	9
0	377034	37703.3	3
0	377106	37710.5	11
0	377158	37715.7	8
0	377190	37718.9	3
0	377342	37734.1	24
0	377360	37735.9	15
0	377446	37744.5	19
0	377464	37746.3	12
0	377518	37751.7	8
0	377536	37753.5	17
0	377618	37761.7	20
0	377708	37770.7	7
0	377802	37780.1	1
0	377826	37782.5	23
0	377930	37792.9	56
0	378028	37802.7	1
0	378052	37805.1	9
0	378164	37816.3	7
0	378210	37820.9	15
0	378276	37827.5	1
0	378308	37830.7	20
0	378350	37834.9	10
0	378372	37837.1	3
0	378486	37848.5	9
0	378520	37851.9	25
0	378566	37856.5	4
0	378620	37861.9	23
0	378706	37870.5	7
0	378750	37874.9	9
0	378802	37880.1	19
0	378874	37887.3	3
0	378876	37887.5	1
0	378904	37890.3	19
0	378966	37896.5	21
0	379066	37906.5	51
0	379176	37917.5	7
0	379298	37929.7	30
0	379436	37943.5	19
0	379530	37952.9	16
0	379550	37954.9	6
0	379576	37957.5	7
0	379626	37962.5	22
0	379896	37989.5	9
0	379912	37991.1	3
0	379944	37994.3	5
0	379946	37994.5	1
0	380100	38009.9	11
0	380184	38018.3	11
0	380306	38030.5	25
0	380314	38031.3	6
0	380422	38042.1	20
0	380584	38058.3	14
0	380620	38061.9	2
0	380774	38077.3	6
0	380900	38089.9	15
0	380920	38091.9	5
0	380962	38096.1	21
0	381000	38099.9	25
0	381072	38107.1	29
0	381100	38109.9	12
0	381104	38110.3	2
0	381122	38112.1	7
0	381166	38116.5	7
0	381176	38117.5	7
0	381312	38131.1	21
0	381314	38131.3	1
0	381358	38135.7	7
0	381452	38145.1	9
0	381482	38148.1	28
0	381502	38150.1	18
0	381570	38156.9	19
0	381692	38169.1	19
0	381704	38170.3	8
0	381774	38177.3	37
0	381800	38179.9	11
0	381810	38180.9	8
0	381920	38191.9	42
0	381978	38197.7	27
0	382000	38199.9	13
0	382036	38203.5	13
0	382154	38215.3	10
0	382192	38219.1	27
0	382210	38220.9	9
0	382228	38222.7	16
0	382280	38227.9	13
0	382306	38230.5	7
0	382340	38233.9	13
0	382372	38237.1	1
0	382504	38250.3	20
0	382524	38252.3	2
0	382542	38254.1	13
0	382596	38259.5	37
0	382622	38262.1	24
0	382654	38265.3	3
0	382664	38266.3	3
0	382692	38269.1	11
0	382728	38272.7	11
0	382776	38277.5	3
0	382800	38279.9	4
0	382864	38286.3	6
0	382904	38290.3	1
0	382956	38295.5	39
0	382978	38297.7	11
0	383002	38300.1	15
0	383034	38303.3	19
0	383070	38306.9	2
0	383126	38312.5	2
0	383162	38316.1	25
0	383222	38322.1	6
0	383246	38324.5	2
0	383294	38329.3	13
0	383322	38332.1	11
0	383340	38333.9	15
0	383384	38338.3	38
0	383402	38340.1	12
0	383496	38349.5	21
0	383546	38354.5	35
0	383618	38361.7	25
0	383628	38362.7	4
0	383704	38370.3	29
0	383712	38371.1	5
0	383804	38380.3	4
0	383840	38383.9	12
0	383890	38388.9	36
0	383894	38389.3	3
0	383926	38392.5	8
0	383976	38397.5	2
0	384030	38402.9	27
0	384048	38404.7	1
0	384088	38408.7	2
0	384096	38409.5	2
0	384114	38411.3	7
0	384152	38415.1	14
0	384212	38421.1	3
0	384306	38430.5	8
0	384368	38436.7	24
0	384402	38440.1	11
0	384454	38445.3	15
0	384468	38446.7	7
0	384534	38453.3	17
0	384614	38461.3	5
0	384644	38464.3	25
0	384706	38470.5	13
0	384922	38492.1	4
0	384998	38499.7	2
0	385076	38507.5	2
0	385088	38508.7	7
0	385152	38515.1	6
0	385232	38523.1	9
0	385278	38527.7	9
0	385336	38533.5	19
0	385352	38535.1	5
0	385410	38540.9	32
0	385514	38551.3	77
0	385738	38573.7	11
0	385782	38578.1	2
0	385808	38580.7	7
0	385834	38583.3	14
0	385930	38592.9	14
0	385974	38597.3	4
0	386084	38608.3	19
0	386096	38609.5	1
0	386168	38616.7	5
0	386250	38624.9	23
0	386342	38634.1	2
0	386388	38638.7	37
0	386402	38640.1	2
0	386414	38641.3	11
0	386418	38641.7	2
0	386570	38656.9	4
0	386620	38661.9	26
0	386642	38664.1	13
0	386658	38665.7	9
0	386690	38668.9	10
0	386692	38669.1	1
0	386732	38673.1	7
0	386836	38683.5	27
0	386890	38688.9	19
0	386950	38694.9	23
0	387022	38702.1	10
0	387082	38708.1	4
0	387152	38715.1	23
0	387302	38730.1	10
0	387322	38732.1	17
0	387460	38745.9	9
0	387554	38755.3	21
0	387664	38766.3	8
0	387680	38767.9	2
0	387684	38768.3	2
0	387744	38774.3	5
0	387804	38780.3	30
0	387868	38786.7	18
0	387926	38792.5	38
0	388026	38802.5	3
0	388134	38813.3	6
0	388198	38819.7	56
0	388290	38828.9	36
0	388304	38830.3	5
0	388336	38833.5	20
0	388390	38838.9	4
0	388414	38841.3	19
0	388430	38842.9	6
0	388462	38846.1	3
0	388648	38864.7	2
0	388748	38874.7	5
0	388804	38880.3	46
0	388860	38885.9	21
0	388994	38899.3	9
0	389012	38901.1	1
0	389016	38901.5	3
0	389052	38905.1	17
0	389122	38912.1	5
0	389124	38912.3	1
0	389160	38915.9	3
0	389182	38918.1	10
0	389208	38920.7	5
0	389244	38924.3	26
0	389256	38925.5	10
0	389280	38927.9	4
0	389324	38932.3	15
0	389564	38956.3	7
0	389626	38962.5	37
0	389702	38970.1	31
0	389712	38971.1	3
0	389730	38972.9	14
0	389736	38973.5	3
0	389820	38981.9	26
0	389850	38984.9	5
0	389858	38985.7	3
0	389904	38990.3	25
0	389970	38996.9	19
0	390032	39003.1	3
0	390104	39010.3	7
0	390120	39011.9	1
0	390124	39012.3	2
0	390158	39015.7	6
0	390170	39016.9	5
0	390184	39018.3	3
0	390204	39020.3	16
0	390238	39023.7	18
0	390336	39033.5	9
0	390352	39035.1	1
0	390432	39043.1	5
0	390474	39047.3	34
0	390506	39050.5	10
0	390546	39054.5	3
0	390578	39057.7	25
0	390632	39063.1	27
0	390640	39063.9	5
0	390728	39072.7	67
0	390754	39075.3	1
0	390872	39087.1	48
0	390908	39090.7	14
0	390926	39092.5	16
0	390958	39095.7	1
0	390962	39096.1	2
0	391034	39103.3	13
0	391104	39110.3	17
0	391164	39116.3	10
0	391352	39135.1	4
0	391378	39137.7	25
0	391406	39140.5	18
0	391426	39142.5	7
0	391600	39159.9	3
0	391620	39161.9	6
0	391768	39176.7	23
0	391840	39183.9	7
0	391920	39191.9	12
0	391958	39195.7	27
0	392008	39200.7	11
0	392088	39208.7	4
0	392118	39211.7	2
0	392190	39218.9	13
0	392254	39225.3	33
0	392342	39234.1	12
0	392380	39237.9	1
0	392400	39239.9	13
0	392420	39241.9	3
0	392624	39262.3	5
0	392648	39264.7	4
0	392664	39266.3	2
0	392686	39268.5	14
0	392764	39276.3	16
0	392812	39281.1	33
0	392832	39283.1	3
0	392872	39287.1	7
0	392898	39289.7	15
0	392928	39292.7	16
0	392944	39294.3	7
0	392988	39298.7	2
0	393018	39301.7	5
0	393074	39307.3	39
0	393086	39308.5	7
0	393192	39319.1	19
0	393212	39321.1	1
0	393238	39323.7	5
0	393270	39326.9	7
0	393336	39333.5	3
0	393430	39342.9	4
0	393494	39349.3	27
0	393602	39360.1	3
0	393624	39362.3	15
0	393650	39364.9	9
0	393672	39367.1	12
0	393728	39372.7	29
0	393744	39374.3	5
0	393774	39377.3	8
0	393950	39394.9	11
0	393996	39399.5	9
0	394078	39407.7	5
0	394224	39422.3	3
0	394236	39423.5	9
0	394298	39429.7	46
0	394360	39435.9	5
0	394364	39436.3	3
0	394406	39440.5	6
0	394524	39452.3	11
0	394556	39455.5	17
0	394566	39456.5	5
0	394584	39458.3	7
0	394618	39461.7	3
0	394684	39468.3	2
0	394782	39478.1	4
0	394896	39489.5	2
0	394948	39494.7	22
0	394966	39496.5	8
0	395002	39500.1	18
0	395044	39504.3	3
0	395106	39510.5	18
0	395196	39519.5	3
0	395312	39531.1	2
0	395318	39531.7	5
0	395384	39538.3	12
0	395424	39542.3	12
0	395516	39551.5	11
0	395640	39563.9	17
0	395670	39566.9	10
0	395712	39571.1	13
0	395756	39575.5	10
0	395838	39583.7	15
0	395866	39586.5	9
0	396020	39601.9	37
0	396136	39613.5	9
0	396158	39615.7	7
0	396236	39623.5	37
0	396282	39628.1	11
0	396304	39630.3	14
0	396320	39631.9	6
0	396380	39637.9	4
0	396454	39645.3	13
0	396488	39648.7	31
0	396658	39665.7	57
0	396780	39677.9	7
0	396874	39687.3	15
0	396944	39694.3	31
0	397028	39702.7	15
0	397056	39705.5	1
0	397102	39710.1	5
0	397184	39718.3	4
0	397232	39723.1	45
0	397244	39724.3	2
0	397302	39730.1	2
0	397310	39730.9	5
0	397378	39737.7	7
0	397472	39747.1	27
0	397500	39749.9	5
0	397560	39755.9	24
0	397608	39760.7	6
0	397740	39773.9	3
0	397830	39782.9	3
0	397898	39789.7	25
0	397930	39792.9	11
0	398016	39801.5	17
0	398040	39803.9	22
0	398118	39811.7	3
0	398152	39815.1	8
0	398176	39817.5	4
0	398214	39821.3	21
0	398246	39824.5	9
0	398376	39837.5	17
0	398446	39844.5	6
0	398684	39868.3	22
0	398762	39876.1	26
0	398804	39880.3	5
0	398828	39882.7	5
0	398898	39889.7	1
0	399010	39900.9	24
0	399026	39902.5	4
0	399050	39904.9	3
0	399096	39909.5	22
0	399200	39919.9	13
0	399212	39921.1	11
0	399238	39923.7	24
0	399292	39929.1	34
0	399386	39938.5	12
0	399540	39953.9	13
0	399542	39954.1	1
0	399560	39955.9	17
0	399622	39962.1	13
0	399646	39964.5	5
0	399702	39970.1	25
0	399770	39976.9	4
0	399834	39983.3	25
0	399858	39985.7	22
0	399958	39995.7	17
0	399978	39997.7	4
0	400078	40007.7	8
0	400182	40018.1	8
0	400304	40030.3	4
0	400342	40034.1	20
0	400464	40046.3	5
0	400490	40048.9	25
0	400512	40051.1	8
0	400534	40053.3	7
0	400666	40066.5	7
0	400718	40071.7	17
0	400788	40078.7	27
0	400828	40082.7	7
0	400918	40091.7	28
0	401084	40108.3	2
0	401336	40133.5	5
0	401436	40143.5	9
0	401478	40147.7	19
0	401494	40149.3	7
0	401598	40159.7	5
0	401644	40164.3	3
0	401696	40169.5	3
0	401806	40180.5	5
0	401920	40191.9	13
0	401980	40197.9	5
0	402016	40201.5	24
0	402170	40216.9	4
0	402204	40220.3	15
0	402212	40221.1	6
0	402258	40225.7	26
0	402294	40229.3	16
0	402492	40249.1	9
0	402580	40257.9	6
0	402752	40275.1	11
0	402782	40278.1	1
0	402792	40279.1	4
0	402818	40281.7	19
0	402822	40282.1	2
0	402856	40285.5	16
0	402870	40286.9	4
0	402888	40288.7	6
0	402970	40296.9	37
0	403068	40306.7	95
0	403134	40313.3	62
0	403148	40314.7	8
0	403332	40333.1	4
0	403368	40336.7	9
0	403388	40338.7	3
0	403392	40339.1	2
0	403448	40344.7	1
0	403484	40348.3	3
0	403516	40351.5	7
0	403576	40357.5	9
0	403710	40370.9	10
0	403832	40383.1	5
0	403860	40385.9	22
0	403954	40395.3	11
0	403986	40398.5	6
0	403992	40399.1	1
0	404010	40400.9	5
0	404054	40405.3	8
0	404058	40405.7	2
0	404112	40411.1	11
0	404144	40414.3	26
0	404160	40415.9	14
0	404178	40417.7	9
0	404214	40421.3	13
0	404282	40428.1	25
0	404300	40429.9	11
0	404314	40431.3	13
0	404334	40433.3	6
0	404502	40450.1	15
0	404516	40451.5	13
0	404538	40453.7	11
0	404570	40456.9	4
0	404594	40459.3	10
0	404668	40466.7	57
0	404732	40473.1	19
0	404742	40474.1	6
0	404800	40479.9	15
0	404826	40482.5	11
0	404962	40496.1	4
0	405040	40503.9	15
0	405104	40510.3	43
0	405166	40516.5	11
0	405400	40539.9	27
0	405440	40543.9	34
0	405448	40544.7	1
0	405458	40545.7	6
0	405482	40548.1	9
0	405538	40553.7	35
0	405562	40556.1	3
0	405572	40557.1	6
0	405626	40562.5	3
0	405678	40567.7	3
0	405722	40572.1	6
0	405782	40578.1	4
0	405940	40593.9	2
0	405954	40595.3	11
0	406130	40612.9	17
0	406160	40615.9	21
0	406294	40629.3	6
0	406458	40645.7	17
0	406640	40663.9	9
0	406742	40674.1	4
0	406808	40680.7	1
0	406930	40692.9	6
0	406940	40693.9	5
0	407062	40706.1	85
0	407090	40708.9	14
0	407122	40712.1	19
0	407178	40717.7	9
0	407196	40719.5	5
0	407278	40727.7	26
0	407326	40732.5	28
0	407480	40747.9	2
0	407582	40758.1	5
0	407668	40766.7	9
0	407700	40769.9	12
0	407766	40776.5	4
0	407776	40777.5	4
0	407782	40778.1	4
0	407896	40789.5	3
0	407904	40790.3	7
0	408088	40808.7	15
0	408126	40812.5	31
0	408170	40816.9	1
0	408192	40819.1	2
0	408208	40820.7	9
0	408252	40825.1	9
0	408342	40834.1	3
0	408364	40836.3	1
0	408408	40840.7	9
0	408440	40843.9	28
0	408502	40850.1	31
0	408544	40854.3	27
0	408622	40862.1	2
0	408702	40870.1	33
0	408750	40874.9	29
0	408866	40886.5	18
0	408932	40893.1	37
0	408938	40893.7	2
0	408992	40899.1	21
0	409122	40912.1	21
0	409174	40917.3	3
0	409188	40918.7	1
0	409228	40922.7	33
0	409348	40934.7	7
0	409460	40945.9	74
0	409484	40948.3	11
0	409534	40953.3	11
0	409570	40956.9	2
0	409578	40957.7	7
0	409614	40961.3	26
0	409628	40962.7	5
0	410090	41008.9	50
0	410098	41009.7	6
0	410102	41010.1	3
0	410134	41013.3	13
0	410146	41014.5	5
0	410166	41016.5	19
0	410236	41023.5	40
0	410252	41025.1	4
0	410304	41030.3	38
0	410312	41031.1	4
0	410350	41034.9	34
0	410394	41039.3	27
0	410466	41046.5	1
0	410492	41049.1	4
0	410520	41051.9	14
0	410618	41061.7	1
0	410706	41070.5	3
0	410812	41081.1	30
0	410956	41095.5	15
0	411014	41101.3	27
0	411060	41105.9	5
0	411116	41111.5	2
0	411118	41111.7	1
0	411126	41112.5	3
0	411176	41117.5	25
0	411274	41127.3	3
0	411296	41129.5	8
0	411414	41141.3	21
0	411536	41153.5	7
0	411600	41159.9	2
0	411704	41170.3	6
0	411718	41171.7	1
0	411750	41174.9	13
0	411768	41176.7	3
0	411788	41178.7	3
0	411890	41188.9	9
0	412010	41200.9	13
0	412036	41203.5	11
0	412082	41208.1	16
0	412150	41214.9	7
0	412268	41226.7	14
0	412360	41235.9	31
0	412432	41243.1	2
0	412442	41244.1	9
0	412464	41246.3	3
0	412488	41248.7	10
0	412588	41258.7	3
0	412630	41262.9	7
0	412856	41285.5	7
0	412960	41295.9	7
0	413012	41301.1	26
0	413024	41302.3	8
0	413038	41303.7	3
0	413166	41316.5	12
0	413260	41325.9	37
0	413298	41329.7	9
0	413394	41339.3	2
0	413482	41348.1	1
0	413522	41352.1	15
0	413532	41353.1	3
0	413550	41354.9	3
0	413570	41356.9	13
0	413606	41360.5	3
0	413626	41362.5	7
0	413886	41388.5	5
0	414000	41399.9	22
0	414102	41410.1	9
0	414192	41419.1	4
0	414240	41423.9	18
0	414254	41425.3	5
0	414306	41430.5	15
0	414336	41433.5	1
0	414370	41436.9	15
0	414414	41441.3	20
0	414452	41445.1	5
0	414516	41451.5	8
0	414544	41454.3	18
0	414564	41456.3	16
0	414574	41457.3	7
0	414584	41458.3	4
0	414604	41460.3	5
0	414680	41467.9	15
0	414702	41470.1	13
0	414728	41472.7	2
0	414762	41476.1	11
0	414920	41491.9	31
0	415132	41513.1	37
0	415146	41514.5	10
0	415206	41520.5	53
0	415296	41529.5	15
0	415346	41534.5	17
0	415382	41538.1	32
0	415446	41544.5	7
0	415488	41548.7	1
0	415502	41550.1	2
0	415584	41558.3	11
0	415648	41564.7	25
0	415698	41569.7	12
0	415782	41578.1	1
0	415834	41583.3	35
0	415888	41588.7	2
0	415918	41591.7	10
0	416044	41604.3	43
0	416126	41612.5	35
0	416292	41629.1	28
0	416318	41631.7	8
0	416356	41635.5	1
0	416370	41636.9	9
0	416430	41642.9	13
0	416514	41651.3	7
0	416586	41658.5	10
0	416692	41669.1	38
0	417020	41701.9	1
0	417076	41707.5	1
0	417134	41713.3	5
0	417184	41718.3	33
0	417218	41721.7	2
0	417234	41723.3	3
0	417304	41730.3	5
0	417434	41743.3	11
0	417526	41752.5	13
0	417562	41756.1	25
0	417628	41762.7	9
0	417662	41766.1	2
0	417668	41766.7	4
0	417732	41773.1	2
0	417744	41774.3	4
0	417756	41775.5	7
0	417880	41787.9	28
0	417976	41797.5	17
0	418068	41806.7	13
0	418102	41810.1	26
0	418244	41824.3	1
0	418322	41832.1	28
0	418678	41867.7	12
0	418806	41880.5	6
0	418848	41884.7	14
0	418862	41886.1	2
0	418888	41888.7	12
0	418938	41893.7	6
0	418964	41896.3	4
0	419060	41905.9	8
0	419094	41909.3	31
0	419142	41914.1	10
0	419174	41917.3	9
0	419294	41929.3	2
0	419392	41939.1	6
0	419414	41941.3	2
0	419436	41943.5	1
0	419548	41954.7	59
0	419582	41958.1	8
0	419608	41960.7	11
0	419674	41967.3	3
0	419692	41969.1	14
0	419828	41982.7	21
0	419940	41993.9	63
0	419990	41998.9	17
0	420014	42001.3	6
0	420066	42006.5	7
0	420140	42013.9	19
0	420232	42023.1	26
0	420348	42034.7	17
0	420354	42035.3	3
0	420366	42036.5	8
0	420456	42045.5	61
0	420480	42047.9	1
0	420514	42051.3	5
0	420554	42055.3	9
0	420564	42056.3	7
0	420594	42059.3	1
0	420616	42061.5	21
0	420618	42061.7	1
0	420800	42079.9	3
0	420914	42091.3	5
0	420938	42093.7	8
0	420970	42096.9	13
0	421102	42110.1	11
0	421172	42117.1	13
0	421220	42121.9	4
0	421266	42126.5	9
0	421334	42133.3	2
0	421456	42145.5	34
0	421490	42148.9	13
0	421568	42156.7	2
0	421620	42161.9	18
0	421706	42170.5	37
0	421912	42191.1	15
0	421940	42193.9	9
0	422106	42210.5	53
0	422168	42216.7	52
0	422170	42216.9	1
0	422188	42218.7	9
0	422212	42221.1	6
0	422226	42222.5	1
0	422324	42232.3	61
0	422342	42234.1	16
0	422460	42245.9	29
0	422472	42247.1	11
0	422508	42250.7	6
0	422530	42252.9	3
0	422556	42255.5	2
0	422632	42263.1	64
0	422660	42265.9	1
0	422682	42268.1	9
0	422708	42270.7	8
0	422730	42272.9	5
0	422874	42287.3	27
0	422930	42292.9	34
0	423078	42307.7	13
0	423132	42313.1	11
0	423192	42319.1	15
0	423204	42320.3	5
0	423278	42327.7	48
0	423286	42328.5	6
0	423392	42339.1	47
0	423442	42344.1	12
0	423480	42347.9	27
0	423510	42350.9	15
0	423590	42358.9	21
0	423644	42364.3	6
0	423664	42366.3	5
0	423732	42373.1	44
0	423746	42374.5	4
0	423864	42386.3	1
0	423876	42387.5	5
0	423924	42392.3	1
0	423968	42396.7	7
0	423972	42397.1	2
0	424036	42403.5	7
0	424082	42408.1	6
0	424278	42427.7	19
0	424290	42428.9	3
0	424346	42434.5	13
0	424390	42438.9	26
0	424458	42445.7	13
0	424522	42452.1	19
0	424550	42454.9	5
0	424572	42457.1	14
0	424774	42477.3	13
0	424848	42484.7	3
0	424868	42486.7	1
0	424946	42494.5	5
0	425010	42500.9	10
0	425046	42504.5	13
0	425064	42506.3	1
0	425164	42516.3	10
0	425212	42521.1	27
0	425260	42525.9	27
0	425314	42531.3	34
0	425322	42532.1	6
0	425350	42534.9	26
0	425462	42546.1	8
0	425484	42548.3	6
0	425500	42549.9	11
0	425576	42557.5	13
0	425598	42559.7	11
0	425728	42572.7	5
0	425778	42577.7	7
0	425810	42580.9	5
0	425844	42584.3	7
0	425878	42587.7	21
0	425892	42589.1	7
0	425928	42592.7	19
0	425942	42594.1	12
0	425956	42595.5	2
0	425974	42597.3	4
0	426002	42600.1	19
0	426062	42606.1	2
0	426090	42608.9	5
0	426128	42612.7	7
0	426160	42615.9	5
0	426176	42617.5	5
0	426218	42621.7	1
0	426328	42632.7	21
0	426372	42637.1	9
0	426408	42640.7	25
0	426450	42644.9	3
0	426488	42648.7	1
0	426574	42657.3	39
0	426594	42659.3	13
0	426720	42671.9	5
0	426778	42677.7	33
0	426850	42684.9	11
0	426860	42685.9	3
0	427004	42700.3	3
0	427058	42705.7	2
0	427094	42709.3	5
0	427112	42711.1	2
0	427128	42712.7	1
0	427186	42718.5	1
0	427232	42723.1	17
0	427256	42725.5	1
0	427328	42732.7	11
0	427454	42745.3	19
0	427520	42751.9	28
0	427650	42764.9	7
0	427694	42769.3	3
0	427730	42772.9	13
0	427774	42777.3	19
0	427832	42783.1	7
0	427848	42784.7	3
0	427856	42785.5	3
0	427884	42788.3	6
0	427928	42792.7	2
0	427968	42796.7	34
0	428010	42800.9	19
0	428046	42804.5	7
0	428108	42810.7	2
0	428130	42812.9	4
0	428146	42814.5	14
0	428254	42825.3	3
0	428332	42833.1	15
0	428472	42847.1	7
0	428566	42856.5	13
0	428660	42865.9	22
0	428746	42874.5	12
0	428900	42889.9	6
0	428924	42892.3	3
0	428954	42895.3	15
0	429044	42904.3	23
0	429104	42910.3	13
0	429120	42911.9	2
0	429204	42920.3	4
0	429258	42925.7	9
0	429284	42928.3	1
0	429304	42930.3	13
0	429372	42937.1	46
0	429430	42942.9	3
0	429448	42944.7	7
0	429470	42946.9	3
0	429576	42957.5	13
0	429600	42959.9	18
0	429608	42960.7	7
0	429612	42961.1	2
0	429654	42965.3	4
0	429684	42968.3	6
0	429706	42970.5	10
0	429734	42973.3	3
0	429822	42982.1	11
0	430066	43006.5	14
0	430118	43011.7	51
0	430150	43014.9	1
0	430162	43016.1	1
0	430256	43025.5	3
0	430314	43031.3	18
0	430354	43035.3	13
0	430380	43037.9	11
0	430462	43046.1	2
0	430546	43054.5	21
0	430560	43055.9	10
0	430598	43059.7	25
0	430608	43060.7	9
0	430680	43067.9	9
0	430754	43075.3	30
0	430772	43077.1	1
0	430780	43077.9	7
0	430820	43081.9	4
0	430924	43092.3	14
0	430988	43098.7	7
0	431034	43103.3	9
0	431086	43108.5	33
0	431206	43120.5	3
0	431244	43124.3	7
0	431312	43131.1	4
0	431352	43135.1	7
0	431404	43140.3	34
0	431718	43171.7	15
0	431730	43172.9	2
0	431780	43177.9	15
0	431826	43182.5	6
0	431902	43190.1	13
0	431914	43191.3	11
0	431954	43195.3	3
0	432090	43208.9	2
0	432116	43211.5	6
0	432164	43216.3	11
0	432182	43218.1	15
0	432334	43233.3	1
0	432378	43237.7	4
0	432408	43240.7	19
0	432454	43245.3	7
0	432482	43248.1	6
0	432566	43256.5	3
0	432578	43257.7	5
0	432598	43259.7	10
0	432608	43260.7	6
0	432672	43267.1	4
0	432772	43277.1	26
0	432838	43283.7	1
0	432888	43288.7	1
0	432896	43289.5	7
0	432932	43293.1	13
0	432992	43299.1	9
0	433052	43305.1	24
0	433100	43309.9	2
0	433110	43310.9	7
0	433182	43318.1	12
0	433498	43349.7	3
0	433532	43353.1	2
0	433616	43361.5	9
0	433672	43367.1	5
0	433706	43370.5	27
0	433730	43372.9	2
0	433870	43386.9	2
0	433910	43390.9	1
0	433956	43395.5	4
0	433990	43398.9	3
0	433998	43399.7	4
0	434014	43401.3	5
0	434030	43402.9	4
0	434074	43407.3	9
0	434138	43413.7	28
0	434158	43415.7	3
0	434200	43419.9	3
0	434332	43433.1	39
0	434352	43435.1	1
0	434378	43437.7	11
0	434462	43446.1	2
0	434498	43449.7	1
0	434550	43454.9	39
0	434576	43457.5	7
0	434606	43460.5	19
0	434642	43464.1	35
0	434656	43465.5	4
0	434684	43468.3	5
0	434688	43468.7	3
0	434718	43471.7	13
0	434752	43475.1	5
0	434862	43486.1	40
0	434892	43489.1	20
0	434926	43492.5	17
0	434952	43495.1	20
0	434986	43498.5	3
0	435004	43500.3	2
0	435196	43519.5	29
0	435216	43521.5	6
0	435298	43529.7	4
0	435302	43530.1	2
0	435414	43541.3	17
0	435502	43550.1	1
0	435594	43559.3	2
0	435622	43562.1	5
0	435678	43567.7	13
0	435748	43574.7	21
0	435764	43576.3	4
0	435926	43592.5	4
0	435980	43597.9	10
0	436002	43600.1	13
0	436010	43600.9	5
0	436060	43605.9	17
0	436136	43613.5	2
0	436242	43624.1	61
0	436354	43635.3	57
0	436486	43648.5	2
0	436498	43649.7	3
0	436568	43656.7	7
0	436602	43660.1	3
0	436648	43664.7	5
0	436672	43667.1	9
0	436782	43678.1	9
0	436840	43683.9	3
0	436844	43684.3	3
0	436968	43696.7	36
0	437086	43708.5	10
0	437128	43712.7	15
0	437194	43719.3	8
0	437210	43720.9	14
0	437216	43721.5	3
0	437282	43728.1	26
0	437346	43734.5	5
0	437398	43739.7	17
0	437524	43752.3	9
0	437618	43761.7	1
0	437668	43766.7	9
0	437696	43769.5	4
0	437738	43773.7	3
0	437778	43777.7	9
0	437812	43781.1	11
0	437832	43783.1	9
0	437836	43783.5	3
0	437952	43795.1	9
0	438018	43801.7	28
0	438112	43811.1	22
0	438180	43817.9	21
0	438248	43824.7	24
0	438274	43827.3	1
0	438294	43829.3	19
0	438352	43835.1	14
0	438452	43845.1	2
0	438498	43849.7	32
0	438536	43853.5	21
0	438598	43859.7	2
0	438622	43862.1	9
0	438658	43865.7	29
0	438688	43868.7	1
0	438696	43869.5	6
0	438722	43872.1	1
0	438766	43876.5	41
0	438790	43878.9	1
0	438838	43883.7	1
0	438896	43889.5	12
0	438978	43897.7	15
0	439008	43900.7	7
0	439026	43902.5	17
0	439040	43903.9	13
0	439054	43905.3	2
0	439078	43907.7	7
0	439228	43922.7	35
0	439234	43923.3	5
0	439314	43931.3	2
0	439346	43934.5	3
0	439442	43944.1	12
0	439476	43947.5	1
0	439512	43951.1	9
0	439570	43956.9	1
0	439632	43963.1	7
0	439734	43973.3	6
0	439818	43981.7	83
0	439868	43986.7	3
0	440060	44005.9	3
0	440078	44007.7	14
0	440116	44011.5	1
0	440210	44020.9	4
0	440222	44022.1	3
0	440322	44032.1	1
0	440360	44035.9	17
0	440426	44042.5	3
0	440462	44046.1	10
0	440502	44050.1	23
0	440518	44051.7	3
0	440696	44069.5	21
0	440734	44073.3	21
0	440834	44083.3	13
0	440846	44084.5	10
0	440886	44088.5	15
0	440918	44091.7	23
0	440956	44095.5	25
0	440982	44098.1	6
0	440986	44098.5	2
0	441010	44100.9	6
0	441046	44104.5	11
0	441112	44111.1	2
0	441240	44123.9	2
0	441258	44125.7	4
0	441300	44129.9	2
0	441304	44130.3	2
0	441388	44138.7	19
0	441402	44140.1	11
0	441450	44144.9	15
0	441488	44148.7	7
0	441692	44169.1	30
0	441712	44171.1	4
0	441724	44172.3	6
0	441774	44177.3	1
0	441796	44179.5	10
0	441808	44180.7	1
0	441950	44194.9	17
0	441972	44197.1	6
0	442032	44203.1	12
0	442066	44206.5	33
0	442094	44209.3	1
0	442128	44212.7	31
0	442184	44218.3	21
0	442322	44232.1	8
0	442398	44239.7	4
0	442432	44243.1	17
0	442504	44250.3	2
0	442538	44253.7	4
0	442626	44262.5	6
0	442770	44276.9	7
0	442838	44283.7	33
0	442842	44284.1	2
0	442898	44289.7	6
0	442930	44292.9	4
0	442932	44293.1	1
0	442952	44295.1	10
0	442956	44295.5	2
0	442972	44297.1	4
0	443080	44307.9	21
0	443110	44310.9	4
0	443164	44316.3	17
0	443172	44317.1	3
0	443274	44327.3	19
0	443328	44332.7	18
0	443350	44334.9	5
0	443370	44336.9	19
0	443470	44346.9	27
0	443492	44349.1	15
0	443518	44351.7	5
0	443538	44353.7	9
0	443622	44362.1	3
0	443636	44363.5	9
0	443680	44367.9	40
0	443764	44376.3	3
0	443782	44378.1	5
0	443800	44379.9	14
0	443892	44389.1	4
0	443956	44395.5	11
0	444098	44409.7	35
0	444122	44412.1	17
0	444202	44420.1	3
0	444218	44421.7	15
0	444262	44426.1	32
0	444356	44435.5	9
0	444382	44438.1	1
0	444420	44441.9	2
0	444482	44448.1	2
0	444532	44453.1	5
0	444584	44458.3	2
0	444630	44462.9	29
0	444716	44471.5	20
0	444856	44485.5	12
0	444884	44488.3	9
0	444932	44493.1	44
0	444952	44495.1	11
0	445010	44500.9	6
0	445026	44502.5	10
0	445070	44506.9	7
0	445130	44512.9	16
0	445164	44516.3	13
0	445256	44525.5	30
0	445440	44543.9	1
0	445510	44550.9	13
0	445566	44556.5	2
0	445606	44560.5	9
0	445610	44560.9	2
0	445634	44563.3	11
0	445720	44571.9	2
0	445752	44575.1	1
0	445784	44578.3	12
0	445844	44584.3	9
0	445884	44588.3	3
0	445940	44593.9	11
0	445994	44599.3	15
0	446046	44604.5	13
0	446110	44610.9	25
0	446138	44613.7	15
0	446230	44622.9	25
0	446242	44624.1	7
0	446276	44627.5	15
0	446358	44635.7	13
0	446434	44643.3	2
0	446454	44645.3	9
0	446482	44648.1	2
0	446552	44655.1	37
0	446584	44658.3	9
0	446644	44664.3	20
0	446680	44667.9	2
0	446832	44683.1	5
0	446896	44689.5	19
0	446958	44695.7	19
0	447020	44701.9	1
0	447050	44704.9	24
0	447118	44711.7	3
0	447156	44715.5	9
0	447188	44718.7	5
0	447214	44721.3	10
0	447228	44722.7	2
0	447298	44729.7	55
0	447328	44732.7	7
0	447436	44743.5	11
0	447458	44745.7	7
0	447526	44752.5	6
0	447544	44754.3	3
0	447616	44761.5	2
0	447738	44773.7	9
0	447816	44781.5	71
0	447824	44782.3	7
0	447930	44792.9	4
0	447950	44794.9	13
0	448102	44810.1	6
0	448114	44811.3	2
0	448304	44830.3	47
0	448344	44834.3	22
0	448494	44849.3	9
0	448498	44849.7	3
0	448532	44853.1	29
0	448608	44860.7	22
0	448680	44867.9	17
0	448702	44870.1	12
0	448802	44880.1	43
0	449018	44901.7	93
0	449032	44903.1	1
0	449070	44906.9	22
0	449162	44916.1	7
0	449168	44916.7	5
0	449246	44924.5	7
0	449254	44925.3	4
0	449310	44930.9	40
0	449408	44940.7	4
0	449436	44943.5	5
0	449476	44947.5	2
0	449490	44948.9	5
0	449498	44949.7	5
0	449526	44952.5	1
0	449542	44954.1	8
0	449554	44955.3	4
0	449620	44961.9	10
0	449644	44964.3	3
0	449676	44967.5	8
0	449736	44973.5	13
0	449760	44975.9	22
0	449780	44977.9	10
0	449794	44979.3	7
0	449908	44990.7	2
0	449964	44996.3	3
0	450132	45013.1	13
0	450154	45015.3	8
0	450194	45019.3	9
0	450336	45033.5	21
0	450512	45051.1	17
0	450546	45054.5	8
0	450676	45067.5	15
0	450722	45072.1	1
0	450754	45075.3	18
0	450774	45077.3	7
0	450794	45079.3	16
0	450956	45095.5	4
0	450970	45096.9	10
0	451052	45105.1	21
0	451090	45108.9	32
0	451168	45116.7	40
0	451214	45121.3	39
0	451320	45131.9	20
0	451448	45144.7	10
0	451464	45146.3	3
0	451640	45163.9	18
0	451668	45166.7	23
0	451796	45179.5	20
0	451812	45181.1	14
0	451892	45189.1	3
0	451966	45196.5	38
0	451982	45198.1	5
0	452030	45202.9	10
0	452126	45212.5	29
0	452158	45215.7	3
0	452190	45218.9	7
0	452220	45221.9	15
0	452248	45224.7	11
0	452390	45238.9	1
0	452526	45252.5	29
0	452546	45254.5	17
0	452624	45262.3	1
0	452684	45268.3	4
0	452810	45280.9	20
0	452838	45283.7	10
0	453010	45300.9	13
0	453036	45303.5	17
0	453228	45322.7	33
0	453386	45338.5	8
0	453420	45341.9	3
0	453438	45343.7	4
0	453476	45347.5	29
0	453524	45352.3	15
0	453562	45356.1	1
0	453576	45357.5	11
0	453632	45363.1	6
0	453676	45367.5	4
0	453686	45368.5	8
0	453746	45374.5	24
0	453804	45380.3	11
0	453880	45387.9	27
0	453956	45395.5	6
0	454012	45401.1	7
0	454046	45404.5	1
0	454160	45415.9	8
0	454168	45416.7	4
0	454212	45421.1	18
0	454248	45424.7	31
0	454252	45425.1	3
0	454342	45434.1	3
0	454404	45440.3	14
0	454432	45443.1	8
0	454474	45447.3	27
0	454486	45448.5	10
1	74	7.3	45
1	180	17.9	1
1	278	27.7	26
1	290	28.9	8
1	418	41.7	24
1	440	43.9	4
1	538	53.7	34
1	600	59.9	35
1	758	75.7	33
1	772	77.1	9
1	786	78.5	5
1	932	93.1	8
1	962	96.1	12
1	964	96.3	1
1	996	99.5	13
1	1090	108.9	19
1	1234	123.3	129
1	1280	127.9	45
1	1316	131.5	7
1	1330	132.9	6
1	1416	141.5	25
1	1650	164.9	15
1	1782	178.1	5
1	1832	183.1	32
1	1980	197.9	1
1	1998	199.7	15
1	2108	210.7	2
1	2140	213.9	2
1	2280	227.9	7
1	2352	235.1	6
1	2478	247.7	41
1	2554	255.3	3
1	2602	260.1	3
1	2612	261.1	6
1	2684	268.3	22
1	2718	271.7	4
1	2810	280.9	23
1	2850	284.9	15
1	2908	290.7	4
1	2984	298.3	46
1	3004	300.3	15
1	3014	301.3	5
1	3142	314.1	27
1	3200	319.9	8
1	3246	324.5	6
1	3434	343.3	12
1	3478	347.7	14
1	3664	366.3	22
1	3672	367.1	7
1	3724	372.3	35
1	3772	377.1	12
1	3884	388.3	17
1	3956	395.5	3
1	4012	401.1	19
1	4102	410.1	14
1	4128	412.7	10
1	4194	419.3	15
1	4314	431.3	7
1	4386	438.5	11
1	4394	439.3	4
1	4460	445.9	60
1	4510	450.9	1
1	4528	452.7	11
1	4538	453.7	5
1	4580	457.9	29
1	4608	460.7	11
1	4670	466.9	51
1	4698	469.7	4
1	4760	475.9	7
1	4916	491.5	9
1	4956	495.5	25
1	5016	501.5	39
1	5030	502.9	7
1	5072	507.1	23
1	5088	508.7	3
1	5138	513.7	11
1	5144	514.3	2
1	5162	516.1	4
1	5218	521.7	3
1	5246	524.5	8
1	5332	533.1	17
1	5402	540.1	7
1	5422	542.1	10
1	5436	543.5	12
1	5470	546.9	21
1	5590	558.9	9
1	5602	560.1	8
1	5664	566.3	23
1	5678	567.7	3
1	5858	585.7	21
1	5910	590.9	50
1	5980	597.9	8
1	6012	601.1	11
1	6032	603.1	1
1	6066	606.5	15
1	6200	619.9	25
1	6340	633.9	21
1	6348	634.7	6
1	6354	635.3	5
1	6444	644.3	15
1	6456	645.5	3
1	6606	660.5	11
1	6630	662.9	2
1	6668	666.7	15
1	6716	671.5	9
1	6744	674.3	17
1	6780	677.9	1
1	6794	679.3	9
1	7004	700.3	33
1	7066	706.5	32
1	7148	714.7	6
1	7180	717.9	14
1	7254	725.3	20
1	7324	732.3	2
1	7338	733.7	10
1	7416	741.5	5
1	7500	749.9	1
1	7528	752.7	10
1	7580	757.9	12
1	7652	765.1	14
1	7838	783.7	8
1	7850	784.9	2
1	7882	788.1	27
1	7970	796.9	8
1	7996	799.5	3
1	8196	819.5	25
1	8304	830.3	39
1	8378	837.7	44
1	8460	845.9	47
1	8500	849.9	13
1	8542	854.1	15
1	8626	862.5	15
1	8662	866.1	11
1	8686	868.5	6
1	8760	875.9	14
1	8876	887.5	29
1	8954	895.3	39
1	9002	900.1	8
1	9178	917.7	2
1	9188	918.7	6
1	9236	923.5	3
1	9238	923.7	1
1	9486	948.5	7
1	9530	952.9	2
1	9588	958.7	3
1	9604	960.3	5
1	9674	967.3	47
1	9708	970.7	3
1	9754	975.3	12
1	9820	981.9	2
1	9878	987.7	12
1	9894	989.3	9
1	10090	1008.9	12
1	10102	1010.1	5
1	10118	1011.7	11
1	10126	1012.5	5
1	10178	1017.7	20
1	10236	1023.5	37
1	10328	1032.7	20
1	10404	1040.3	37
1	10416	1041.5	11
1	10582	1058.1	3
1	10650	1064.9	8
1	10714	1071.3	5
1	10768	1076.7	11
1	10954	1095.3	13
1	10966	1096.5	3
1	11092	1109.1	11
1	11114	1111.3	1
1	11152	1115.1	27
1	11216	1121.5	5
1	11232	1123.1	7
1	11294	1129.3	15
1	11340	1133.9	13
1	11440	1143.9	10
1	11442	1144.1	1
1	11490	1148.9	21
1	11516	1151.5	19
1	11528	1152.7	4
1	11624	1162.3	3
1	11664	1166.3	13
1	11692	1169.1	13
1	11708	1170.7	5
1	11732	1173.1	15
1	11748	1174.7	9
1	11786	1178.5	17
1	11892	1189.1	44
1	11976	1197.5	37
1	12062	1206.1	9
1	12122	1212.1	23
1	12164	1216.3	12
1	12266	1226.5	10
1	12312	1231.1	2
1	12406	1240.5	7
1	12414	1241.3	2
1	12458	1245.7	20
1	12490	1248.9	11
1	12562	1256.1	21
1	12582	1258.1	1
1	12636	1263.5	24
1	12732	1273.1	10
1	12812	1281.1	25
1	12856	1285.5	39
1	13034	1303.3	30
1	13118	1311.7	9
1	13166	1316.5	21
1	13190	1318.9	7
1	13224	1322.3	3
1	13298	1329.7	21
1	13420	1341.9	58
1	13446	1344.5	13
1	13550	1354.9	23
1	13634	1363.3	26
1	13692	1369.1	21
1	13782	1378.1	52
1	13856	1385.5	14
1	13926	1392.5	9
1	13962	1396.1	5
1	14044	1404.3	11
1	14108	1410.7	7
1	14140	1413.9	4
1	14214	1421.3	23
1	14258	1425.7	9
1	14292	1429.1	26
1	14372	1437.1	4
1	14402	1440.1	12
1	14420	1441.9	1
1	14514	1451.3	13
1	14524	1452.3	8
1	14636	1463.5	2
1	14640	1463.9	3
1	14662	1466.1	9
1	14670	1466.9	2
1	14834	1483.3	16
1	14916	1491.5	2
1	14938	1493.7	21
1	14996	1499.5	56
1	15032	1503.1	16
1	15110	1510.9	18
1	15208	1520.7	1
1	15300	1529.9	2
1	15358	1535.7	2
1	15420	1541.9	2
1	15554	1555.3	14
1	15644	1564.3	6
1	15680	1567.9	19
1	15702	1570.1	15
1	15708	1570.7	4
1	15772	1577.1	4
1	15920	1591.9	2
1	15950	1594.9	23
1	15968	1596.7	5
1	15984	1598.3	1
1	16114	1611.3	7
1	16204	1620.3	12
1	16268	1626.7	2
1	16324	1632.3	2
1	16340	1633.9	11
1	16350	1634.9	1
1	16376	1637.5	7
1	16396	1639.5	7
1	16458	1645.7	1
1	16480	1647.9	1
1	16492	1649.1	5
1	16538	1653.7	20
1	16548	1654.7	2
1	16646	1664.5	19
1	16694	1669.3	12
1	16778	1677.7	1
1	16790	1678.9	7
1	16818	1681.7	13
1	16894	1689.3	25
1	16964	1696.3	13
1	17038	1703.7	15
1	17194	1719.3	3
1	17246	1724.5	4
1	17278	1727.7	5
1	17282	1728.1	2
1	17290	1728.9	7
1	17292	1729.1	1
1	17348	1734.7	17
1	17376	1737.5	25
1	17412	1741.1	2
1	17420	1741.9	3
1	17454	1745.3	19
1	17564	1756.3	3
1	17578	1757.7	9
1	17586	1758.5	6
1	17684	1768.3	3
1	17700	1769.9	3
1	17734	1773.3	9
1	17826	1782.5	8
1	17930	1792.9	2
1	17960	1795.9	28
1	17996	1799.5	3
1	18022	1802.1	22
1	18058	1805.7	15
1	18068	1806.7	4
1	18078	1807.7	9
1	18088	1808.7	9
1	18236	1823.5	11
1	18238	1823.7	1
1	18244	1824.3	4
1	18322	1832.1	8
1	18372	1837.1	15
1	18434	1843.3	21
1	18498	1849.7	3
1	18514	1851.3	8
1	18584	1858.3	23
1	18654	1865.3	49
1	18736	1873.5	2
1	18824	1882.3	7
1	18922	1892.1	3
1	19024	1902.3	1
1	19050	1904.9	9
1	19070	1906.9	9
1	19140	1913.9	23
1	19246	1924.5	29
1	19278	1927.7	21
1	19302	1930.1	13
1	19400	1939.9	26
1	19478	1947.7	20
1	19522	1952.1	1
1	19576	1957.5	5
1	19714	1971.3	2
1	19744	1974.3	20
1	19784	1978.3	8
1	19808	1980.7	10
1	19956	1995.5	51
1	20042	2004.1	18
1	20104	2010.3	13
1	20140	2013.9	4
1	20256	2025.5	1
1	20334	2033.3	19
1	20366	2036.5	2
1	20392	2039.1	11
1	20404	2040.3	1
1	20420	2041.9	8
1	20476	2047.5	35
1	20594	2059.3	68
1	20658	2065.7	16
1	20668	2066.7	8
1	20680	2067.9	5
1	20786	2078.5	27
1	20828	2082.7	25
1	20838	2083.7	8
1	20886	2088.5	18
1	20994	2099.3	3
1	21046	2104.5	16
1	21050	2104.9	1
1	21100	2109.9	45
1	21166	2116.5	23
1	21348	2134.7	20
1	21368	2136.7	5
1	21412	2141.1	2
1	21462	2146.1	9
1	21584	2158.3	37
1	21602	2160.1	3
1	21734	2173.3	9
1	21944	2194.3	22
1	21948	2194.7	3
1	21986	2198.5	33
1	21998	2199.7	5
1	22084	2208.3	25
1	22106	2210.5	7
1	22114	2211.3	2
1	22158	2215.7	2
1	22286	2228.5	16
1	22342	2234.1	15
1	22368	2236.7	8
1	22506	2250.5	15
1	22574	2257.3	6
1	22602	2260.1	5
1	22616	2261.5	7
1	22670	2266.9	23
1	22946	2294.5	7
1	22968	2296.7	7
1	23006	2300.5	12
1	23056	2305.5	46
1	23104	2310.3	4
1	23176	2317.5	17
1	23194	2319.3	5
1	23206	2320.5	8
1	23270	2326.9	20
1	23330	2332.9	5
1	23344	2334.3	5
1	23438	2343.7	1
1	23532	2353.1	13
1	23564	2356.3	2
1	23588	2358.7	8
1	23692	2369.1	13
1	23696	2369.5	2
1	23748	2374.7	16
1	23758	2375.7	8
1	23782	2378.1	14
1	23814	2381.3	24
1	23880	2387.9	11
1	23892	2389.1	6
1	23940	2393.9	10
1	23976	2397.5	1
1	24086	2408.5	19
1	24118	2411.7	13
1	24182	2418.1	7
1	24234	2423.3	2
1	24258	2425.7	15
1	24276	2427.5	5
1	24306	2430.5	3
1	24368	2436.7	23
1	24592	2459.1	16
1	24636	2463.5	12
1	24826	2482.5	2
1	24852	2485.1	11
1	24922	2492.1	15
1	25070	2506.9	3
1	25074	2507.3	2
1	25114	2511.3	19
1	25168	2516.7	14
1	25182	2518.1	3
1	25218	2521.7	23
1	25312	2531.1	3
1	25358	2535.7	41
1	25362	2536.1	2
1	25390	2538.9	10
1	25412	2541.1	5
1	25474	2547.3	32
1	25656	2565.5	42
1	25682	2568.1	6
1	25706	2570.5	7
1	25750	2574.9	11
1	25754	2575.3	2
1	25764	2576.3	5
1	25818	2581.7	4
1	25890	2588.9	5
1	25924	2592.3	3
1	25956	2595.5	17
1	26004	2600.3	13
1	26162	2616.1	4
1	26224	2622.3	4
1	26228	2622.7	3
1	26252	2625.1	10
1	26316	2631.5	6
1	26332	2633.1	10
1	26350	2634.9	11
1	26390	2638.9	36
1	26462	2646.1	1
1	26558	2655.7	1
1	26642	2664.1	12
1	26682	2668.1	38
1	26730	2672.9	9
1	26752	2675.1	18
1	26900	2689.9	1
1	26962	2696.1	51
1	27062	2706.1	5
1	27224	2722.3	43
1	27240	2723.9	9
1	27264	2726.3	3
1	27306	2730.5	13
1	27392	2739.1	1
1	27540	2753.9	6
1	27750	2774.9	4
1	27764	2776.3	6
1	27826	2782.5	7
1	27984	2798.3	10
1	28082	2808.1	47
1	28102	2810.1	9
1	28128	2812.7	9
1	28218	2821.7	21
1	28232	2823.1	7
1	28244	2824.3	2
1	28304	2830.3	5
1	28334	2833.3	9
1	28392	2839.1	10
1	28432	2843.1	25
1	28480	2847.9	37
1	28634	2863.3	2
1	28692	2869.1	25
1	28716	2871.5	2
1	28742	2874.1	21
1	28852	2885.1	7
1	28870	2886.9	11
1	28968	2896.7	17
1	29006	2900.5	11
1	29072	2907.1	20
1	29090	2908.9	4
1	29206	2920.5	23
1	29262	2926.1	14
1	29322	2932.1	1
1	29392	2939.1	16
1	29396	2939.5	2
1	29446	2944.5	29
1	29576	2957.5	6
1	29594	2959.3	1
1	29768	2976.7	32
1	29912	2991.1	14
1	29938	2993.7	5
1	29950	2994.9	3
1	30008	3000.7	2
1	30176	3017.5	21
1	30212	3021.1	2
1	30260	3025.9	2
1	30354	3035.3	9
1	30474	3047.3	21
1	30512	3051.1	13
1	30734	3073.3	19
1	30738	3073.7	3
1	30782	3078.1	31
1	30852	3085.1	18
1	30924	3092.3	14
1	30938	3093.7	2
1	30956	3095.5	10
1	31064	3106.3	76
1	31088	3108.7	9
1	31140	3113.9	4
1	31168	3116.7	1
1	31192	3119.1	20
1	31402	3140.1	37
1	31442	3144.1	3
1	31498	3149.7	10
1	31518	3151.7	19
1	31584	3158.3	7
1	31630	3162.9	28
1	31736	3173.5	87
1	31756	3175.5	19
1	31766	3176.5	8
1	31804	3180.3	23
1	31872	3187.1	11
1	31984	3198.3	8
1	32048	3204.7	2
1	32052	3205.1	1
1	32104	3210.3	29
1	32112	3211.1	3
1	32206	3220.5	53
1	32272	3227.1	3
1	32318	3231.7	9
1	32336	3233.5	2
1	32374	3237.3	30
1	32386	3238.5	6
1	32436	3243.5	4
1	32466	3246.5	11
1	32546	3254.5	23
1	32558	3255.7	4
1	32570	3256.9	10
1	32608	3260.7	5
1	32622	3262.1	8
1	32634	3263.3	6
1	32680	3267.9	8
1	32736	3273.5	5
1	32768	3276.7	16
1	32794	3279.3	11
1	32828	3282.7	1
1	32866	3286.5	23
1	32888	3288.7	20
1	32954	3295.3	7
1	32988	3298.7	24
1	32992	3299.1	2
1	33002	3300.1	9
1	33120	3311.9	2
1	33208	3320.7	7
1	33324	3332.3	11
1	33334	3333.3	6
1	33434	3343.3	8
1	33504	3350.3	3
1	33562	3356.1	11
1	33586	3358.5	11
1	33678	3367.7	3
1	33748	3374.7	23
1	33814	3381.3	57
1	33948	3394.7	17
1	34038	3403.7	9
1	34040	3403.9	1
1	34066	3406.5	5
1	34130	3412.9	9
1	34140	3413.9	8
1	34214	3421.3	10
1	34330	3432.9	50
1	34398	3439.7	13
1	34428	3442.7	14
1	34502	3450.1	7
1	34570	3456.9	7
1	34584	3458.3	8
1	34644	3464.3	25
1	34810	3480.9	9
1	34828	3482.7	7
1	34870	3486.9	19
1	35016	3501.5	3
1	35038	3503.7	4
1	35058	3505.7	3
1	35164	3516.3	30
1	35182	3518.1	1
1	35196	3519.5	4
1	35256	3525.5	13
1	35278	3527.7	7
1	35318	3531.7	13
1	35338	3533.7	4
1	35388	3538.7	3
1	35446	3544.5	15
1	35608	3560.7	25
1	35704	3570.3	24
1	35722	3572.1	3
1	35818	3581.7	27
1	35828	3582.7	2
1	35846	3584.5	2
1	35864	3586.3	2
1	35940	3593.9	19
1	35986	3598.5	34
1	36012	3601.1	16
1	36060	3605.9	25
1	36258	3625.7	6
1	36302	3630.1	12
1	36404	3640.3	12
1	36448	3644.7	21
1	36668	3666.7	17
1	36742	3674.1	8
1	36796	3679.5	2
1	36948	3694.7	13
1	37028	3702.7	10
1	37134	3713.3	6
1	37144	3714.3	3
1	37168	3716.7	15
1	37222	3722.1	53
1	37296	3729.5	5
1	37356	3735.5	11
1	37388	3738.7	11
1	37408	3740.7	15
1	37424	3742.3	2
1	37500	3749.9	2
1	37526	3752.5	8
1	37622	3762.1	2
1	37946	3794.5	2
1	38052	3805.1	5
1	38282	3828.1	4
1	38346	3834.5	3
1	38380	3837.9	20
1	38394	3839.3	12
1	38426	3842.5	10
1	38454	3845.3	22
1	38536	3853.5	3
1	38610	3860.9	20
1	38626	3862.5	4
1	38674	3867.3	14
1	38718	3871.7	43
1	38752	3875.1	25
1	38764	3876.3	2
1	38820	3881.9	26
1	38840	3883.9	9
1	38882	3888.1	23
1	38992	3899.1	21
1	39024	3902.3	22
1	39090	3908.9	19
1	39092	3909.1	1
1	39116	3911.5	15
1	39374	3937.3	63
1	39416	3941.5	2
1	39430	3942.9	13
1	39550	3954.9	15
1	39648	3964.7	16
1	39692	3969.1	5
1	39740	3973.9	23
1	39888	3988.7	13
1	40044	4004.3	26
1	40056	4005.5	10
1	40100	4009.9	8
1	40212	4021.1	18
1	40262	4026.1	1
1	40298	4029.7	16
1	40356	4035.5	13
1	40384	4038.3	13
1	40406	4040.5	3
1	40442	4044.1	6
1	40526	4052.5	26
1	40536	4053.5	6
1	40616	4061.5	15
1	40704	4070.3	6
1	40754	4075.3	1
1	40766	4076.5	1
1	40872	4087.1	18
1	40918	4091.7	14
1	41020	4101.9	23
1	41156	4115.5	2
1	41218	4121.7	5
1	41344	4134.3	1
1	41462	4146.1	7
1	41530	4152.9	4
1	41668	4166.7	1
1	41794	4179.3	16
1	41838	4183.7	28
1	41968	4196.7	9
1	42016	4201.5	15
1	42102	4210.1	10
1	42230	4222.9	27
1	42284	4228.3	17
1	42336	4233.5	14
1	42350	4234.9	2
1	42360	4235.9	9
1	42364	4236.3	3
1	42422	4242.1	2
1	42562	4256.1	17
1	42624	4262.3	1
1	42670	4266.9	9
1	42740	4273.9	35
1	42774	4277.3	11
1	42784	4278.3	9
1	42996	4299.5	20
1	43064	4306.3	4
1	43080	4307.9	10
1	43228	4322.7	13
1	43276	4327.5	4
1	43384	4338.3	5
1	43470	4346.9	33
1	43502	4350.1	15
1	43546	4354.5	8
1	43730	4372.9	8
1	43868	4386.7	8
1	43952	4395.1	5
1	44064	4406.3	14
1	44158	4415.7	17
1	44222	4422.1	19
1	44280	4427.9	6
1	44304	4430.3	17
1	44314	4431.3	4
1	44338	4433.7	5
1	44460	4445.9	13
1	44470	4446.9	1
1	44570	4456.9	6
1	44604	4460.3	24
1	44634	4463.3	25
1	44704	4470.3	19
1	44748	4474.7	3
1	44840	4483.9	17
1	44960	4495.9	2
1	45020	4501.9	11
1	45058	4505.7	26
1	45092	4509.1	16
1	45126	4512.5	3
1	45202	4520.1	45
1	45306	4530.5	3
1	45340	4533.9	32
1	45462	4546.1	3
1	45472	4547.1	6
1	45476	4547.5	2
1	45500	4549.9	1
1	45612	4561.1	41
1	45738	4573.7	1
1	45758	4575.7	1
1	45836	4583.5	17
1	45846	4584.5	1
1	45898	4589.7	10
1	45930	4592.9	30
1	45962	4596.1	18
1	45988	4598.7	3
1	46060	4605.9	24
1	46136	4613.5	3
1	46154	4615.3	7
1	46268	4626.7	13
1	46294	4629.3	2
1	46378	4637.7	7
1	46430	4642.9	20
1	46458	4645.7	15
1	46580	4657.9	22
1	46612	4661.1	21
1	46710	4670.9	29
1	46770	4676.9	23
1	46816	4681.5	23
1	46852	4685.1	18
1	46858	4685.7	5
1	46948	4694.7	1
1	46972	4697.1	3
1	47014	4701.3	7
1	47030	4702.9	14
1	47062	4706.1	16
1	47152	4715.1	5
1	47162	4716.1	9
1	47176	4717.5	10
1	47252	4725.1	24
1	47354	4735.3	3
1	47394	4739.3	27
1	47398	4739.7	2
1	47452	4745.1	41
1	47544	4754.3	11
1	47564	4756.3	16
1	47582	4758.1	3
1	47592	4759.1	2
1	47636	4763.5	42
1	47678	4767.7	7
1	47680	4767.9	1
1	47712	4771.1	23
1	47734	4773.3	14
1	47738	4773.7	2
1	47760	4775.9	4
1	47872	4787.1	11
1	47936	4793.5	11
1	48058	4805.7	7
1	48078	4807.7	18
1	48152	4815.1	29
1	48222	4822.1	31
1	48226	4822.5	2
1	48326	4832.5	7
1	48344	4834.3	7
1	48370	4836.9	21
1	48388	4838.7	16
1	48416	4841.5	1
1	48474	4847.3	4
1	48500	4849.9	16
1	48564	4856.3	5
1	48594	4859.3	4
1	48668	4866.7	3
1	48684	4868.3	4
1	48718	4871.7	15
1	48776	4877.5	6
1	48788	4878.7	9
1	48842	4884.1	7
1	48854	4885.3	6
1	48864	4886.3	5
1	48872	4887.1	2
1	48938	4893.7	34
1	48944	4894.3	1
1	49000	4899.9	5
1	49034	4903.3	10
1	49080	4907.9	5
1	49124	4912.3	9
1	49182	4918.1	4
1	49242	4924.1	21
1	49270	4926.9	16
1	49412	4941.1	12
1	49438	4943.7	21
1	49480	4947.9	7
1	49510	4950.9	5
1	49614	4961.3	3
1	49686	4968.5	13
1	49780	4977.9	18
1	49820	4981.9	25
1	49836	4983.5	7
1	49914	4991.3	5
1	49970	4996.9	13
1	50000	4999.9	7
1	50050	5004.9	17
1	50062	5006.1	7
1	50082	5008.1	15
1	50128	5012.7	15
1	50156	5015.5	3
1	50260	5025.9	29
1	50288	5028.7	2
1	50338	5033.7	19
1	50498	5049.7	21
1	50522	5052.1	6
1	50610	5060.9	14
1	50626	5062.5	10
1	50702	5070.1	9
1	50778	5077.7	24
1	50838	5083.7	5
1	50876	5087.5	8
1	50894	5089.3	3
1	50964	5096.3	8
1	50978	5097.7	2
1	51074	5107.3	92
1	51150	5114.9	67
1	51206	5120.5	13
1	51258	5125.7	25
1	51270	5126.9	1
1	51280	5127.9	1
1	51292	5129.1	3
1	51368	5136.7	3
1	51462	5146.1	8
1	51582	5158.1	58
1	51692	5169.1	10
1	51734	5173.3	2
1	51818	5181.7	5
1	51888	5188.7	45
1	51914	5191.3	17
1	51952	5195.1	1
1	52006	5200.5	33
1	52038	5203.7	18
1	52138	5213.7	19
1	52152	5215.1	12
1	52256	5225.5	5
1	52328	5232.7	2
1	52396	5239.5	7
1	52420	5241.9	2
1	52480	5247.9	5
1	52522	5252.1	2
1	52550	5254.9	8
1	52674	5267.3	9
1	52696	5269.5	10
1	52800	5279.9	21
1	52834	5283.3	15
1	52876	5287.5	5
1	53092	5309.1	45
1	53130	5312.9	21
1	53204	5320.3	27
1	53264	5326.3	15
1	53452	5345.1	8
1	53480	5347.9	9
1	53586	5358.5	4
1	53612	5361.1	15
1	53658	5365.7	30
1	53694	5369.3	11
1	53704	5370.3	9
1	53720	5371.9	6
1	53746	5374.5	23
1	53800	5379.9	1
1	53848	5384.7	39
1	53914	5391.3	23
1	53986	5398.5	9
1	54004	5400.3	15
1	54032	5403.1	1
1	54162	5416.1	5
1	54176	5417.5	3
1	54248	5424.7	4
1	54286	5428.5	31
1	54416	5441.5	2
1	54544	5454.3	29
1	54574	5457.3	13
1	54580	5457.9	4
1	54590	5458.9	5
1	54618	5461.7	7
1	54652	5465.1	7
1	54706	5470.5	10
1	54724	5472.3	4
1	54746	5474.5	15
1	54748	5474.7	1
1	54768	5476.7	11
1	54790	5478.9	3
1	54836	5483.5	30
1	55170	5516.9	10
1	55238	5523.7	45
1	55256	5525.5	9
1	55282	5528.1	3
1	55314	5531.3	4
1	55388	5538.7	10
1	55406	5540.5	11
1	55464	5546.3	26
1	55532	5553.1	25
1	55546	5554.5	7
1	55716	5571.5	29
1	55760	5575.9	4
1	55976	5597.5	1
1	56176	5617.5	1
1	56246	5624.5	6
1	56290	5628.9	18
1	56302	5630.1	4
1	56366	5636.5	2
1	56508	5650.7	11
1	56530	5652.9	11
1	56584	5658.3	13
1	56602	5660.1	11
1	56712	5671.1	3
1	56738	5673.7	5
1	56860	5685.9	8
1	56882	5688.1	4
1	57100	5709.9	1
1	57166	5716.5	32
1	57170	5716.9	3
1	57190	5718.9	6
1	57312	5731.1	3
1	57364	5736.3	43
1	57554	5755.3	23
1	57576	5757.5	3
1	57634	5763.3	29
1	57702	5770.1	10
1	57740	5773.9	23
1	57786	5778.5	15
1	57810	5780.9	13
1	57880	5787.9	3
1	57956	5795.5	21
1	58102	5810.1	1
1	58122	5812.1	6
1	58340	5833.9	35
1	58370	5836.9	11
1	58462	5846.1	25
1	58508	5850.7	3
1	58552	5855.1	21
1	58588	5858.7	1
1	58622	5862.1	2
1	58808	5880.7	17
1	58844	5884.3	8
1	58848	5884.7	2
1	58870	5886.9	19
1	58892	5889.1	12
1	58976	5897.5	4
1	59024	5902.3	1
1	59116	5911.5	8
1	59184	5918.3	2
1	59212	5921.1	23
1	59260	5925.9	40
1	59326	5932.5	36
1	59342	5934.1	9
1	59366	5936.5	2
1	59408	5940.7	21
1	59458	5945.7	15
1	59496	5949.5	9
1	59638	5963.7	1
1	59670	5966.9	5
1	59852	5985.1	21
1	59928	5992.7	3
1	60038	6003.7	7
1	60108	6010.7	3
1	60144	6014.3	9
1	60242	6024.1	34
1	60266	6026.5	3
1	60334	6033.3	15
1	60360	6035.9	9
1	60428	6042.7	2
1	60506	6050.5	6
1	60558	6055.7	5
1	60696	6069.5	5
1	60806	6080.5	67
1	60820	6081.9	1
1	60834	6083.3	4
1	60868	6086.7	11
1	60884	6088.3	5
1	60928	6092.7	24
1	60984	6098.3	15
1	61008	6100.7	5
1	61016	6101.5	6
1	61058	6105.7	1
1	61118	6111.7	7
1	61124	6112.3	3
1	61166	6116.5	31
1	61204	6120.3	10
1	61268	6126.7	10
1	61298	6129.7	20
1	61342	6134.1	21
1	61392	6139.1	9
1	61444	6144.3	13
1	61612	6161.1	42
1	61650	6164.9	6
1	61664	6166.3	5
1	61740	6173.9	35
1	61808	6180.7	35
1	62036	6203.5	9
1	62138	6213.7	3
1	62274	6227.3	5
1	62324	6232.3	13
1	62398	6239.7	8
1	62408	6240.7	4
1	62476	6247.5	33
1	62500	6249.9	2
1	62664	6266.3	59
1	62680	6267.9	1
1	62698	6269.7	3
1	62774	6277.3	1
1	62832	6283.1	15
1	62906	6290.5	10
1	62928	6292.7	1
1	63122	6312.1	22
1	63144	6314.3	1
1	63236	6323.5	21
1	63268	6326.7	5
1	63350	6334.9	1
1	63376	6337.5	8
1	63428	6342.7	2
1	63476	6347.5	7
1	63510	6350.9	11
1	63642	6364.1	22
1	63728	6372.7	43
1	63778	6377.7	8
1	63850	6384.9	9
1	63890	6388.9	3
1	63930	6392.9	29
1	63946	6394.5	5
1	63952	6395.1	5
1	63984	6398.3	25
1	64016	6401.5	7
1	64040	6403.9	17
1	64076	6407.5	13
1	64270	6426.9	42
1	64294	6429.3	5
1	64368	6436.7	55
1	64386	6438.5	2
1	64464	6446.3	6
1	64518	6451.7	7
1	64682	6468.1	62
1	64750	6474.9	13
1	65040	6503.9	14
1	65134	6513.3	3
1	65170	6516.9	26
1	65252	6525.1	40
1	65282	6528.1	19
1	65336	6533.5	33
1	65408	6540.7	40
1	65536	6553.5	23
1	65620	6561.9	13
1	65724	6572.3	30
1	65828	6582.7	9
1	65944	6594.3	1
1	66118	6611.7	7
1	66130	6612.9	11
1	66160	6615.9	12
1	66184	6618.3	9
1	66252	6625.1	3
1	66320	6631.9	16
1	66408	6640.7	15
1	66514	6651.3	3
1	66592	6659.1	27
1	66708	6670.7	4
1	66744	6674.3	9
1	66820	6681.9	2
1	66912	6691.1	29
1	66934	6693.3	2
1	67292	6729.1	27
1	67312	6731.1	1
1	67352	6735.1	8
1	67432	6743.1	9
1	67456	6745.5	21
1	67484	6748.3	1
1	67612	6761.1	15
1	67620	6761.9	5
1	67720	6771.9	2
1	67812	6781.1	5
1	67984	6798.3	20
1	67988	6798.7	3
1	68030	6802.9	25
1	68044	6804.3	6
1	68146	6814.5	17
1	68244	6824.3	17
1	68260	6825.9	7
1	68366	6836.5	18
1	68404	6840.3	13
1	68416	6841.5	3
1	68546	6854.5	2
1	68596	6859.5	21
1	68712	6871.1	9
1	68800	6879.9	71
1	68866	6886.5	17
1	68898	6889.7	7
1	68914	6891.3	14
1	68944	6894.3	14
1	69004	6900.3	36
1	69076	6907.5	5
1	69102	6910.1	1
1	69160	6915.9	5
1	69190	6918.9	15
1	69218	6921.7	13
1	69414	6941.3	2
1	69530	6952.9	19
1	69624	6962.3	6
1	69694	6969.3	13
1	69712	6971.1	2
1	69728	6972.7	3
1	70028	7002.7	7
1	70046	7004.5	7
1	70054	7005.3	7
1	70070	7006.9	14
1	70154	7015.3	39
1	70210	7020.9	25
1	70260	7025.9	22
1	70420	7041.9	10
1	70456	7045.5	19
1	70522	7052.1	1
1	70606	7060.5	43
1	70636	7063.5	8
1	70834	7083.3	11
1	70866	7086.5	31
1	70894	7089.3	1
1	70922	7092.1	8
1	70970	7096.9	5
1	71020	7101.9	7
1	71070	7106.9	2
1	71106	7110.5	9
1	71196	7119.5	21
1	71210	7120.9	4
1	71242	7124.1	5
1	71258	7125.7	5
1	71272	7127.1	7
1	71352	7135.1	29
1	71416	7141.5	7
1	71454	7145.3	29
1	71548	7154.7	3
1	71558	7155.7	7
1	71626	7162.5	9
1	71640	7163.9	3
1	71708	7170.7	22
1	71758	7175.7	6
1	71778	7177.7	1
1	71832	7183.1	35
1	71920	7191.9	75
1	71956	7195.5	11
1	71960	7195.9	3
1	71994	7199.3	1
1	72014	7201.3	3
1	72064	7206.3	38
1	72114	7211.3	18
1	72132	7213.1	6
1	72172	7217.1	10
1	72188	7218.7	6
1	72216	7221.5	25
1	72246	7224.5	12
1	72268	7226.7	2
1	72324	7232.3	20
1	72706	7270.5	12
1	72758	7275.7	16
1	72840	7283.9	30
1	72858	7285.7	9
1	72902	7290.1	9
1	72960	7295.9	16
1	73024	7302.3	3
1	73066	7306.5	5
1	73084	7308.3	10
1	73170	7316.9	2
1	73236	7323.5	6
1	73256	7325.5	15
1	73310	7330.9	7
1	73338	7333.7	8
1	73406	7340.5	10
1	73508	7350.7	21
1	73530	7352.9	20
1	73552	7355.1	3
1	73582	7358.1	9
1	73606	7360.5	5
1	73686	7368.5	7
1	73702	7370.1	15
1	73756	7375.5	4
1	73792	7379.1	3
1	73874	7387.3	2
1	73992	7399.1	5
1	74030	7402.9	3
1	74082	7408.1	19
1	74138	7413.7	25
1	74194	7419.3	21
1	74212	7421.1	13
1	74260	7425.9	7
1	74394	7439.3	3
1	74414	7441.3	9
1	74480	7447.9	12
1	74482	7448.1	1
1	74518	7451.7	5
1	74540	7453.9	3
1	74604	7460.3	3
1	74622	7462.1	17
1	74636	7463.5	2
1	74662	7466.1	8
1	74704	7470.3	7
1	74762	7476.1	2
1	74824	7482.3	12
1	74854	7485.3	5
1	74906	7490.5	7
1	74956	7495.5	18
1	74966	7496.5	4
1	74982	7498.1	3
1	75020	7501.9	5
1	75042	7504.1	11
1	75060	7505.9	1
1	75084	7508.3	15
1	75110	7510.9	9
1	75132	7513.1	9
1	75268	7526.7	16
1	75344	7534.3	17
1	75360	7535.9	2
1	75530	7552.9	9
1	75594	7559.3	34
1	75738	7573.7	26
1	75766	7576.5	16
1	75782	7578.1	2
1	75906	7590.5	27
1	75932	7593.1	13
1	75972	7597.1	5
1	76066	7606.5	17
1	76082	7608.1	7
1	76198	7619.7	5
1	76216	7621.5	5
1	76364	7636.3	17
1	76406	7640.5	11
1	76408	7640.7	1
1	76488	7648.7	7
1	76542	7654.1	6
1	76648	7664.7	3
1	76696	7669.5	19
1	76752	7675.1	24
1	76800	7679.9	9
1	76852	7685.1	4
1	76862	7686.1	5
1	76892	7689.1	22
1	76908	7690.7	2
1	76960	7695.9	10
1	76980	7697.9	6
1	77008	7700.7	21
1	77094	7709.3	24
1	77212	7721.1	9
1	77280	7727.9	4
1	77336	7733.5	21
1	77412	7741.1	2
1	77466	7746.5	32
1	77508	7750.7	19
1	77602	7760.1	2
1	77660	7765.9	55
1	77690	7768.9	3
1	77764	7776.3	47
1	77822	7782.1	6
1	77872	7787.1	41
1	77880	7787.9	1
1	77940	7793.9	8
1	77984	7798.3	21
1	78042	7804.1	29
1	78132	7813.1	1
1	78206	7820.5	27
1	78474	7847.3	21
1	78506	7850.5	3
1	78616	7861.5	2
1	78652	7865.1	17
1	78720	7871.9	5
1	78728	7872.7	4
1	78820	7881.9	10
1	78856	7885.5	23
1	78942	7894.1	7
1	78968	7896.7	2
1	78998	7899.7	29
1	79028	7902.7	7
1	79046	7904.5	11
1	79058	7905.7	9
1	79090	7908.9	25
1	79114	7911.3	11
1	79134	7913.3	2
1	79212	7921.1	3
1	79242	7924.1	3
1	79244	7924.3	1
1	79308	7930.7	32
1	79388	7938.7	57
1	79556	7955.5	29
1	79624	7962.3	5
1	79696	7969.5	3
1	79822	7982.1	15
1	79872	7987.1	1
1	79956	7995.5	6
1	79986	7998.5	19
1	80060	8005.9	5
1	80072	8007.1	3
1	80142	8014.1	23
1	80156	8015.5	9
1	80190	8018.9	10
1	80218	8021.7	27
1	80312	8031.1	11
1	80362	8036.1	44
1	80464	8046.3	10
1	80514	8051.3	1
1	80522	8052.1	1
1	80554	8055.3	17
1	80558	8055.7	3
1	80576	8057.5	7
1	80596	8059.5	2
1	80630	8062.9	33
1	80782	8078.1	7
1	80796	8079.5	2
1	80818	8081.7	9
1	80870	8086.9	21
1	80924	8092.3	6
1	80964	8096.3	33
1	81006	8100.5	3
1	81008	8100.7	1
1	81062	8106.1	31
1	81076	8107.5	10
1	81096	8109.5	12
1	81222	8122.1	8
1	81270	8126.9	2
1	81292	8129.1	15
1	81536	8153.5	7
1	81552	8155.1	10
1	81662	8166.1	25
1	81720	8171.9	38
1	81758	8175.7	13
1	81804	8180.3	33
1	81814	8181.3	6
1	81848	8184.7	8
1	81964	8196.3	41
1	82020	8201.9	15
1	82068	8206.7	16
1	82078	8207.7	1
1	82126	8212.5	14
1	82182	8218.1	43
1	82208	8220.7	24
1	82280	8227.9	21
1	82302	8230.1	5
1	82472	8247.1	8
1	82616	8261.5	29
1	82756	8275.5	2
1	82780	8277.9	8
1	82868	8286.7	17
1	82946	8294.5	28
1	82996	8299.5	5
1	83180	8317.9	22
1	83214	8321.3	33
1	83338	8333.7	21
1	83422	8342.1	40
1	83438	8343.7	7
1	83478	8347.7	5
1	83540	8353.9	6
1	83650	8364.9	2
1	83708	8370.7	55
1	83778	8377.7	4
1	83820	8381.9	10
1	83846	8384.5	19
1	83870	8386.9	10
1	83924	8392.3	9
1	84012	8401.1	10
1	84038	8403.7	10
1	84090	8408.9	17
1	84176	8417.5	3
1	84220	8421.9	13
1	84230	8422.9	9
1	84322	8432.1	5
1	84362	8436.1	31
1	84386	8438.5	2
1	84422	8442.1	10
1	84476	8447.5	17
1	84490	8448.9	7
1	84560	8455.9	17
1	84702	8470.1	21
1	84768	8476.7	9
1	84892	8489.1	5
1	84914	8491.3	1
1	84982	8498.1	1
1	85024	8502.3	10
1	85050	8504.9	21
1	85104	8510.3	9
1	85182	8518.1	2
1	85246	8524.5	41
1	85366	8536.5	7
1	85434	8543.3	29
1	85474	8547.3	2
1	85516	8551.5	17
1	85582	8558.1	5
1	85586	8558.5	2
1	85656	8565.5	45
1	85926	8592.5	14
1	85952	8595.1	7
1	85986	8598.5	6
1	86008	8600.7	7
1	86074	8607.3	5
1	86120	8611.9	20
1	86140	8613.9	2
1	86210	8620.9	33
1	86228	8622.7	17
1	86356	8635.5	13
1	86442	8644.1	11
1	86504	8650.3	25
1	86584	8658.3	9
1	86614	8661.3	12
1	86644	8664.3	23
1	86692	8669.1	35
1	86758	8675.7	2
1	86990	8698.9	21
1	87150	8714.9	18
1	87220	8721.9	7
1	87250	8724.9	17
1	87530	8752.9	11
1	87546	8754.5	14
1	87666	8766.5	7
1	87896	8789.5	7
1	87980	8797.9	11
1	88026	8802.5	4
1	88038	8803.7	4
1	88078	8807.7	15
1	88088	8808.7	8
1	88124	8812.3	1
1	88140	8813.9	6
1	88156	8815.5	2
1	88202	8820.1	7
1	88262	8826.1	1
1	88274	8827.3	9
1	88300	8829.9	5
1	88328	8832.7	7
1	88516	8851.5	37
1	88604	8860.3	18
1	88672	8867.1	2
1	88866	8886.5	4
1	89004	8900.3	7
1	89032	8903.1	11
1	89038	8903.7	3
1	89046	8904.5	6
1	89054	8905.3	7
1	89282	8928.1	10
1	89340	8933.9	28
1	89342	8934.1	1
1	89510	8950.9	4
1	89600	8959.9	9
1	89646	8964.5	14
1	89754	8975.3	15
1	89774	8977.3	2
1	89848	8984.7	37
1	89870	8986.9	13
1	89910	8990.9	23
1	89942	8994.1	17
1	90026	9002.5	1
1	90032	9003.1	1
1	90086	9008.5	7
1	90122	9012.1	2
1	90322	9032.1	17
1	90436	9043.5	22
1	90504	9050.3	3
1	90518	9051.7	6
1	90576	9057.5	47
1	90604	9060.3	24
1	90732	9073.1	23
1	90802	9080.1	13
1	90826	9082.5	8
1	90902	9090.1	7
1	90916	9091.5	10
1	91000	9099.9	2
1	91012	9101.1	10
1	91040	9103.9	21
1	91056	9105.5	3
1	91098	9109.7	8
1	91138	9113.7	24
1	91160	9115.9	9
1	91190	9118.9	5
1	91256	9125.5	6
1	91290	9128.9	7
1	91394	9139.3	45
1	91444	9144.3	19
1	91490	9148.9	19
1	91574	9157.3	3
1	91652	9165.1	7
1	91704	9170.3	28
1	91776	9177.5	4
1	91808	9180.7	7
1	91926	9192.5	5
1	91990	9198.9	4
1	92138	9213.7	5
1	92160	9215.9	20
1	92242	9224.1	31
1	92320	9231.9	7
1	92334	9233.3	7
1	92348	9234.7	4
1	92558	9255.7	5
1	92574	9257.3	9
1	92628	9262.7	17
1	92658	9265.7	18
1	92670	9266.9	1
1	92730	9272.9	11
1	92790	9278.9	9
1	92864	9286.3	22
1	92884	9288.3	7
1	93000	9299.9	5
1	93144	9314.3	13
1	93188	9318.7	13
1	93332	9333.1	9
1	93378	9337.7	11
1	93540	9353.9	15
1	93568	9356.7	14
1	93644	9364.3	46
1	93684	9368.3	9
1	93694	9369.3	5
1	93784	9378.3	4
1	93866	9386.5	3
1	93944	9394.3	3
1	94034	9403.3	25
1	94110	9410.9	10
1	94120	9411.9	4
1	94144	9414.3	5
1	94164	9416.3	17
1	94202	9420.1	35
1	94210	9420.9	4
1	94220	9421.9	8
1	94272	9427.1	9
1	94282	9428.1	6
1	94352	9435.1	30
1	94432	9443.1	16
1	94442	9444.1	9
1	94564	9456.3	15
1	94578	9457.7	2
1	94632	9463.1	13
1	94640	9463.9	2
1	94656	9465.5	6
1	94744	9474.3	4
1	94782	9478.1	15
1	94814	9481.3	1
1	94842	9484.1	6
1	94944	9494.3	35
1	95060	9505.9	9
1	95086	9508.5	5
1	95218	9521.7	1
1	95254	9525.3	10
1	95310	9530.9	4
1	95324	9532.3	7
1	95388	9538.7	23
1	95420	9541.9	3
1	95424	9542.3	3
1	95442	9544.1	13
1	95498	9549.7	13
1	95538	9553.7	4
1	95738	9573.7	40
1	95940	9593.9	2
1	96002	9600.1	2
1	96102	9610.1	19
1	96162	9616.1	2
1	96242	9624.1	21
1	96256	9625.5	13
1	96284	9628.3	10
1	96380	9637.9	2
1	96470	9646.9	6
1	96476	9647.5	4
1	96482	9648.1	5
1	96538	9653.7	5
1	96580	9657.9	2
1	96624	9662.3	2
1	96666	9666.5	1
1	96722	9672.1	14
1	96862	9686.1	10
1	96992	9699.1	6
1	97086	9708.5	10
1	97106	9710.5	4
1	97202	9720.1	6
1	97334	9733.3	10
1	97392	9739.1	1
1	97468	9746.7	9
1	97540	9753.9	9
1	97602	9760.1	5
1	97626	9762.5	14
1	97766	9776.5	13
1	97886	9788.5	7
1	97918	9791.7	8
1	97930	9792.9	2
1	97982	9798.1	25
1	97992	9799.1	6
1	98000	9799.9	7
1	98072	9807.1	7
1	98092	9809.1	3
1	98134	9813.3	16
1	98162	9816.1	5
1	98246	9824.5	23
1	98296	9829.5	8
1	98346	9834.5	8
1	98364	9836.3	2
1	98428	9842.7	5
1	98482	9848.1	2
1	98524	9852.3	35
1	98542	9854.1	3
1	98570	9856.9	17
1	98620	9861.9	45
1	98636	9863.5	12
1	98688	9868.7	3
1	98736	9873.5	35
1	98758	9875.7	12
1	98828	9882.7	68
1	98874	9887.3	4
1	98898	9889.7	8
1	98966	9896.5	22
1	98974	9897.3	2
1	99018	9901.7	19
1	99154	9915.3	19
1	99226	9922.5	6
1	99412	9941.1	1
1	99578	9957.7	11
1	99622	9962.1	8
1	99670	9966.9	7
1	99678	9967.7	4
1	99732	9973.1	10
1	99794	9979.3	9
1	99890	9988.9	38
1	99892	9989.1	1
1	99916	9991.5	1
1	100078	10007.7	33
1	100134	10013.3	3
1	100172	10017.1	27
1	100198	10019.7	2
1	100292	10029.1	32
1	100318	10031.7	25
1	100442	10044.1	12
1	100454	10045.3	11
1	100468	10046.7	3
1	100522	10052.1	5
1	100530	10052.9	4
1	100574	10057.3	2
1	100612	10061.1	17
1	100646	10064.5	12
1	100670	10066.9	2
1	100724	10072.3	27
1	100744	10074.3	15
1	100848	10084.7	29
1	100944	10094.3	23
1	101022	10102.1	22
1	101032	10103.1	2
1	101154	10115.3	3
1	101286	10128.5	58
1	101356	10135.5	39
1	101484	10148.3	9
1	101594	10159.3	7
1	101636	10163.5	23
1	101644	10164.3	2
1	101652	10165.1	6
1	101698	10169.7	7
1	101730	10172.9	10
1	101798	10179.7	19
1	101872	10187.1	16
1	101904	10190.3	21
1	101912	10191.1	5
1	101916	10191.5	1
1	101980	10197.9	4
1	102092	10209.1	21
1	102106	10210.5	5
1	102164	10216.3	5
1	102190	10218.9	19
1	102244	10224.3	9
1	102326	10232.5	13
1	102346	10234.5	17
1	102372	10237.1	17
1	102492	10249.1	1
1	102510	10250.9	11
1	102534	10253.3	3
1	102552	10255.1	9
1	102618	10261.7	5
1	102764	10276.3	19
1	102856	10285.5	11
1	102924	10292.3	4
1	103072	10307.1	20
1	103158	10315.7	10
1	103238	10323.7	25
1	103262	10326.1	17
1	103454	10345.3	12
1	103578	10357.7	40
1	103608	10360.7	4
1	103626	10362.5	3
1	103668	10366.7	4
1	103960	10395.9	10
1	103962	10396.1	1
1	104052	10405.1	6
1	104096	10409.5	3
1	104210	10420.9	37
1	104232	10423.1	21
1	104308	10430.7	16
1	104374	10437.3	13
1	104424	10442.3	9
1	104508	10450.7	17
1	104514	10451.3	3
1	104580	10457.9	9
1	104604	10460.3	6
1	104628	10462.7	3
1	104700	10469.9	59
1	104762	10476.1	5
1	104970	10496.9	7
1	104988	10498.7	7
1	104998	10499.7	5
1	105020	10501.9	3
1	105042	10504.1	20
1	105062	10506.1	14
1	105152	10515.1	4
1	105182	10518.1	23
1	105214	10521.3	9
1	105236	10523.5	3
1	105238	10523.7	1
1	105288	10528.7	11
1	105374	10537.3	12
1	105436	10543.5	38
1	105458	10545.7	13
1	105508	10550.7	1
1	105540	10553.9	6
1	105578	10557.7	11
1	105738	10573.7	17
1	105764	10576.3	10
1	105794	10579.3	7
1	105912	10591.1	14
1	105996	10599.5	4
1	106092	10609.1	44
1	106148	10614.7	13
1	106204	10620.3	7
1	106244	10624.3	7
1	106298	10629.7	7
1	106388	10638.7	3
1	106438	10643.7	20
1	106510	10650.9	5
1	106522	10652.1	4
1	106608	10660.7	29
1	106652	10665.1	34
1	106660	10665.9	5
1	106700	10669.9	11
1	106734	10673.3	5
1	106766	10676.5	7
1	106804	10680.3	9
1	106876	10687.5	20
1	107020	10701.9	6
1	107024	10702.3	2
1	107108	10710.7	5
1	107272	10727.1	15
1	107298	10729.7	5
1	107372	10737.1	59
1	107540	10753.9	8
1	107556	10755.5	13
1	107642	10764.1	10
1	107664	10766.3	4
1	107778	10777.7	19
1	107838	10783.7	3
1	107946	10794.5	11
1	107950	10794.9	3
1	107972	10797.1	10
1	108002	10800.1	8
1	108044	10804.3	23
1	108092	10809.1	4
1	108116	10811.5	1
1	108132	10813.1	15
1	108212	10821.1	6
1	108226	10822.5	7
1	108310	10830.9	9
1	108318	10831.7	1
1	108336	10833.5	17
1	108356	10835.5	10
1	108502	10850.1	10
1	108600	10859.9	26
1	108608	10860.7	4
1	108664	10866.3	1
1	108674	10867.3	3
1	108694	10869.3	2
1	108756	10875.5	7
1	108804	10880.3	47
1	108808	10880.7	2
1	108848	10884.7	22
1	108866	10886.5	6
1	108878	10887.7	4
1	108918	10891.7	2
1	109044	10904.3	18
1	109066	10906.5	5
1	109070	10906.9	3
1	109080	10907.9	3
1	109102	10910.1	2
1	109202	10920.1	9
1	109242	10924.1	2
1	109444	10944.3	5
1	109460	10945.9	11
1	109472	10947.1	2
1	109498	10949.7	22
1	109522	10952.1	2
1	109576	10957.5	33
1	109706	10970.5	11
1	109814	10981.3	14
1	109830	10982.9	11
1	110008	11000.7	62
1	110016	11001.5	1
1	110090	11008.9	20
1	110134	11013.3	11
1	110148	11014.7	5
1	110218	11021.7	15
1	110238	11023.7	6
1	110278	11027.7	6
1	110354	11035.3	25
1	110384	11038.3	26
1	110392	11039.1	3
1	110596	11059.5	19
1	110834	11083.3	24
1	110940	11093.9	35
1	111026	11102.5	15
1	111110	11110.9	5
1	111248	11124.7	20
1	111312	11131.1	2
1	111326	11132.5	8
1	111354	11135.3	22
1	111398	11139.7	19
1	111408	11140.7	2
1	111448	11144.7	23
1	111466	11146.5	10
1	111588	11158.7	16
1	111628	11162.7	9
1	111740	11173.9	17
1	111780	11177.9	13
1	111788	11178.7	7
1	111830	11182.9	38
1	111912	11191.1	38
1	111980	11197.9	9
1	112080	11207.9	35
1	112254	11225.3	21
1	112378	11237.7	28
1	112512	11251.1	30
1	112524	11252.3	4
1	112566	11256.5	5
1	112590	11258.9	12
1	112638	11263.7	21
1	112646	11264.5	4
1	112708	11270.7	1
1	112744	11274.3	16
1	112830	11282.9	8
1	112846	11284.5	8
1	112850	11284.9	2
1	112900	11289.9	1
1	112922	11292.1	7
1	113112	11311.1	37
1	113160	11315.9	3
1	113168	11316.7	3
1	113218	11321.7	11
1	113252	11325.1	15
1	113340	11333.9	9
1	113392	11339.1	4
1	113428	11342.7	3
1	113458	11345.7	12
1	113478	11347.7	5
1	113552	11355.1	2
1	113636	11363.5	23
1	113662	11366.1	3
1	113750	11374.9	63
1	113826	11382.5	7
1	113880	11387.9	5
1	113888	11388.7	7
1	113940	11393.9	32
1	113994	11399.3	15
1	114058	11405.7	1
1	114064	11406.3	4
1	114162	11416.1	1
1	114210	11420.9	35
1	114256	11425.5	1
1	114316	11431.5	17
1	114322	11432.1	3
1	114346	11434.5	17
1	114384	11438.3	18
1	114444	11444.3	18
1	114512	11451.1	17
1	114536	11453.5	12
1	114574	11457.3	1
1	114584	11458.3	3
1	114610	11460.9	3
1	114628	11462.7	3
1	114654	11465.3	2
1	114730	11472.9	14
1	114760	11475.9	14
1	114766	11476.5	5
1	114850	11484.9	9
1	114862	11486.1	8
1	114902	11490.1	9
1	114942	11494.1	13
1	115006	11500.5	21
1	115066	11506.5	25
1	115094	11509.3	2
1	115114	11511.3	16
1	115136	11513.5	5
1	115280	11527.9	6
1	115304	11530.3	3
1	115374	11537.3	11
1	115392	11539.1	11
1	115398	11539.7	5
1	115430	11542.9	5
1	115500	11549.9	1
1	115562	11556.1	11
1	115580	11557.9	10
1	115712	11571.1	15
1	115762	11576.1	33
1	115854	11585.3	8
1	115892	11589.1	24
1	115914	11591.3	8
1	115964	11596.3	4
1	116066	11606.5	12
1	116166	11616.5	28
1	116184	11618.3	3
1	116272	11627.1	17
1	116296	11629.5	3
1	116358	11635.7	12
1	116394	11639.3	12
1	116430	11642.9	21
1	116504	11650.3	3
1	116542	11654.1	3
1	116664	11666.3	13
1	116820	11681.9	35
1	116944	11694.3	53
1	116966	11696.5	15
1	117004	11700.3	36
1	117026	11702.5	8
1	117038	11703.7	2
1	117084	11708.3	35
1	117100	11709.9	10
1	117142	11714.1	21
1	117196	11719.5	7
1	117260	11725.9	31
1	117304	11730.3	3
1	117390	11738.9	1
1	117414	11741.3	15
1	117420	11741.9	1
1	117470	11746.9	16
1	117476	11747.5	3
1	117590	11758.9	3
1	117612	11761.1	14
1	117674	11767.3	15
1	117734	11773.3	30
1	117782	11778.1	2
1	117800	11779.9	5
1	117844	11784.3	17
1	117902	11790.1	11
1	117962	11796.1	15
1	117986	11798.5	7
1	118024	11802.3	17
1	118040	11803.9	14
1	118228	11822.7	55
1	118292	11829.1	46
1	118374	11837.3	3
1	118398	11839.7	9
1	118578	11857.7	2
1	118646	11864.5	48
1	118744	11874.3	12
1	118750	11874.9	4
1	118766	11876.5	6
1	118800	11879.9	6
1	118900	11889.9	7
1	118956	11895.5	5
1	119114	11911.3	8
1	119196	11919.5	7
1	119244	11924.3	38
1	119274	11927.3	20
1	119350	11934.9	37
1	119366	11936.5	2
1	119440	11943.9	36
1	119530	11952.9	27
1	119596	11959.5	14
1	119652	11965.1	34
1	119666	11966.5	4
1	119714	11971.3	27
1	119730	11972.9	3
1	119756	11975.5	6
1	119784	11978.3	3
1	119824	11982.3	4
1	119898	11989.7	14
1	119910	11990.9	2
1	119930	11992.9	13
1	120070	12006.9	3
1	120124	12012.3	49
1	120188	12018.7	18
1	120220	12021.9	6
1	120264	12026.3	7
1	120302	12030.1	30
1	120402	12040.1	2
1	120408	12040.7	3
1	120474	12047.3	4
1	120562	12056.1	30
1	120600	12059.9	23
1	120688	12068.7	27
1	120808	12080.7	4
1	120864	12086.3	3
1	120916	12091.5	8
1	120958	12095.7	5
1	120978	12097.7	3
1	121080	12107.9	17
1	121086	12108.5	5
1	121100	12109.9	13
1	121166	12116.5	1
1	121184	12118.3	16
1	121248	12124.7	7
1	121260	12125.9	10
1	121276	12127.5	2
1	121344	12134.3	38
1	121360	12135.9	14
1	121496	12149.5	20
1	121544	12154.3	39
1	121562	12156.1	11
1	121662	12166.1	58
1	121760	12175.9	7
1	121772	12177.1	9
1	121792	12179.1	9
1	121882	12188.1	21
1	121948	12194.7	25
1	121968	12196.7	9
1	122018	12201.7	9
1	122030	12202.9	8
1	122094	12209.3	11
1	122156	12215.5	38
1	122372	12237.1	7
1	122418	12241.7	4
1	122502	12250.1	35
1	122568	12256.7	15
1	122588	12258.7	6
1	122602	12260.1	7
1	122742	12274.1	19
1	122754	12275.3	3
1	122822	12282.1	4
1	122840	12283.9	10
1	122846	12284.5	2
1	122972	12297.1	7
1	122990	12298.9	17
1	123038	12303.7	10
1	123062	12306.1	3
1	123116	12311.5	2
1	123260	12325.9	1
1	123330	12332.9	21
1	123346	12334.5	14
1	123372	12337.1	5
1	123386	12338.5	2
1	123402	12340.1	2
1	123466	12346.5	4
1	123480	12347.9	3
1	123546	12354.5	9
1	123722	12372.1	20
1	123792	12379.1	5
1	123896	12389.5	27
1	123956	12395.5	10
1	124054	12405.3	2
1	124078	12407.7	20
1	124174	12417.3	7
1	124186	12418.5	10
1	124344	12434.3	3
1	124492	12449.1	75
1	124564	12456.3	4
1	124656	12465.5	38
1	124828	12482.7	85
1	124868	12486.7	2
1	124892	12489.1	8
1	124928	12492.7	10
1	124942	12494.1	1
1	124958	12495.7	10
1	125022	12502.1	25
1	125100	12509.9	5
1	125132	12513.1	7
1	125284	12528.3	1
1	125288	12528.7	2
1	125308	12530.7	3
1	125340	12533.9	9
1	125456	12545.5	5
1	125528	12552.7	1
1	125544	12554.3	7
1	125602	12560.1	29
1	125672	12567.1	62
1	125686	12568.5	5
1	125736	12573.5	11
1	125748	12574.7	10
1	125766	12576.5	6
1	125838	12583.7	15
1	125850	12584.9	4
1	125870	12586.9	5
1	125894	12589.3	4
1	126016	12601.5	4
1	126066	12606.5	23
1	126202	12620.1	12
1	126234	12623.3	4
1	126240	12623.9	4
1	126254	12625.3	11
1	126314	12631.3	11
1	126352	12635.1	3
1	126390	12638.9	15
1	126438	12643.7	21
1	126568	12656.7	40
1	126606	12660.5	1
1	126628	12662.7	9
1	126650	12664.9	19
1	126676	12667.5	10
1	126718	12671.7	38
1	126738	12673.7	8
1	126870	12686.9	7
1	126892	12689.1	4
1	126948	12694.7	14
1	126984	12698.3	12
1	127024	12702.3	1
1	127048	12704.7	9
1	127108	12710.7	18
1	127174	12717.3	1
1	127184	12718.3	9
1	127254	12725.3	3
1	127296	12729.5	19
1	127310	12730.9	4
1	127340	12733.9	13
1	127636	12763.5	33
1	127682	12768.1	27
1	127744	12774.3	7
1	127764	12776.3	15
1	127780	12777.9	10
1	127800	12779.9	5
1	127834	12783.3	3
1	127846	12784.5	9
1	127980	12797.9	15
1	128034	12803.3	20
1	128074	12807.3	2
1	128102	12810.1	16
1	128124	12812.3	19
1	128140	12813.9	9
1	128222	12822.1	4
1	128228	12822.7	2
1	128294	12829.3	10
1	128336	12833.5	1
1	128436	12843.5	5
1	128502	12850.1	17
1	128522	12852.1	11
1	128582	12858.1	10
1	128692	12869.1	23
1	128748	12874.7	24
1	128790	12878.9	15
1	128844	12884.3	3
1	128862	12886.1	17
1	128932	12893.1	2
1	128998	12899.7	1
1	129040	12903.9	7
1	129062	12906.1	8
1	129188	12918.7	5
1	129268	12926.7	41
1	129324	12932.3	22
1	129332	12933.1	5
1	129374	12937.3	3
1	129450	12944.9	16
1	129544	12954.3	6
1	129716	12971.5	11
1	129778	12977.7	8
1	129862	12986.1	34
1	129956	12995.5	23
1	129994	12999.3	12
1	130118	13011.7	23
1	130176	13017.5	18
1	130214	13021.3	17
1	130246	13024.5	28
1	130406	13040.5	11
1	130468	13046.7	11
1	130520	13051.9	4
1	130536	13053.5	7
1	130566	13056.5	1
1	130696	13069.5	8
1	130736	13073.5	23
1	130778	13077.7	28
1	130866	13086.5	13
1	130922	13092.1	5
1	130968	13096.7	14
1	131046	13104.5	7
1	131080	13107.9	29
1	131154	13115.3	43
1	131224	13122.3	21
1	131282	13128.1	10
1	131386	13138.5	17
1	131404	13140.3	12
1	131430	13142.9	11
1	131474	13147.3	5
1	131544	13154.3	10
1	131638	13163.7	5
1	131748	13174.7	2
1	131816	13181.5	15
1	131858	13185.7	30
1	131894	13189.3	34
1	131986	13198.5	22
1	132030	13202.9	8
1	132096	13209.5	22
1	132116	13211.5	13
1	132272	13227.1	1
1	132336	13233.5	4
1	132520	13251.9	80
1	132600	13259.9	3
1	132724	13272.3	7
1	132738	13273.7	6
1	132842	13284.1	57
1	132932	13293.1	5
1	133038	13303.7	5
1	133152	13315.1	5
1	133178	13317.7	5
1	133196	13319.5	1
1	133222	13322.1	5
1	133240	13323.9	1
1	133256	13325.5	3
1	133276	13327.5	4
1	133306	13330.5	13
1	133540	13353.9	7
1	133740	13373.9	6
1	133774	13377.3	19
1	133798	13379.7	17
1	133884	13388.3	1
1	133886	13388.5	1
1	133900	13389.9	3
1	133952	13395.1	3
1	133962	13396.1	3
1	134004	13400.3	3
1	134042	13404.1	26
1	134102	13410.1	1
1	134184	13418.3	2
1	134286	13428.5	9
1	134326	13432.5	2
1	134578	13457.7	8
1	134698	13469.7	15
1	134794	13479.3	28
1	134802	13480.1	2
1	134824	13482.3	9
1	134860	13485.9	31
1	134960	13495.9	35
1	134966	13496.5	4
1	134972	13497.1	5
1	135034	13503.3	7
1	135054	13505.3	1
1	135086	13508.5	25
1	135098	13509.7	5
1	135138	13513.7	8
1	135162	13516.1	9
1	135172	13517.1	5
1	135236	13523.5	7
1	135244	13524.3	3
1	135260	13525.9	11
1	135342	13534.1	24
1	135370	13536.9	26
1	135416	13541.5	1
1	135466	13546.5	1
1	135506	13550.5	32
1	135538	13553.7	3
1	135592	13559.1	8
1	135660	13565.9	21
1	135664	13566.3	3
1	135738	13573.7	30
1	135834	13583.3	10
1	135962	13596.1	11
1	135992	13599.1	19
1	136078	13607.7	4
1	136116	13611.5	3
1	136274	13627.3	11
1	136306	13630.5	2
1	136326	13632.5	12
1	136366	13636.5	23
1	136388	13638.7	1
1	136514	13651.3	2
1	136598	13659.7	33
1	136602	13660.1	2
1	136680	13667.9	19
1	136696	13669.5	14
1	136730	13672.9	11
1	136764	13676.3	21
1	136810	13680.9	16
1	136858	13685.7	9
1	136898	13689.7	2
1	136962	13696.1	22
1	136964	13696.3	1
1	136974	13697.3	2
1	136996	13699.5	5
1	137022	13702.1	18
1	137112	13711.1	32
1	137116	13711.5	2
1	137422	13742.1	9
1	137428	13742.7	4
1	137492	13749.1	23
1	137550	13754.9	28
1	137560	13755.9	5
1	137616	13761.5	3
1	137654	13765.3	2
1	137668	13766.7	2
1	137704	13770.3	2
1	137818	13781.7	13
1	137880	13787.9	7
1	137914	13791.3	7
1	138042	13804.1	11
1	138086	13808.5	13
1	138216	13821.5	15
1	138246	13824.5	1
1	138314	13831.3	27
1	138346	13834.5	26
1	138360	13835.9	8
1	138430	13842.9	7
1	138458	13845.7	6
1	138492	13849.1	33
1	138496	13849.5	3
1	138556	13855.5	2
1	138580	13857.9	11
1	138618	13861.7	2
1	138634	13863.3	8
1	138646	13864.5	3
1	138666	13866.5	7
1	138704	13870.3	13
1	138806	13880.5	4
1	138826	13882.5	3
1	138842	13884.1	3
1	138862	13886.1	1
1	138898	13889.7	17
1	138960	13895.9	21
1	138978	13897.7	11
1	139062	13906.1	8
1	139100	13909.9	27
1	139130	13912.9	29
1	139224	13922.3	9
1	139272	13927.1	16
1	139286	13928.5	1
1	139338	13933.7	9
1	139404	13940.3	2
1	139422	13942.1	14
1	139448	13944.7	2
1	139508	13950.7	17
1	139550	13954.9	9
1	139602	13960.1	8
1	139636	13963.5	2
1	139666	13966.5	26
1	139752	13975.1	7
1	139784	13978.3	16
1	139798	13979.7	13
1	139844	13984.3	1
1	139882	13988.1	6
1	139936	13993.5	13
1	139948	13994.7	3
1	139996	13999.5	24
1	140072	14007.1	10
1	140138	14013.7	7
1	140218	14021.7	25
1	140314	14031.3	16
1	140338	14033.7	9
1	140466	14046.5	36
1	140552	14055.1	21
1	140592	14059.1	38
1	140628	14062.7	17
1	140694	14069.3	14
1	140752	14075.1	9
1	141020	14101.9	9
1	141054	14105.3	4
1	141170	14116.9	5
1	141190	14118.9	9
1	141342	14134.1	9
1	141486	14148.5	55
1	141510	14150.9	19
1	141518	14151.7	6
1	141554	14155.3	15
1	141750	14174.9	1
1	141790	14178.9	13
1	141856	14185.5	13
1	141864	14186.3	2
1	141888	14188.7	5
1	141944	14194.3	36
1	142002	14200.1	11
1	142084	14208.3	2
1	142170	14216.9	19
1	142264	14226.3	49
1	142290	14228.9	5
1	142348	14234.7	8
1	142560	14255.9	17
1	142598	14259.7	4
1	142650	14264.9	9
1	142760	14275.9	13
1	142776	14277.5	8
1	142838	14283.7	33
1	142894	14289.3	11
1	142966	14296.5	1
1	143000	14299.9	21
1	143076	14307.5	2
1	143130	14312.9	7
1	143230	14322.9	42
1	143420	14341.9	20
1	143568	14356.7	6
1	143614	14361.3	4
1	143630	14362.9	3
1	143814	14381.3	32
1	143952	14395.1	17
1	144028	14402.7	2
1	144074	14407.3	31
1	144138	14413.7	17
1	144142	14414.1	1
1	144162	14416.1	9
1	144216	14421.5	9
1	144230	14422.9	6
1	144314	14431.3	2
1	144426	14442.5	14
1	144480	14447.9	20
1	144484	14448.3	2
1	144548	14454.7	7
1	144634	14463.3	11
1	144646	14464.5	1
1	144706	14470.5	20
1	144718	14471.7	2
1	144772	14477.1	7
1	144900	14489.9	35
1	144966	14496.5	5
1	145032	14503.1	2
1	145084	14508.3	37
1	145110	14510.9	5
1	145202	14520.1	11
1	145258	14525.7	50
1	145336	14533.5	33
1	145356	14535.5	15
1	145454	14545.3	30
1	145516	14551.5	6
1	145666	14566.5	23
1	145772	14577.1	3
1	145840	14583.9	9
1	145880	14587.9	17
1	145914	14591.3	2
1	146042	14604.1	73
1	146100	14609.9	3
1	146118	14611.7	5
1	146200	14619.9	23
1	146364	14636.3	21
1	146488	14648.7	5
1	146530	14652.9	2
1	146604	14660.3	18
1	146636	14663.5	31
1	146820	14681.9	16
1	146866	14686.5	17
1	146912	14691.1	14
1	147008	14700.7	18
1	147074	14707.3	16
1	147116	14711.5	11
1	147136	14713.5	17
1	147214	14721.3	5
1	147262	14726.1	2
1	147320	14731.9	36
1	147336	14733.5	2
1	147374	14737.3	25
1	147444	14744.3	28
1	147478	14747.7	5
1	147500	14749.9	10
1	147540	14753.9	1
1	147562	14756.1	16
1	147596	14759.5	8
1	147600	14759.9	3
1	147634	14763.3	7
1	147690	14768.9	15
1	147840	14783.9	6
1	147938	14793.7	15
1	147972	14797.1	3
1	147996	14799.5	4
1	148024	14802.3	26
1	148072	14807.1	25
1	148098	14809.7	9
1	148120	14811.9	15
1	148126	14812.5	4
1	148186	14818.5	26
1	148214	14821.3	27
1	148246	14824.5	16
1	148292	14829.1	16
1	148322	14832.1	14
1	148390	14838.9	17
1	148406	14840.5	9
1	148442	14844.1	8
1	148476	14847.5	29
1	148560	14855.9	2
1	148660	14865.9	37
1	148752	14875.1	9
1	148838	14883.7	9
1	148924	14892.3	36
1	148956	14895.5	1
1	149064	14906.3	16
1	149142	14914.1	13
1	149228	14922.7	18
1	149240	14923.9	2
1	149300	14929.9	3
1	149308	14930.7	7
1	149348	14934.7	1
1	149354	14935.3	5
1	149434	14943.3	34
1	149440	14943.9	5
1	149474	14947.3	15
1	149610	14960.9	12
1	149722	14972.1	28
1	149740	14973.9	1
1	149778	14977.7	23
1	149948	14994.7	15
1	150004	15000.3	17
1	150160	15015.9	9
1	150174	15017.3	2
1	150192	15019.1	5
1	150222	15022.1	11
1	150252	15025.1	17
1	150400	15039.9	9
1	150430	15042.9	6
1	150484	15048.3	5
1	150528	15052.7	12
1	150548	15054.7	16
1	150562	15056.1	5
1	150610	15060.9	41
1	150686	15068.5	13
1	150898	15089.7	71
1	150940	15093.9	18
1	150966	15096.5	16
1	151056	15105.5	26
1	151082	15108.1	2
1	151096	15109.5	2
1	151142	15114.1	2
1	151170	15116.9	3
1	151202	15120.1	4
1	151268	15126.7	32
1	151326	15132.5	12
1	151354	15135.3	23
1	151380	15137.9	14
1	151396	15139.5	3
1	151448	15144.7	7
1	151456	15145.5	6
1	151520	15151.9	13
1	151546	15154.5	2
1	151624	15162.3	36
1	151668	15166.7	17
1	151688	15168.7	3
1	151714	15171.3	2
1	151784	15178.3	17
1	151832	15183.1	27
1	151880	15187.9	35
1	151912	15191.1	16
1	151952	15195.1	7
1	151982	15198.1	22
1	152012	15201.1	4
1	152030	15202.9	2
1	152050	15204.9	9
1	152114	15211.3	17
1	152176	15217.5	2
1	152224	15222.3	5
1	152382	15238.1	8
1	152444	15244.3	61
1	152460	15245.9	9
1	152492	15249.1	2
1	152524	15252.3	27
1	152538	15253.7	7
1	152626	15262.5	1
1	152654	15265.3	1
1	152728	15272.7	51
1	152746	15274.5	7
1	152824	15282.3	7
1	152844	15284.3	11
1	152858	15285.7	2
1	153014	15301.3	26
1	153038	15303.7	1
1	153128	15312.7	44
1	153152	15315.1	19
1	153320	15331.9	33
1	153446	15344.5	27
1	153480	15347.9	6
1	153556	15355.5	8
1	153620	15361.9	8
1	153638	15363.7	16
1	153656	15365.5	8
1	153750	15374.9	8
1	153808	15380.7	1
1	153926	15392.5	9
1	153988	15398.7	2
1	154040	15403.9	45
1	154138	15413.7	28
1	154286	15428.5	11
1	154354	15435.3	22
1	154430	15442.9	55
1	154444	15444.3	5
1	154650	15464.9	28
1	154666	15466.5	15
1	154696	15469.5	17
1	154742	15474.1	5
1	154748	15474.7	2
1	154794	15479.3	13
1	154852	15485.1	10
1	155032	15503.1	1
1	155110	15510.9	8
1	155168	15516.7	9
1	155194	15519.3	16
1	155240	15523.9	23
1	155264	15526.3	2
1	155328	15532.7	14
1	155392	15539.1	2
1	155570	15556.9	11
1	155582	15558.1	9
1	155614	15561.3	26
1	155690	15568.9	12
1	155748	15574.7	19
1	155784	15578.3	3
1	155828	15582.7	6
1	155876	15587.5	4
1	155912	15591.1	29
1	155972	15597.1	43
1	156042	15604.1	19
1	156070	15606.9	4
1	156176	15617.5	2
1	156204	15620.3	22
1	156216	15621.5	2
1	156246	15624.5	10
1	156270	15626.9	7
1	156334	15633.3	2
1	156346	15634.5	2
1	156366	15636.5	18
1	156376	15637.5	9
1	156438	15643.7	30
1	156456	15645.5	12
1	156492	15649.1	1
1	156544	15654.3	2
1	156578	15657.7	22
1	156676	15667.5	13
1	156700	15669.9	1
1	156718	15671.7	1
1	156774	15677.3	22
1	156814	15681.3	3
1	156836	15683.5	5
1	156856	15685.5	4
1	156950	15694.9	4
1	156972	15697.1	5
1	157028	15702.7	2
1	157076	15707.5	45
1	157146	15714.5	26
1	157198	15719.7	5
1	157234	15723.3	21
1	157236	15723.5	1
1	157252	15725.1	3
1	157260	15725.9	4
1	157268	15726.7	2
1	157294	15729.3	5
1	157366	15736.5	5
1	157396	15739.5	5
1	157486	15748.5	23
1	157562	15756.1	2
1	157830	15782.9	45
1	157864	15786.3	5
1	157892	15789.1	2
1	157946	15794.5	9
1	158078	15807.7	2
1	158098	15809.7	19
1	158170	15816.9	26
1	158282	15828.1	9
1	158286	15828.5	2
1	158344	15834.3	25
1	158410	15840.9	10
1	158474	15847.3	8
1	158494	15849.3	4
1	158572	15857.1	21
1	158598	15859.7	11
1	158636	15863.5	14
1	158638	15863.7	1
1	158738	15873.7	2
1	158800	15879.9	3
1	158802	15880.1	1
1	158888	15888.7	6
1	158932	15893.1	15
1	158946	15894.5	7
1	159230	15922.9	31
1	159272	15927.1	39
1	159320	15931.9	8
1	159344	15934.3	12
1	159370	15936.9	12
1	159396	15939.5	4
1	159442	15944.1	17
1	159508	15950.7	8
1	159598	15959.7	38
1	159660	15965.9	17
1	159706	15970.5	41
1	159724	15972.3	9
1	159786	15978.5	3
1	159856	15985.5	11
1	159884	15988.3	3
1	159902	15990.1	2
1	159952	15995.1	20
1	159984	15998.3	7
1	160022	16002.1	3
1	160066	16006.5	4
1	160090	16008.9	19
1	160184	16018.3	35
1	160290	16028.9	13
1	160304	16030.3	2
1	160310	16030.9	2
1	160374	16037.3	11
1	160422	16042.1	7
1	160528	16052.7	5
1	160556	16055.5	3
1	160608	16060.7	5
1	160652	16065.1	4
1	160690	16068.9	34
1	160692	16069.1	1
1	160742	16074.1	2
1	160780	16077.9	3
1	160818	16081.7	31
1	160852	16085.1	15
1	160854	16085.3	1
1	160884	16088.3	24
1	161060	16105.9	3
1	161088	16108.7	13
1	161146	16114.5	17
1	161260	16125.9	2
1	161368	16136.7	25
1	161404	16140.3	11
1	161506	16150.5	3
1	161546	16154.5	7
1	161606	16160.5	15
1	161866	16186.5	8
1	161904	16190.3	2
1	161990	16198.9	14
1	162008	16200.7	4
1	162026	16202.5	9
1	162050	16204.9	8
1	162092	16209.1	19
1	162180	16217.9	6
1	162328	16232.7	4
1	162356	16235.5	13
1	162376	16237.5	4
1	162410	16240.9	6
1	162424	16242.3	11
1	162442	16244.1	3
1	162476	16247.5	12
1	162668	16266.7	18
1	162682	16268.1	1
1	162698	16269.7	3
1	162726	16272.5	11
1	162752	16275.1	3
1	162828	16282.7	44
1	162896	16289.5	3
1	163028	16302.7	13
1	163126	16312.5	21
1	163172	16317.1	41
1	163174	16317.3	1
1	163182	16318.1	7
1	163214	16321.3	6
1	163264	16326.3	35
1	163300	16329.9	19
1	163418	16341.7	3
1	163542	16354.1	3
1	163568	16356.7	12
1	163620	16361.9	9
1	163624	16362.3	2
1	163818	16381.7	35
1	163912	16391.1	2
1	164006	16400.5	18
1	164018	16401.7	3
1	164050	16404.9	21
1	164108	16410.7	2
1	164150	16414.9	16
1	164154	16415.3	1
1	164192	16419.1	11
1	164198	16419.7	5
1	164258	16425.7	3
1	164370	16436.9	51
1	164372	16437.1	1
1	164424	16442.3	12
1	164442	16444.1	10
1	164516	16451.5	21
1	164606	16460.5	49
1	164646	16464.5	12
1	164714	16471.3	6
1	164740	16473.9	7
1	164842	16484.1	16
1	164848	16484.7	1
1	164910	16490.9	1
1	164942	16494.1	8
1	164988	16498.7	33
1	165134	16513.3	9
1	165164	16516.3	1
1	165184	16518.3	9
1	165204	16520.3	4
1	165330	16532.9	6
1	165364	16536.3	11
1	165376	16537.5	10
1	165454	16545.3	4
1	165496	16549.5	15
1	165524	16552.3	9
1	165572	16557.1	30
1	165602	16560.1	7
1	165868	16586.7	32
1	166048	16604.7	14
1	166116	16611.5	3
1	166136	16613.5	13
1	166154	16615.3	7
1	166216	16621.5	22
1	166328	16632.7	4
1	166344	16634.3	11
1	166378	16637.7	30
1	166466	16646.5	21
1	166638	16663.7	7
1	166650	16664.9	2
1	166792	16679.1	5
1	166814	16681.3	4
1	166844	16684.3	17
1	166860	16685.9	7
1	166880	16687.9	5
1	166972	16697.1	8
1	167026	16702.5	43
1	167138	16713.7	4
1	167278	16727.7	1
1	167398	16739.7	28
1	167456	16745.5	11
1	167468	16746.7	3
1	167482	16748.1	5
1	167500	16749.9	14
1	167512	16751.1	6
1	167548	16754.7	2
1	167552	16755.1	2
1	167688	16768.7	31
1	167722	16772.1	3
1	167770	16776.9	37
1	167824	16782.3	33
1	167926	16792.5	29
1	168056	16805.5	45
1	168078	16807.7	4
1	168140	16813.9	7
1	168172	16817.1	9
1	168194	16819.3	3
1	168312	16831.1	9
1	168368	16836.7	4
1	168464	16846.3	54
1	168486	16848.5	6
1	168568	16856.7	5
1	168616	16861.5	7
1	168676	16867.5	25
1	168882	16888.1	19
1	168952	16895.1	27
1	169002	16900.1	1
1	169106	16910.5	3
1	169128	16912.7	1
1	169204	16920.3	15
1	169220	16921.9	4
1	169240	16923.9	7
1	169390	16938.9	17
1	169446	16944.5	2
1	169468	16946.7	20
1	169596	16959.5	65
1	169618	16961.7	2
1	169628	16962.7	9
1	169650	16964.9	7
1	169668	16966.7	2
1	169672	16967.1	3
1	169754	16975.3	28
1	169926	16992.5	7
1	169974	16997.3	36
1	169992	16999.1	9
1	170126	17012.5	5
1	170182	17018.1	3
1	170278	17027.7	56
1	170454	17045.3	10
1	170476	17047.5	2
1	170554	17055.3	3
1	170632	17063.1	2
1	170692	17069.1	19
1	170710	17070.9	4
1	170822	17082.1	17
1	170876	17087.5	12
1	170900	17089.9	19
1	170940	17093.9	8
1	170974	17097.3	1
1	171012	17101.1	12
1	171080	17107.9	23
1	171088	17108.7	2
1	171148	17114.7	6
1	171258	17125.7	14
1	171294	17129.3	11
1	171348	17134.7	1
1	171444	17144.3	10
1	171470	17146.9	13
1	171488	17148.7	3
1	171492	17149.1	2
1	171622	17162.1	7
1	171630	17162.9	6
1	171634	17163.3	2
1	171664	17166.3	1
1	171726	17172.5	16
1	171756	17175.5	11
1	171802	17180.1	3
1	171818	17181.7	13
1	171856	17185.5	28
1	171866	17186.5	2
1	172012	17201.1	7
1	172054	17205.3	19
1	172066	17206.5	9
1	172132	17213.1	7
1	172200	17219.9	5
1	172232	17223.1	3
1	172330	17232.9	11
1	172360	17235.9	7
1	172438	17243.7	2
1	172470	17246.9	6
1	172494	17249.3	1
1	172536	17253.5	7
1	172634	17263.3	12
1	172676	17267.5	2
1	172798	17279.7	2
1	172810	17280.9	4
1	172852	17285.1	1
1	172950	17294.9	28
1	172964	17296.3	3
1	173000	17299.9	3
1	173104	17310.3	11
1	173134	17313.3	3
1	173212	17321.1	10
1	173412	17341.1	20
1	173476	17347.5	5
1	173514	17351.3	12
1	173590	17358.9	3
1	173634	17363.3	25
1	173696	17369.5	8
1	173728	17372.7	11
1	173768	17376.7	35
1	173802	17380.1	29
1	173874	17387.3	5
1	173992	17399.1	8
1	174026	17402.5	2
1	174104	17410.3	6
1	174124	17412.3	19
1	174216	17421.5	11
1	174252	17425.1	9
1	174266	17426.5	5
1	174496	17449.5	25
1	174526	17452.5	29
1	174572	17457.1	3
1	174592	17459.1	11
1	174654	17465.3	34
1	174670	17466.9	11
1	174764	17476.3	25
1	174876	17487.5	5
1	174910	17490.9	19
1	174920	17491.9	1
1	175016	17501.5	10
1	175042	17504.1	25
1	175066	17506.5	4
1	175070	17506.9	3
1	175130	17512.9	8
1	175138	17513.7	7
1	175230	17522.9	13
1	175358	17535.7	11
1	175412	17541.1	1
1	175554	17555.3	16
1	175556	17555.5	1
1	175738	17573.7	11
1	175746	17574.5	2
1	175814	17581.3	17
1	175852	17585.1	6
1	175900	17589.9	42
1	175934	17593.3	3
1	175944	17594.3	6
1	175986	17598.5	16
1	176024	17602.3	1
1	176040	17603.9	5
1	176094	17609.3	28
1	176140	17613.9	8
1	176214	17621.3	18
1	176264	17626.3	2
1	176336	17633.5	13
1	176364	17636.3	13
1	176386	17638.5	11
1	176388	17638.7	1
1	176446	17644.5	2
1	176464	17646.3	13
1	176536	17653.5	3
1	176652	17665.1	11
1	176696	17669.5	40
1	176804	17680.3	19
1	176862	17686.1	4
1	176912	17691.1	9
1	176968	17696.7	9
1	177108	17710.7	11
1	177188	17718.7	31
1	177210	17720.9	2
1	177240	17723.9	7
1	177260	17725.9	7
1	177288	17728.7	15
1	177380	17737.9	12
1	177408	17740.7	12
1	177476	17747.5	44
1	177728	17772.7	28
1	177808	17780.7	17
1	177908	17790.7	4
1	177966	17796.5	4
1	177988	17798.7	9
1	178024	17802.3	22
1	178054	17805.3	2
1	178086	17808.5	2
1	178286	17828.5	12
1	178356	17835.5	1
1	178396	17839.5	27
1	178406	17840.5	3
1	178424	17842.3	1
1	178476	17847.5	11
1	178498	17849.7	3
1	178540	17853.9	3
1	178592	17859.1	23
1	178622	17862.1	12
1	178672	17867.1	19
1	178696	17869.5	7
1	178720	17871.9	5
1	178908	17890.7	9
1	178992	17899.1	2
1	179022	17902.1	9
1	179048	17904.7	2
1	179080	17907.9	5
1	179122	17912.1	2
1	179300	17929.9	31
1	179380	17937.9	24
1	179390	17938.9	5
1	179426	17942.5	2
1	179510	17950.9	9
1	179586	17958.5	13
1	179660	17965.9	6
1	179694	17969.3	6
1	179734	17973.3	21
1	179838	17983.7	5
1	179862	17986.1	3
1	179902	17990.1	13
1	179904	17990.3	1
1	179976	17997.5	1
1	180002	18000.1	12
1	180022	18002.1	13
1	180046	18004.5	21
1	180082	18008.1	3
1	180248	18024.7	9
1	180288	18028.7	18
1	180338	18033.7	15
1	180426	18042.5	3
1	180436	18043.5	2
1	180458	18045.7	2
1	180624	18062.3	14
1	180654	18065.3	8
1	180878	18087.7	2
1	180902	18090.1	22
1	180912	18091.1	7
1	180952	18095.1	8
1	180994	18099.3	10
1	181086	18108.5	7
1	181244	18124.3	39
1	181274	18127.3	11
1	181374	18137.3	11
1	181440	18143.9	5
1	181474	18147.3	18
1	181492	18149.1	11
1	181548	18154.7	4
1	181574	18157.3	3
1	181634	18163.3	9
1	181768	18176.7	1
1	181798	18179.7	14
1	181860	18185.9	13
1	181960	18195.9	21
1	182116	18211.5	3
1	182134	18213.3	13
1	182164	18216.3	2
1	182166	18216.5	1
1	182188	18218.7	21
1	182216	18221.5	5
1	182232	18223.1	2
1	182280	18227.9	1
1	182300	18229.9	7
1	182318	18231.7	8
1	182328	18232.7	2
1	182340	18233.9	4
1	182352	18235.1	5
1	182408	18240.7	1
1	182436	18243.5	4
1	182584	18258.3	19
1	182602	18260.1	4
1	182628	18262.7	4
1	182716	18271.5	69
1	182792	18279.1	25
1	182814	18281.3	8
1	182838	18283.7	3
1	182916	18291.5	18
1	182930	18292.9	10
1	182966	18296.5	5
1	183028	18302.7	5
1	183070	18306.9	17
1	183180	18317.9	21
1	183294	18329.3	7
1	183334	18333.3	7
1	183404	18340.3	16
1	183516	18351.5	3
1	183538	18353.7	2
1	183544	18354.3	4
1	183590	18358.9	17
1	183852	18385.1	3
1	183978	18397.7	41
1	184008	18400.7	13
1	184026	18402.5	2
1	184054	18405.3	5
1	184120	18411.9	14
1	184162	18416.1	24
1	184212	18421.1	3
1	184228	18422.7	7
1	184262	18426.1	19
1	184302	18430.1	3
1	184316	18431.5	4
1	184334	18433.3	10
1	184420	18441.9	57
1	184446	18444.5	19
1	184458	18445.7	2
1	184496	18449.5	21
1	184530	18452.9	2
1	184574	18457.3	9
1	184588	18458.7	7
1	184640	18463.9	3
1	184644	18464.3	3
1	184680	18467.9	2
1	184720	18471.9	4
1	184740	18473.9	16
1	184766	18476.5	15
1	184844	18484.3	30
1	184930	18492.9	9
1	184958	18495.7	11
1	184990	18498.9	9
1	185050	18504.9	2
1	185092	18509.1	7
1	185140	18513.9	39
1	185144	18514.3	2
1	185216	18521.5	13
1	185336	18533.5	4
1	185424	18542.3	19
1	185494	18549.3	4
1	185616	18561.5	18
1	185680	18567.9	7
1	185688	18568.7	6
1	185836	18583.5	12
1	185930	18592.9	2
1	186006	18600.5	2
1	186104	18610.3	10
1	186120	18611.9	2
1	186140	18613.9	13
1	186168	18616.7	8
1	186306	18630.5	4
1	186378	18637.7	4
1	186532	18653.1	28
1	186562	18656.1	1
1	186656	18665.5	2
1	186698	18669.7	18
1	186710	18670.9	2
1	186836	18683.5	16
1	186904	18690.3	35
1	186922	18692.1	16
1	187008	18700.7	11
1	187046	18704.5	25
1	187092	18709.1	17
1	187150	18714.9	12
1	187198	18719.7	17
1	187270	18726.9	17
1	187486	18748.5	11
1	187602	18760.1	4
1	187680	18767.9	33
1	187726	18772.5	7
1	187756	18775.5	24
1	187916	18791.5	10
1	188022	18802.1	33
1	188040	18803.9	9
1	188052	18805.1	8
1	188056	18805.5	2
1	188126	18812.5	6
1	188250	18824.9	14
1	188288	18828.7	5
1	188346	18834.5	20
1	188348	18834.7	1
1	188354	18835.3	1
1	188414	18841.3	11
1	188464	18846.3	3
1	188562	18856.1	6
1	188600	18859.9	30
1	188664	18866.3	14
1	188866	18886.5	14
1	188880	18887.9	5
1	189130	18912.9	3
1	189136	18913.5	1
1	189216	18921.5	11
1	189218	18921.7	1
1	189264	18926.3	17
1	189330	18932.9	5
1	189378	18937.7	15
1	189460	18945.9	8
1	189498	18949.7	17
1	189664	18966.3	27
1	189678	18967.7	2
1	189740	18973.9	9
1	189772	18977.1	13
1	189804	18980.3	9
1	189958	18995.7	18
1	189982	18998.1	15
1	189990	18998.9	5
1	190008	19000.7	6
1	190044	19004.3	7
1	190116	19011.5	14
1	190200	19019.9	2
1	190280	19027.9	26
1	190378	19037.7	28
1	190380	19037.9	1
1	190390	19038.9	9
1	190484	19048.3	24
1	190624	19062.3	11
1	190678	19067.7	17
1	190716	19071.5	7
1	190746	19074.5	1
1	190870	19086.9	6
1	190954	19095.3	28
1	191006	19100.5	7
1	191058	19105.7	3
1	191076	19107.5	15
1	191096	19109.5	6
1	191206	19120.5	9
1	191224	19122.3	5
1	191302	19130.1	8
1	191316	19131.5	2
1	191342	19134.1	7
1	191496	19149.5	2
1	191606	19160.5	16
1	191648	19164.7	13
1	191674	19167.3	12
1	191676	19167.5	1
1	191726	19172.5	6
1	191750	19174.9	3
1	191768	19176.7	13
1	191790	19178.9	15
1	191846	19184.5	35
1	191948	19194.7	13
1	191974	19197.3	20
1	192058	19205.7	1
1	192096	19209.5	4
1	192128	19212.7	19
1	192148	19214.7	14
1	192174	19217.3	5
1	192202	19220.1	3
1	192250	19224.9	4
1	192264	19226.3	6
1	192282	19228.1	2
1	192342	19234.1	21
1	192512	19251.1	9
1	192570	19256.9	2
1	192640	19263.9	25
1	192666	19266.5	10
1	192696	19269.5	5
1	192722	19272.1	5
1	192972	19297.1	3
1	193108	19310.7	3
1	193182	19318.1	27
1	193212	19321.1	12
1	193272	19327.1	5
1	193324	19332.3	15
1	193358	19335.7	21
1	193362	19336.1	2
1	193422	19342.1	3
1	193442	19344.1	8
1	193496	19349.5	31
1	193518	19351.7	17
1	193544	19354.3	5
1	193554	19355.3	8
1	193560	19355.9	4
1	193608	19360.7	11
1	193680	19367.9	9
1	193712	19371.1	15
1	193730	19372.9	14
1	193740	19373.9	3
1	193866	19386.5	9
1	193924	19392.3	35
1	193950	19394.9	3
1	193968	19396.7	7
1	193972	19397.1	2
1	193974	19397.3	1
1	194294	19429.3	6
1	194366	19436.5	32
1	194414	19441.3	19
1	194426	19442.5	11
1	194450	19444.9	10
1	194612	19461.1	7
1	194656	19465.5	25
1	194840	19483.9	7
1	194888	19488.7	45
1	194950	19494.9	6
1	194990	19498.9	5
1	195042	19504.1	22
1	195062	19506.1	15
1	195092	19509.1	3
1	195112	19511.1	18
1	195164	19516.3	13
1	195304	19530.3	9
1	195316	19531.5	2
1	195372	19537.1	15
1	195412	19541.1	8
1	195460	19545.9	2
1	195540	19553.9	7
1	195554	19555.3	7
1	195588	19558.7	11
1	195600	19559.9	4
1	195614	19561.3	3
1	195616	19561.5	1
1	195730	19572.9	24
1	195754	19575.3	1
1	196190	19618.9	3
1	196210	19620.9	7
1	196248	19624.7	6
1	196328	19632.7	9
1	196396	19639.5	10
1	196466	19646.5	33
1	196488	19648.7	6
1	196494	19649.3	5
1	196542	19654.1	35
1	196574	19657.3	11
1	196594	19659.3	6
1	196728	19672.7	7
1	196772	19677.1	14
1	196836	19683.5	25
1	196844	19684.3	2
1	196864	19686.3	6
1	196990	19698.9	5
1	197022	19702.1	16
1	197048	19704.7	16
1	197134	19713.3	7
1	197136	19713.5	1
1	197202	19720.1	13
1	197248	19724.7	2
1	197324	19732.3	16
1	197346	19734.5	1
1	197384	19738.3	2
1	197478	19747.7	4
1	197520	19751.9	40
1	197564	19756.3	1
1	197590	19758.9	2
1	197632	19763.1	21
1	197642	19764.1	9
1	197670	19766.9	5
1	197674	19767.3	2
1	197698	19769.7	5
1	197734	19773.3	14
1	197932	19793.1	2
1	197956	19795.5	10
1	197976	19797.5	11
1	198050	19804.9	11
1	198174	19817.3	3
1	198216	19821.5	29
1	198230	19822.9	3
1	198266	19826.5	18
1	198312	19831.1	10
1	198422	19842.1	3
1	198442	19844.1	7
1	198530	19852.9	6
1	198546	19854.5	6
1	198574	19857.3	2
1	198726	19872.5	1
1	198814	19881.3	22
1	198834	19883.3	14
1	198850	19884.9	14
1	198906	19890.5	13
1	198968	19896.7	4
1	199056	19905.5	2
1	199072	19907.1	9
1	199168	19916.7	29
1	199216	19921.5	6
1	199462	19946.1	49
1	199502	19950.1	27
1	199530	19952.9	1
1	199564	19956.3	25
1	199590	19958.9	5
1	199732	19973.1	19
1	199798	19979.7	15
1	199806	19980.5	1
1	199880	19987.9	13
1	199904	19990.3	15
1	199940	19993.9	25
1	199958	19995.7	11
1	199990	19998.9	1
1	200026	20002.5	27
1	200200	20019.9	26
1	200276	20027.5	25
1	200482	20048.1	5
1	200588	20058.7	19
1	200636	20063.5	4
1	200674	20067.3	11
1	200702	20070.1	20
1	200750	20074.9	20
1	200770	20076.9	5
1	200786	20078.5	10
1	200824	20082.3	5
1	200960	20095.9	3
1	201042	20104.1	1
1	201246	20124.5	7
1	201298	20129.7	29
1	201420	20141.9	9
1	201508	20150.7	44
1	201602	20160.1	4
1	201608	20160.7	1
1	201642	20164.1	25
1	201674	20167.3	1
1	201704	20170.3	9
1	201712	20171.1	2
1	201766	20176.5	7
1	201796	20179.5	1
1	201838	20183.7	2
1	202018	20201.7	8
1	202044	20204.3	6
1	202094	20209.3	44
1	202136	20213.5	13
1	202188	20218.7	4
1	202234	20223.3	27
1	202258	20225.7	4
1	202310	20230.9	34
1	202350	20234.9	20
1	202364	20236.3	4
1	202410	20240.9	39
1	202520	20251.9	1
1	202554	20255.3	10
1	202578	20257.7	2
1	202710	20270.9	17
1	202714	20271.3	3
1	202770	20276.9	14
1	202806	20280.5	3
1	202892	20289.1	13
1	202924	20292.3	19
1	203042	20304.1	8
1	203092	20309.1	44
1	203100	20309.9	7
1	203188	20318.7	32
1	203218	20321.7	6
1	203284	20328.3	25
1	203306	20330.5	18
1	203342	20334.1	3
1	203366	20336.5	23
1	203386	20338.5	7
1	203422	20342.1	26
1	203512	20351.1	3
1	203698	20369.7	10
1	203714	20371.3	5
1	203866	20386.5	12
1	203894	20389.3	9
1	203918	20391.7	7
1	203956	20395.5	5
1	203976	20397.5	18
1	203998	20399.7	15
1	204164	20416.3	8
1	204194	20419.3	9
1	204270	20426.9	19
1	204336	20433.5	36
1	204368	20436.7	30
1	204404	20440.3	25
1	204412	20441.1	1
1	204442	20444.1	3
1	204478	20447.7	23
1	204596	20459.5	37
1	204630	20462.9	7
1	204734	20473.3	16
1	204782	20478.1	11
1	204790	20478.9	3
1	204854	20485.3	33
1	204870	20486.9	7
1	204924	20492.3	47
1	204946	20494.5	5
1	205008	20500.7	37
1	205038	20503.7	7
1	205128	20512.7	1
1	205164	20516.3	27
1	205214	20521.3	23
1	205256	20525.5	32
1	205292	20529.1	4
1	205364	20536.3	16
1	205460	20545.9	1
1	205492	20549.1	26
1	205500	20549.9	5
1	205518	20551.7	1
1	205534	20553.3	1
1	205684	20568.3	17
1	205728	20572.7	10
1	205898	20589.7	3
1	205952	20595.1	7
1	205958	20595.7	5
1	205976	20597.5	14
1	205982	20598.1	3
1	205990	20598.9	6
1	206002	20600.1	8
1	206172	20617.1	9
1	206236	20623.5	2
1	206258	20625.7	11
1	206346	20634.5	57
1	206440	20643.9	39
1	206524	20652.3	14
1	206566	20656.5	26
1	206690	20668.9	2
1	206746	20674.5	9
1	206828	20682.7	1
1	206852	20685.1	12
1	206890	20688.9	25
1	206986	20698.5	5
1	207010	20700.9	8
1	207116	20711.5	28
1	207124	20712.3	3
1	207128	20712.7	1
1	207146	20714.5	7
1	207196	20719.5	1
1	207262	20726.1	6
1	207304	20730.3	25
1	207404	20740.3	14
1	207434	20743.3	1
1	207536	20753.5	5
1	207698	20769.7	1
1	207704	20770.3	2
1	207794	20779.3	12
1	207818	20781.7	2
1	207852	20785.1	3
1	207924	20792.3	11
1	207948	20794.7	22
1	208024	20802.3	8
1	208108	20810.7	4
1	208198	20819.7	7
1	208218	20821.7	1
1	208326	20832.5	11
1	208448	20844.7	30
1	208576	20857.5	17
1	208684	20868.3	13
1	208738	20873.7	27
1	208746	20874.5	6
1	208802	20880.1	14
1	208860	20885.9	9
1	208906	20890.5	11
1	209006	20900.5	29
1	209098	20909.7	5
1	209162	20916.1	7
1	209216	20921.5	31
1	209260	20925.9	37
1	209274	20927.3	11
1	209316	20931.5	26
1	209362	20936.1	15
1	209384	20938.3	3
1	209460	20945.9	40
1	209486	20948.5	24
1	209674	20967.3	10
1	209726	20972.5	31
1	209794	20979.3	10
1	209914	20991.3	5
1	209928	20992.7	7
1	209966	20996.5	1
1	209994	20999.3	16
1	210074	21007.3	33
1	210150	21014.9	70
1	210202	21020.1	9
1	210222	21022.1	3
1	210262	21026.1	3
1	210288	21028.7	2
1	210310	21030.9	2
1	210318	21031.7	3
1	210332	21033.1	2
1	210388	21038.7	2
1	210444	21044.3	22
1	210498	21049.7	8
1	210534	21053.3	9
1	210550	21054.9	1
1	210618	21061.7	15
1	210714	21071.3	9
1	210748	21074.7	28
1	210814	21081.3	16
1	210862	21086.1	16
1	210892	21089.1	8
1	210900	21089.9	6
1	210938	21093.7	13
1	210958	21095.7	7
1	211072	21107.1	4
1	211092	21109.1	4
1	211180	21117.9	38
1	211188	21118.7	2
1	211240	21123.9	3
1	211242	21124.1	1
1	211332	21133.1	16
1	211368	21136.7	15
1	211396	21139.5	13
1	211456	21145.5	41
1	211524	21152.3	5
1	211548	21154.7	13
1	211684	21168.3	14
1	211908	21190.7	4
1	212016	21201.5	23
1	212126	21212.5	1
1	212142	21214.1	7
1	212150	21214.9	1
1	212288	21228.7	2
1	212440	21243.9	2
1	212504	21250.3	5
1	212560	21255.9	5
1	212564	21256.3	2
1	212624	21262.3	13
1	212670	21266.9	31
1	212684	21268.3	12
1	212744	21274.3	10
1	212786	21278.5	41
1	212844	21284.3	2
1	212910	21290.9	9
1	212924	21292.3	1
1	213014	21301.3	13
1	213176	21317.5	27
1	213178	21317.7	1
1	213230	21322.9	19
1	213256	21325.5	2
1	213394	21339.3	9
1	213436	21343.5	3
1	213468	21346.7	30
1	213506	21350.5	11
1	213650	21364.9	31
1	213674	21367.3	19
1	213698	21369.7	11
1	213724	21372.3	6
1	213740	21373.9	15
1	213784	21378.3	10
1	213900	21389.9	23
1	213946	21394.5	13
1	214102	21410.1	35
1	214112	21411.1	5
1	214136	21413.5	1
1	214210	21420.9	37
1	214290	21428.9	7
1	214358	21435.7	38
1	214396	21439.5	8
1	214408	21440.7	8
1	214542	21454.1	11
1	214612	21461.1	3
1	214654	21465.3	2
1	214722	21472.1	13
1	214798	21479.7	33
1	214806	21480.5	4
1	214824	21482.3	9
1	214842	21484.1	3
1	214848	21484.7	5
1	214880	21487.9	31
1	214974	21497.3	41
1	215064	21506.3	9
1	215172	21517.1	21
1	215226	21522.5	8
1	215270	21526.9	25
1	215318	21531.7	27
1	215358	21535.7	8
1	215560	21555.9	7
1	215606	21560.5	8
1	215630	21562.9	4
1	215734	21573.3	15
1	215812	21581.1	2
1	215830	21582.9	10
1	215918	21591.7	3
1	215966	21596.5	9
1	216008	21600.7	24
1	216096	21609.5	19
1	216108	21610.7	8
1	216216	21621.5	6
1	216262	21626.1	15
1	216306	21630.5	6
1	216382	21638.1	4
1	216412	21641.1	7
1	216438	21643.7	24
1	216650	21664.9	58
1	216704	21670.3	2
1	216766	21676.5	5
1	216910	21690.9	37
1	216988	21698.7	11
1	217058	21705.7	5
1	217146	21714.5	5
1	217252	21725.1	23
1	217276	21727.5	9
1	217312	21731.1	26
1	217336	21733.5	17
1	217358	21735.7	13
1	217374	21737.3	15
1	217446	21744.5	4
1	217514	21751.3	21
1	217566	21756.5	19
1	217568	21756.7	1
1	217570	21756.9	1
1	217600	21759.9	6
1	217662	21766.1	49
1	217682	21768.1	12
1	217692	21769.1	6
1	217710	21770.9	4
1	217750	21774.9	28
1	217800	21779.9	27
1	217838	21783.7	11
1	217862	21786.1	1
1	217872	21787.1	2
1	217944	21794.3	5
1	218004	21800.3	4
1	218030	21802.9	3
1	218186	21818.5	16
1	218216	21821.5	11
1	218336	21833.5	1
1	218358	21835.7	18
1	218382	21838.1	5
1	218444	21844.3	3
1	218486	21848.5	12
1	218510	21850.9	19
1	218574	21857.3	6
1	218650	21864.9	5
1	218684	21868.3	21
1	218714	21871.3	2
1	218790	21878.9	1
1	218794	21879.3	3
1	218796	21879.5	1
1	218924	21892.3	2
1	218940	21893.9	6
1	218968	21896.7	8
1	219002	21900.1	17
1	219034	21903.3	3
1	219066	21906.5	22
1	219072	21907.1	1
1	219122	21912.1	48
1	219130	21912.9	2
1	219352	21935.1	7
1	219452	21945.1	3
1	219500	21949.9	13
1	219592	21959.1	7
1	219774	21977.3	3
1	219810	21980.9	1
1	219846	21984.5	3
1	219902	21990.1	7
1	219938	21993.7	23
1	219966	21996.5	15
1	219974	21997.3	4
1	220026	22002.5	5
1	220038	22003.7	2
1	220236	22023.5	19
1	220262	22026.1	2
1	220274	22027.3	6
1	220344	22034.3	3
1	220468	22046.7	11
1	220484	22048.3	2
1	220508	22050.7	13
1	220536	22053.5	23
1	220554	22055.3	8
1	220606	22060.5	19
1	220654	22065.3	12
1	220700	22069.9	17
1	220768	22076.7	20
1	220818	22081.7	2
1	220928	22092.7	15
1	220988	22098.7	39
1	221028	22102.7	3
1	221120	22111.9	91
1	221126	22112.5	2
1	221318	22131.7	15
1	221350	22134.9	4
1	221484	22148.3	1
1	221528	22152.7	7
1	221596	22159.5	12
1	221656	22165.5	21
1	221794	22179.3	9
1	221898	22189.7	18
1	221968	22196.7	31
1	222020	22201.9	15
1	222030	22202.9	2
1	222216	22221.5	18
1	222274	22227.3	47
1	222354	22235.3	3
1	222436	22243.5	21
1	222532	22253.1	22
1	222580	22257.9	44
1	222646	22264.5	47
1	222688	22268.7	2
1	222748	22274.7	8
1	222790	22278.9	1
1	222862	22286.1	14
1	222910	22290.9	2
1	223086	22308.5	9
1	223180	22317.9	7
1	223194	22319.3	2
1	223222	22322.1	11
1	223272	22327.1	2
1	223274	22327.3	1
1	223330	22332.9	15
1	223348	22334.7	14
1	223398	22339.7	10
1	223500	22349.9	27
1	223552	22355.1	3
1	223596	22359.5	3
1	223606	22360.5	9
1	223626	22362.5	5
1	223634	22363.3	6
1	223718	22371.7	41
1	223728	22372.7	4
1	223774	22377.3	6
1	223820	22381.9	7
1	223864	22386.3	3
1	223972	22397.1	4
1	223986	22398.5	12
1	224012	22401.1	21
1	224066	22406.5	3
1	224112	22411.1	26
1	224174	22417.3	31
1	224236	22423.5	27
1	224266	22426.5	1
1	224274	22427.3	6
1	224320	22431.9	11
1	224346	22434.5	21
1	224410	22440.9	14
1	224444	22444.3	21
1	224470	22446.9	4
1	224492	22449.1	5
1	224512	22451.1	2
1	224524	22452.3	3
1	224566	22456.5	6
1	224596	22459.5	15
1	224626	22462.5	11
1	224806	22480.5	26
1	224888	22488.7	15
1	224914	22491.3	14
1	224952	22495.1	10
1	224986	22498.5	1
1	224994	22499.3	1
1	225048	22504.7	31
1	225144	22514.3	35
1	225182	22518.1	16
1	225268	22526.7	33
1	225342	22534.1	10
1	225574	22557.3	7
1	225636	22563.5	8
1	225676	22567.5	7
1	225720	22571.9	33
1	225790	22578.9	68
1	225810	22580.9	3
1	225850	22584.9	20
1	225878	22587.7	16
1	225958	22595.7	3
1	226038	22603.7	27
1	226096	22609.5	9
1	226150	22614.9	3
1	226194	22619.3	1
1	226250	22624.9	19
1	226280	22627.9	7
1	226294	22629.3	4
1	226316	22631.5	10
1	226332	22633.1	2
1	226378	22637.7	17
1	226536	22653.5	2
1	226652	22665.1	21
1	226684	22668.3	30
1	226750	22674.9	15
1	226882	22688.1	11
1	226914	22691.3	3
1	226982	22698.1	16
1	227042	22704.1	14
1	227166	22716.5	17
1	227192	22719.1	9
1	227258	22725.7	57
1	227280	22727.9	21
1	227290	22728.9	7
1	227426	22742.5	11
1	227458	22745.7	15
1	227486	22748.5	19
1	227588	22758.7	7
1	227622	22762.1	9
1	227690	22768.9	32
1	227714	22771.3	10
1	227718	22771.7	2
1	227770	22776.9	8
1	227832	22783.1	8
1	227880	22787.9	11
1	227904	22790.3	17
1	228020	22801.9	11
1	228172	22817.1	11
1	228254	22825.3	37
1	228258	22825.7	2
1	228396	22839.5	19
1	228482	22848.1	53
1	228616	22861.5	45
1	228650	22864.9	6
1	228708	22870.7	51
1	228768	22876.7	1
1	228824	22882.3	2
1	228904	22890.3	5
1	228956	22895.5	9
1	229028	22902.7	13
1	229108	22910.7	10
1	229128	22912.7	2
1	229208	22920.7	28
1	229236	22923.5	5
1	229284	22928.3	10
1	229324	22932.3	25
1	229386	22938.5	4
1	229424	22942.3	18
1	229548	22954.7	36
1	229584	22958.3	16
1	229630	22962.9	25
1	229734	22973.3	3
1	229890	22988.9	4
1	229934	22993.3	27
1	229970	22996.9	7
1	230046	23004.5	19
1	230056	23005.5	2
1	230076	23007.5	1
1	230124	23012.3	5
1	230142	23014.1	10
1	230178	23017.7	19
1	230246	23024.5	2
1	230254	23025.3	5
1	230334	23033.3	70
1	230350	23034.9	3
1	230506	23050.5	39
1	230630	23062.9	17
1	230686	23068.5	8
1	230838	23083.7	66
1	230890	23088.9	21
1	230924	23092.3	17
1	231038	23103.7	12
1	231112	23111.1	1
1	231154	23115.3	2
1	231176	23117.5	7
1	231196	23119.5	1
1	231264	23126.3	27
1	231300	23129.9	2
1	231328	23132.7	19
1	231382	23138.1	11
1	231412	23141.1	7
1	231516	23151.5	17
1	231574	23157.3	22
1	231586	23158.5	6
1	231650	23164.9	35
1	231702	23170.1	17
1	231752	23175.1	5
1	231788	23178.7	3
1	231872	23187.1	7
1	231944	23194.3	11
1	232066	23206.5	101
1	232204	23220.3	6
1	232220	23221.9	9
1	232278	23227.7	17
1	232362	23236.1	24
1	232442	23244.1	8
1	232462	23246.1	11
1	232514	23251.3	17
1	232548	23254.7	17
1	232594	23259.3	8
1	232678	23267.7	24
1	232726	23272.5	29
1	232846	23284.5	7
1	232898	23289.7	30
1	232974	23297.3	15
1	233172	23317.1	9
1	233202	23320.1	12
1	233228	23322.7	5
1	233262	23326.1	2
1	233384	23338.3	2
1	233452	23345.1	15
1	233480	23347.9	6
1	233518	23351.7	19
1	233528	23352.7	6
1	233612	23361.1	6
1	233688	23368.7	1
1	233794	23379.3	23
1	233812	23381.1	4
1	233828	23382.7	5
1	233934	23393.3	43
1	233980	23397.9	21
1	234000	23399.9	1
1	234048	23404.7	3
1	234104	23410.3	6
1	234122	23412.1	4
1	234212	23421.1	24
1	234256	23425.5	3
1	234284	23428.3	5
1	234302	23430.1	4
1	234316	23431.5	1
1	234426	23442.5	45
1	234478	23447.7	9
1	234546	23454.5	2
1	234568	23456.7	11
1	234608	23460.7	6
1	234760	23475.9	29
1	234884	23488.3	5
1	234892	23489.1	2
1	234936	23493.5	11
1	234968	23496.7	1
1	235024	23502.3	6
1	235110	23510.9	30
1	235126	23512.5	8
1	235246	23524.5	5
1	235290	23528.9	19
1	235332	23533.1	7
1	235390	23538.9	6
1	235476	23547.5	30
1	235488	23548.7	8
1	235500	23549.9	10
1	235542	23554.1	13
1	235564	23556.3	2
1	235612	23561.1	7
1	235640	23563.9	13
1	235670	23566.9	14
1	235724	23572.3	18
1	235784	23578.3	4
1	235804	23580.3	12
1	235860	23585.9	2
1	235920	23591.9	42
1	235992	23599.1	33
1	236036	23603.5	6
1	236046	23604.5	1
1	236146	23614.5	6
1	236242	23624.1	40
1	236404	23640.3	4
1	236436	23643.5	4
1	236500	23649.9	14
1	236534	23653.3	7
1	236572	23657.1	31
1	236810	23680.9	19
1	236952	23695.1	3
1	236996	23699.5	42
1	237042	23704.1	22
1	237106	23710.5	27
1	237118	23711.7	6
1	237186	23718.5	2
1	237276	23727.5	31
1	237290	23728.9	3
1	237306	23730.5	5
1	237324	23732.3	4
1	237382	23738.1	11
1	237404	23740.3	12
1	237416	23741.5	11
1	237448	23744.7	12
1	237494	23749.3	21
1	237556	23755.5	25
1	237584	23758.3	17
1	237636	23763.5	16
1	237656	23765.5	13
1	237758	23775.7	7
1	237814	23781.3	14
1	237966	23796.5	9
1	237990	23798.9	9
1	238114	23811.3	2
1	238194	23819.3	9
1	238204	23820.3	5
1	238240	23823.9	29
1	238262	23826.1	17
1	238300	23829.9	16
1	238388	23838.7	26
1	238422	23842.1	3
1	238442	23844.1	4
1	238492	23849.1	41
1	238518	23851.7	6
1	238568	23856.7	5
1	238576	23857.5	2
1	238698	23869.7	33
1	238742	23874.1	23
1	238804	23880.3	19
1	238946	23894.5	12
1	238976	23897.5	3
1	239052	23905.1	43
1	239102	23910.1	16
1	239126	23912.5	2
1	239192	23919.1	23
1	239254	23925.3	6
1	239298	23929.7	9
1	239324	23932.3	4
1	239464	23946.3	16
1	239486	23948.5	1
1	239522	23952.1	5
1	239558	23955.7	5
1	239604	23960.3	2
1	239670	23966.9	3
1	239700	23969.9	27
1	239776	23977.5	4
1	239784	23978.3	2
1	239798	23979.7	3
1	239846	23984.5	17
1	239884	23988.3	7
1	239956	23995.5	5
1	240008	24000.7	6
1	240066	24006.5	13
1	240180	24017.9	14
1	240262	24026.1	2
1	240308	24030.7	13
1	240352	24035.1	25
1	240394	24039.3	6
1	240448	24044.7	11
1	240542	24054.1	80
1	240596	24059.5	10
1	240606	24060.5	7
1	240610	24060.9	3
1	240676	24067.5	31
1	240706	24070.5	2
1	240778	24077.7	5
1	240878	24087.7	15
1	240914	24091.3	13
1	240918	24091.7	2
1	240968	24096.7	43
1	241036	24103.5	1
1	241126	24112.5	32
1	241182	24118.1	13
1	241262	24126.1	3
1	241298	24129.7	1
1	241316	24131.5	5
1	241348	24134.7	2
1	241420	24141.9	9
1	241474	24147.3	2
1	241518	24151.7	3
1	241556	24155.5	6
1	241584	24158.3	16
1	241630	24162.9	22
1	241664	24166.3	28
1	241718	24171.7	1
1	241732	24173.1	1
1	241832	24183.1	6
1	241854	24185.3	20
1	241930	24192.9	2
1	241954	24195.3	3
1	241970	24196.9	7
1	242014	24201.3	20
1	242052	24205.1	11
1	242066	24206.5	11
1	242106	24210.5	2
1	242144	24214.3	5
1	242154	24215.3	3
1	242172	24217.1	12
1	242258	24225.7	3
1	242294	24229.3	3
1	242392	24239.1	19
1	242424	24242.3	25
1	242428	24242.7	2
1	242454	24245.3	9
1	242486	24248.5	16
1	242516	24251.5	3
1	242664	24266.3	26
1	242700	24269.9	9
1	242752	24275.1	27
1	242780	24277.9	6
1	242848	24284.7	2
1	242880	24287.9	18
1	242904	24290.3	19
1	242914	24291.3	9
1	242974	24297.3	11
1	242988	24298.7	3
1	243022	24302.1	30
1	243032	24303.1	5
1	243180	24317.9	40
1	243196	24319.5	6
1	243258	24325.7	15
1	243328	24332.7	4
1	243366	24336.5	5
1	243416	24341.5	7
1	243496	24349.5	5
1	243530	24352.9	15
1	243548	24354.7	4
1	243662	24366.1	9
1	243700	24369.9	6
1	243720	24371.9	4
1	243794	24379.3	54
1	243802	24380.1	5
1	243808	24380.7	5
1	243812	24381.1	3
1	243816	24381.5	2
1	243994	24399.3	30
1	244026	24402.5	8
1	244070	24406.9	5
1	244098	24409.7	5
1	244140	24413.9	6
1	244212	24421.1	3
1	244216	24421.5	3
1	244298	24429.7	31
1	244310	24430.9	10
1	244358	24435.7	1
1	244360	24435.9	1
1	244436	24443.5	4
1	244492	24449.1	2
1	244554	24455.3	13
1	244584	24458.3	9
1	244590	24458.9	5
1	244620	24461.9	13
1	244728	24472.7	11
1	244788	24478.7	3
1	244890	24488.9	1
1	244902	24490.1	7
1	245128	24512.7	2
1	245156	24515.5	18
1	245166	24516.5	5
1	245182	24518.1	3
1	245224	24522.3	29
1	245306	24530.5	6
1	245370	24536.9	25
1	245424	24542.3	12
1	245446	24544.5	5
1	245516	24551.5	27
1	245552	24555.1	32
1	245572	24557.1	16
1	245632	24563.1	5
1	245732	24573.1	8
1	245762	24576.1	7
1	245852	24585.1	1
1	245882	24588.1	6
1	245956	24595.5	10
1	245966	24596.5	2
1	246012	24601.1	7
1	246162	24616.1	25
1	246236	24623.5	7
1	246400	24639.9	10
1	246408	24640.7	5
1	246494	24649.3	11
1	246568	24656.7	19
1	246768	24676.7	35
1	246826	24682.5	27
1	246930	24692.9	17
1	246934	24693.3	2
1	247024	24702.3	5
1	247240	24723.9	15
1	247360	24735.9	13
1	247440	24743.9	5
1	247462	24746.1	9
1	247532	24753.1	29
1	247548	24754.7	5
1	247580	24757.9	13
1	247604	24760.3	9
1	247660	24765.9	1
1	247722	24772.1	16
1	247798	24779.7	1
1	247822	24782.1	19
1	247864	24786.3	14
1	247880	24787.9	1
1	247904	24790.3	7
1	247940	24793.9	10
1	247958	24795.7	1
1	247998	24799.7	9
1	248038	24803.7	12
1	248144	24814.3	28
1	248246	24824.5	3
1	248260	24825.9	1
1	248312	24831.1	8
1	248318	24831.7	1
1	248534	24853.3	42
1	248558	24855.7	14
1	248592	24859.1	1
1	248636	24863.5	3
1	248696	24869.5	5
1	248780	24877.9	5
1	249000	24899.9	1
1	249042	24904.1	4
1	249088	24908.7	9
1	249116	24911.5	3
1	249176	24917.5	29
1	249200	24919.9	10
1	249238	24923.7	23
1	249350	24934.9	9
1	249404	24940.3	9
1	249478	24947.7	17
1	249522	24952.1	36
1	249532	24953.1	2
1	249588	24958.7	14
1	249622	24962.1	4
1	249670	24966.9	9
1	249732	24973.1	55
1	249774	24977.3	17
1	249794	24979.3	5
1	249802	24980.1	6
1	249834	24983.3	28
1	249840	24983.9	2
1	249906	24990.5	1
1	250208	25020.7	6
1	250236	25023.5	17
1	250246	25024.5	3
1	250278	25027.7	4
1	250334	25033.3	2
1	250464	25046.3	18
1	250502	25050.1	9
1	250540	25053.9	13
1	250568	25056.7	10
1	250672	25067.1	11
1	250722	25072.1	16
1	250758	25075.7	24
1	250812	25081.1	4
1	250934	25093.3	17
1	250952	25095.1	7
1	251082	25108.1	1
1	251138	25113.7	22
1	251218	25121.7	16
1	251236	25123.5	16
1	251288	25128.7	2
1	251312	25131.1	16
1	251352	25135.1	29
1	251448	25144.7	19
1	251462	25146.1	7
1	251466	25146.5	2
1	251514	25151.3	2
1	251554	25155.3	27
1	251668	25166.7	2
1	251732	25173.1	19
1	251740	25173.9	4
1	251780	25177.9	9
1	251844	25184.3	2
1	251866	25186.5	20
1	251968	25196.7	2
1	252054	25205.3	21
1	252072	25207.1	7
1	252136	25213.5	21
1	252198	25219.7	10
1	252214	25221.3	2
1	252244	25224.3	10
1	252304	25230.3	38
1	252382	25238.1	3
1	252384	25238.3	1
1	252396	25239.5	10
1	252526	25252.5	4
1	252578	25257.7	35
1	252604	25260.3	7
1	252622	25262.1	17
1	252702	25270.1	35
1	252714	25271.3	10
1	252810	25280.9	5
1	252894	25289.3	3
1	252910	25290.9	8
1	252960	25295.9	19
1	253042	25304.1	5
1	253068	25306.7	6
1	253152	25315.1	53
1	253340	25333.9	9
1	253470	25346.9	18
1	253500	25349.9	2
1	253528	25352.7	8
1	253766	25376.5	35
1	253774	25377.3	2
1	253834	25383.3	4
1	253840	25383.9	1
1	253950	25394.9	44
1	253974	25397.3	22
1	254040	25403.9	32
1	254066	25406.5	11
1	254094	25409.3	20
1	254134	25413.3	19
1	254164	25416.3	6
1	254210	25420.9	5
1	254224	25422.3	3
1	254258	25425.7	1
1	254332	25433.1	5
1	254390	25438.9	9
1	254446	25444.5	3
1	254502	25450.1	4
1	254562	25456.1	4
1	254626	25462.5	7
1	254760	25475.9	2
1	254770	25476.9	2
1	254808	25480.7	17
1	254976	25497.5	60
1	255020	25501.9	25
1	255032	25503.1	11
1	255054	25505.3	5
1	255110	25510.9	7
1	255130	25512.9	3
1	255224	25522.3	23
1	255268	25526.7	34
1	255286	25528.5	3
1	255344	25534.3	55
1	255422	25542.1	2
1	255454	25545.3	24
1	255456	25545.5	1
1	255556	25555.5	15
1	255788	25578.7	12
1	255982	25598.1	55
1	256018	25601.7	32
1	256084	25608.3	8
1	256126	25612.5	2
1	256260	25625.9	51
1	256294	25629.3	21
1	256374	25637.3	26
1	256476	25647.5	3
1	256598	25659.7	3
1	256600	25659.9	1
1	256606	25660.5	2
1	256730	25672.9	6
1	256820	25681.9	31
1	256892	25689.1	33
1	256956	25695.5	23
1	256990	25698.9	12
1	257090	25708.9	3
1	257142	25714.1	13
1	257176	25717.5	3
1	257202	25720.1	25
1	257312	25731.1	4
1	257338	25733.7	22
1	257490	25748.9	12
1	257540	25753.9	8
1	257556	25755.5	7
1	257638	25763.7	20
1	257684	25768.3	28
1	257764	25776.3	49
1	257808	25780.7	9
1	257866	25786.5	19
1	257902	25790.1	9
1	257978	25797.7	7
1	258024	25802.3	7
1	258136	25813.5	40
1	258182	25818.1	21
1	258190	25818.9	2
1	258372	25837.1	13
1	258394	25839.3	1
1	258436	25843.5	25
1	258736	25873.5	13
1	258782	25878.1	7
1	258786	25878.5	3
1	258818	25881.7	5
1	258866	25886.5	7
1	258970	25896.9	14
1	259060	25905.9	4
1	259110	25910.9	1
1	259118	25911.7	7
1	259166	25916.5	7
1	259226	25922.5	19
1	259254	25925.3	13
1	259310	25930.9	13
1	259396	25939.5	10
1	259518	25951.7	9
1	259596	25959.5	31
1	259668	25966.7	18
1	259712	25971.1	3
1	259786	25978.5	49
1	259792	25979.1	4
1	259820	25981.9	4
1	259944	25994.3	17
1	260020	26001.9	20
1	260070	26006.9	7
1	260118	26011.7	8
1	260160	26015.9	37
1	260168	26016.7	2
1	260200	26019.9	3
1	260280	26027.9	15
1	260330	26032.9	4
1	260356	26035.5	11
1	260380	26037.9	21
1	260416	26041.5	3
1	260452	26045.1	11
1	260470	26046.9	5
1	260512	26051.1	9
1	260656	26065.5	36
1	260658	26065.7	1
1	260770	26076.9	11
1	260836	26083.5	36
1	261152	26115.1	43
1	261206	26120.5	7
1	261458	26145.7	3
1	261478	26147.7	2
1	261494	26149.3	5
1	261574	26157.3	18
1	261638	26163.7	54
1	261718	26171.7	36
1	261744	26174.3	11
1	261780	26177.9	5
1	261792	26179.1	11
1	261796	26179.5	2
1	261816	26181.5	1
1	261848	26184.7	18
1	261948	26194.7	6
1	261982	26198.1	12
1	262062	26206.1	79
1	262108	26210.7	3
1	262232	26223.1	7
1	262292	26229.1	28
1	262364	26236.3	25
1	262426	26242.5	50
1	262576	26257.5	4
1	262754	26275.3	3
1	262772	26277.1	2
1	262790	26278.9	15
1	262810	26280.9	4
1	262846	26284.5	7
1	262862	26286.1	12
1	262890	26288.9	7
1	262918	26291.7	5
1	263056	26305.5	4
1	263064	26306.3	3
1	263198	26319.7	2
1	263234	26323.3	15
1	263486	26348.5	15
1	263492	26349.1	4
1	263498	26349.7	2
1	263548	26354.7	9
1	263712	26371.1	2
1	263722	26372.1	1
1	263762	26376.1	10
1	263796	26379.5	26
1	263846	26384.5	5
1	263850	26384.9	1
1	263900	26389.9	7
1	263932	26393.1	13
1	264012	26401.1	61
1	264072	26407.1	9
1	264134	26413.3	37
1	264160	26415.9	20
1	264310	26430.9	2
1	264408	26440.7	4
1	264520	26451.9	72
1	264578	26457.7	23
1	264694	26469.3	58
1	264760	26475.9	19
1	264800	26479.9	38
1	264896	26489.5	2
1	264940	26493.9	9
1	264952	26495.1	7
1	264996	26499.5	12
1	265024	26502.3	2
1	265124	26512.3	13
1	265228	26522.7	43
1	265252	26525.1	12
1	265272	26527.1	9
1	265314	26531.3	23
1	265364	26536.3	11
1	265388	26538.7	9
1	265482	26548.1	16
1	265500	26549.9	13
1	265566	26556.5	13
1	265580	26557.9	7
1	265594	26559.3	5
1	265622	26562.1	20
1	265744	26574.3	28
1	265778	26577.7	1
1	265882	26588.1	2
1	265920	26591.9	4
1	265984	26598.3	51
1	266014	26601.3	5
1	266020	26601.9	5
1	266078	26607.7	5
1	266100	26609.9	7
1	266158	26615.7	4
1	266164	26616.3	4
1	266194	26619.3	19
1	266206	26620.5	5
1	266222	26622.1	5
1	266228	26622.7	5
1	266240	26623.9	1
1	266330	26632.9	1
1	266352	26635.1	6
1	266384	26638.3	3
1	266438	26643.7	9
1	266460	26645.9	8
1	266472	26647.1	3
1	266512	26651.1	9
1	266590	26658.9	37
1	266638	26663.7	25
1	266650	26664.9	3
1	266678	26667.7	21
1	266810	26680.9	3
1	266842	26684.1	15
1	266880	26687.9	32
1	266986	26698.5	89
1	267004	26700.3	7
1	267230	26722.9	2
1	267252	26725.1	21
1	267342	26734.1	22
1	267364	26736.3	16
1	267468	26746.7	5
1	267470	26746.9	1
1	267502	26750.1	22
1	267562	26756.1	9
1	267660	26765.9	1
1	267702	26770.1	4
1	267758	26775.7	7
1	267786	26778.5	27
1	267820	26781.9	9
1	267850	26784.9	2
1	267870	26786.9	14
1	268044	26804.3	5
1	268066	26806.5	5
1	268122	26812.1	43
1	268158	26815.7	29
1	268230	26822.9	15
1	268282	26828.1	15
1	268392	26839.1	17
1	268472	26847.1	3
1	268514	26851.3	2
1	268524	26852.3	4
1	268548	26854.7	2
1	268664	26866.3	52
1	268712	26871.1	21
1	268752	26875.1	14
1	268832	26883.1	7
1	268896	26889.5	16
1	268980	26897.9	35
1	269008	26900.7	20
1	269044	26904.3	3
1	269120	26911.9	19
1	269142	26914.1	18
1	269234	26923.3	20
1	269300	26929.9	11
1	269328	26932.7	13
1	269388	26938.7	11
1	269438	26943.7	25
1	269482	26948.1	2
1	269538	26953.7	48
1	269672	26967.1	19
1	269684	26968.3	10
1	269746	26974.5	49
1	269866	26986.5	24
1	269992	26999.1	16
1	270142	27014.1	6
1	270162	27016.1	2
1	270308	27030.7	8
1	270376	27037.5	1
1	270408	27040.7	27
1	270460	27045.9	13
1	270534	27053.3	2
1	270554	27055.3	11
1	270556	27055.5	1
1	270578	27057.7	3
1	270784	27078.3	9
1	270846	27084.5	9
1	270858	27085.7	2
1	270902	27090.1	13
1	271100	27109.9	13
1	271148	27114.7	23
1	271228	27122.7	23
1	271330	27132.9	8
1	271346	27134.5	7
1	271392	27139.1	4
1	271408	27140.7	4
1	271414	27141.3	3
1	271524	27152.3	79
1	271558	27155.7	3
1	271614	27161.3	6
1	271674	27167.3	12
1	271708	27170.7	26
1	271766	27176.5	3
1	271798	27179.7	4
1	271864	27186.3	34
1	271878	27187.7	8
1	272054	27205.3	22
1	272102	27210.1	7
1	272150	27214.9	15
1	272230	27222.9	11
1	272308	27230.7	19
1	272340	27233.9	31
1	272396	27239.5	23
1	272458	27245.7	45
1	272506	27250.5	13
1	272514	27251.3	1
1	272532	27253.1	6
1	272610	27260.9	8
1	272618	27261.7	6
1	272670	27266.9	10
1	272694	27269.3	4
1	272722	27272.1	19
1	272764	27276.3	34
1	272808	27280.7	19
1	272834	27283.3	13
1	272876	27287.5	2
1	272906	27290.5	4
1	272998	27299.7	35
1	273024	27302.3	10
1	273118	27311.7	9
1	273126	27312.5	7
1	273212	27321.1	8
1	273234	27323.3	21
1	273266	27326.5	3
1	273280	27327.9	2
1	273366	27336.5	11
1	273388	27338.7	2
1	273398	27339.7	5
1	273452	27345.1	4
1	273498	27349.7	14
1	273546	27354.5	5
1	273594	27359.3	2
1	273632	27363.1	5
1	273648	27364.7	5
1	273772	27377.1	2
1	273826	27382.5	40
1	273848	27384.7	12
1	273912	27391.1	9
1	273994	27399.3	2
1	274018	27401.7	22
1	274096	27409.5	19
1	274280	27427.9	13
1	274294	27429.3	8
1	274332	27433.1	18
1	274380	27437.9	7
1	274422	27442.1	15
1	274476	27447.5	5
1	274502	27450.1	11
1	274516	27451.5	13
1	274522	27452.1	5
1	274610	27460.9	31
1	274666	27466.5	18
1	274686	27468.5	19
1	274726	27472.5	13
1	274748	27474.7	3
1	274804	27480.3	18
1	274908	27490.7	77
1	274912	27491.1	3
1	274976	27497.5	23
1	275020	27501.9	2
1	275124	27512.3	17
1	275154	27515.3	9
1	275202	27520.1	9
1	275270	27526.9	3
1	275442	27544.1	21
1	275480	27547.9	1
1	275546	27554.5	13
1	275566	27556.5	10
1	275586	27558.5	19
1	275762	27576.1	3
1	275794	27579.3	9
1	275868	27586.7	2
1	275976	27597.5	2
1	275992	27599.1	5
1	276064	27606.3	9
1	276080	27607.9	9
1	276148	27614.7	10
1	276178	27617.7	5
1	276202	27620.1	10
1	276230	27622.9	15
1	276242	27624.1	1
1	276274	27627.3	19
1	276312	27631.1	15
1	276346	27634.5	6
1	276372	27637.1	3
1	276414	27641.3	3
1	276472	27647.1	7
1	276526	27652.5	27
1	276548	27654.7	1
1	276608	27660.7	36
1	276670	27666.9	15
1	276724	27672.3	4
1	276872	27687.1	2
1	276908	27690.7	16
1	276912	27691.1	2
1	276916	27691.5	2
1	276946	27694.5	19
1	276958	27695.7	3
1	277062	27706.1	2
1	277082	27708.1	1
1	277180	27717.9	2
1	277214	27721.3	13
1	277282	27728.1	40
1	277324	27732.3	26
1	277354	27735.3	3
1	277366	27736.5	6
1	277374	27737.3	4
1	277394	27739.3	1
1	277416	27741.5	15
1	277512	27751.1	16
1	277592	27759.1	6
1	277676	27767.5	7
1	277686	27768.5	7
1	277710	27770.9	11
1	277768	27776.7	2
1	277850	27784.9	4
1	277926	27792.5	71
1	277976	27797.5	33
1	278016	27801.5	8
1	278068	27806.7	19
1	278106	27810.5	8
1	278342	27834.1	19
1	278380	27837.9	2
1	278418	27841.7	2
1	278504	27850.3	28
1	278560	27855.9	13
1	278654	27865.3	16
1	278678	27867.7	2
1	278720	27871.9	4
1	278742	27874.1	17
1	278794	27879.3	4
1	278810	27880.9	9
1	278836	27883.5	2
1	278918	27891.7	9
1	278976	27897.5	47
1	278986	27898.5	9
1	279040	27903.9	9
1	279066	27906.5	7
1	279144	27914.3	19
1	279184	27918.3	4
1	279310	27930.9	19
1	279422	27942.1	25
1	279598	27959.7	4
1	279672	27967.1	2
1	279700	27969.9	9
1	279736	27973.5	35
1	279788	27978.7	4
1	279850	27984.9	1
1	279866	27986.5	2
1	279958	27995.7	12
1	280068	28006.7	5
1	280078	28007.7	1
1	280114	28011.3	2
1	280150	28014.9	30
1	280232	28023.1	40
1	280316	28031.5	41
1	280430	28042.9	35
1	280456	28045.5	19
1	280478	28047.7	2
1	280484	28048.3	2
1	280500	28049.9	3
1	280628	28062.7	9
1	280718	28071.7	42
1	280832	28083.1	6
1	280896	28089.5	23
1	280968	28096.7	2
1	281024	28102.3	15
1	281056	28105.5	17
1	281066	28106.5	1
1	281088	28108.7	5
1	281106	28110.5	7
1	281188	28118.7	2
1	281190	28118.9	1
1	281434	28143.3	40
1	281474	28147.3	32
1	281526	28152.5	40
1	281560	28155.9	1
1	281630	28162.9	2
1	281702	28170.1	38
1	281810	28180.9	13
1	281824	28182.3	8
1	282048	28204.7	57
1	282124	28212.3	9
1	282242	28224.1	15
1	282244	28224.3	1
1	282258	28225.7	2
1	282336	28233.5	11
1	282370	28236.9	1
1	282548	28254.7	2
1	282594	28259.3	4
1	282614	28261.3	5
1	282682	28268.1	27
1	282768	28276.7	32
1	282800	28279.9	7
1	282980	28297.9	9
1	283000	28299.9	7
1	283158	28315.7	25
1	283174	28317.3	11
1	283234	28323.3	29
1	283252	28325.1	16
1	283466	28346.5	9
1	283486	28348.5	17
1	283522	28352.1	2
1	283578	28357.7	23
1	283596	28359.5	5
1	283638	28363.7	9
1	283662	28366.1	5
1	283672	28367.1	9
1	283718	28371.7	30
1	283740	28373.9	6
1	283758	28375.7	12
1	283810	28380.9	24
1	284034	28403.3	15
1	284066	28406.5	12
1	284096	28409.5	2
1	284214	28421.3	3
1	284240	28423.9	3
1	284268	28426.7	26
1	284316	28431.5	1
1	284330	28432.9	2
1	284354	28435.3	4
1	284384	28438.3	6
1	284410	28440.9	4
1	284422	28442.1	5
1	284518	28451.7	20
1	284524	28452.3	2
1	284636	28463.5	3
1	284648	28464.7	3
1	284736	28473.5	32
1	284876	28487.5	4
1	284944	28494.3	19
1	285082	28508.1	3
1	285182	28518.1	41
1	285196	28519.5	11
1	285262	28526.1	23
1	285406	28540.5	34
1	285452	28545.1	21
1	285486	28548.5	20
1	285550	28554.9	14
1	285698	28569.7	1
1	285742	28574.1	35
1	285768	28576.7	19
1	285868	28586.7	13
1	285900	28589.9	7
1	285974	28597.3	20
1	286002	28600.1	5
1	286008	28600.7	5
1	286068	28606.7	28
1	286074	28607.3	2
1	286122	28612.1	3
1	286238	28623.7	4
1	286258	28625.7	19
1	286292	28629.1	6
1	286468	28646.7	25
1	286560	28655.9	15
1	286638	28663.7	7
1	286668	28666.7	11
1	286734	28673.3	1
1	286866	28686.5	56
1	286968	28696.7	13
1	287036	28703.5	3
1	287084	28708.3	46
1	287194	28719.3	32
1	287266	28726.5	20
1	287286	28728.5	1
1	287384	28738.3	8
1	287390	28738.9	2
1	287410	28740.9	10
1	287458	28745.7	7
1	287526	28752.5	15
1	287580	28757.9	10
1	287606	28760.5	23
1	287666	28766.5	13
1	287726	28772.5	22
1	287848	28784.7	19
1	287984	28798.3	36
1	287998	28799.7	7
1	288078	28807.7	4
1	288102	28810.1	7
1	288144	28814.3	9
1	288212	28821.1	17
1	288282	28828.1	33
1	288306	28830.5	19
1	288316	28831.5	3
1	288394	28839.3	53
1	288494	28849.3	7
1	288576	28857.5	3
1	288696	28869.5	11
1	288716	28871.5	5
1	288742	28874.1	2
1	288980	28897.9	5
1	289038	28903.7	21
1	289066	28906.5	2
1	289180	28917.9	97
1	289224	28922.3	2
1	289266	28926.5	1
1	289288	28928.7	19
1	289358	28935.7	5
1	289368	28936.7	7
1	289372	28937.1	2
1	289400	28939.9	4
1	289482	28948.1	19
1	289506	28950.5	8
1	289550	28954.9	11
1	289602	28960.1	2
1	289668	28966.7	7
1	289696	28969.5	1
1	289762	28976.1	24
1	289786	28978.5	1
1	289836	28983.5	7
1	290010	29000.9	27
1	290068	29006.7	21
1	290140	29013.9	23
1	290210	29020.9	7
1	290234	29023.3	7
1	290290	29028.9	27
1	290460	29045.9	11
1	290520	29051.9	13
1	290546	29054.5	5
1	290580	29057.9	4
1	290618	29061.7	17
1	290662	29066.1	18
1	290676	29067.5	8
1	290768	29076.7	8
1	290944	29094.3	20
1	291054	29105.3	23
1	291080	29107.9	1
1	291160	29115.9	37
1	291196	29119.5	20
1	291252	29125.1	25
1	291258	29125.7	5
1	291266	29126.5	3
1	291278	29127.7	5
1	291290	29128.9	7
1	291326	29132.5	28
1	291410	29140.9	4
1	291498	29149.7	9
1	291574	29157.3	11
1	291600	29159.9	4
1	291618	29161.7	12
1	291626	29162.5	1
1	291698	29169.7	2
1	291756	29175.5	17
1	291782	29178.1	7
1	291792	29179.1	1
1	291872	29187.1	20
1	291888	29188.7	4
1	291952	29195.1	7
1	291968	29196.7	3
1	292096	29209.5	4
1	292126	29212.5	4
1	292130	29212.9	2
1	292192	29219.1	4
1	292210	29220.9	3
1	292314	29231.3	29
1	292354	29235.3	10
1	292400	29239.9	35
1	292456	29245.5	3
1	292566	29256.5	31
1	292696	29269.5	9
1	292710	29270.9	5
1	292738	29273.7	4
1	292880	29287.9	27
1	293006	29300.5	6
1	293022	29302.1	14
1	293176	29317.5	33
1	293240	29323.9	7
1	293338	29333.7	27
1	293426	29342.5	44
1	293488	29348.7	16
1	293506	29350.5	14
1	293528	29352.7	2
1	293548	29354.7	8
1	293638	29363.7	2
1	293658	29365.7	13
1	293692	29369.1	32
1	293712	29371.1	4
1	293876	29387.5	14
1	293908	29390.7	13
1	293976	29397.5	12
1	294122	29412.1	12
1	294144	29414.3	15
1	294180	29417.9	9
1	294190	29418.9	7
1	294212	29421.1	8
1	294262	29426.1	40
1	294306	29430.5	4
1	294342	29434.1	33
1	294356	29435.5	1
1	294388	29438.7	23
1	294422	29442.1	9
1	294464	29446.3	32
1	294680	29467.9	9
1	294768	29476.7	10
1	294862	29486.1	63
1	294948	29494.7	13
1	295030	29502.9	3
1	295068	29506.7	12
1	295088	29508.7	12
1	295126	29512.5	16
1	295168	29516.7	13
1	295182	29518.1	3
1	295236	29523.5	30
1	295276	29527.5	14
1	295298	29529.7	1
1	295322	29532.1	19
1	295402	29540.1	5
1	295444	29544.3	3
1	295470	29546.9	17
1	295484	29548.3	1
1	295584	29558.3	41
1	295644	29564.3	13
1	295672	29567.1	16
1	295682	29568.1	4
1	295704	29570.3	8
1	295744	29574.3	3
1	295760	29575.9	14
1	295798	29579.7	9
1	295840	29583.9	5
1	295902	29590.1	49
1	295944	29594.3	4
1	296034	29603.3	26
1	296120	29611.9	9
1	296126	29612.5	5
1	296150	29614.9	18
1	296164	29616.3	7
1	296176	29617.5	2
1	296264	29626.3	9
1	296356	29635.5	4
1	296406	29640.5	29
1	296526	29652.5	14
1	296558	29655.7	12
1	296596	29659.5	13
1	296622	29662.1	5
1	296640	29663.9	1
1	296836	29683.5	15
1	296838	29683.7	1
1	296858	29685.7	18
1	296998	29699.7	9
1	297028	29702.7	5
1	297062	29706.1	5
1	297176	29717.5	2
1	297250	29724.9	17
1	297278	29727.7	12
1	297298	29729.7	19
1	297316	29731.5	8
1	297416	29741.5	1
1	297430	29742.9	4
1	297470	29746.9	28
1	297544	29754.3	23
1	297570	29756.9	11
1	297728	29772.7	33
1	297816	29781.5	13
1	297838	29783.7	11
1	297866	29786.5	9
1	297966	29796.5	60
1	297972	29797.1	2
1	298090	29808.9	3
1	298150	29814.9	58
1	298234	29823.3	18
1	298304	29830.3	13
1	298394	29839.3	16
1	298424	29842.3	2
1	298462	29846.1	8
1	298538	29853.7	3
1	298562	29856.1	3
1	298632	29863.1	15
1	298674	29867.3	31
1	298682	29868.1	4
1	298736	29873.5	5
1	298778	29877.7	18
1	298826	29882.5	45
1	298876	29887.5	10
1	298918	29891.7	18
1	298960	29895.9	36
1	298978	29897.7	4
1	299004	29900.3	22
1	299020	29901.9	7
1	299058	29905.7	22
1	299116	29911.5	6
1	299154	29915.3	16
1	299198	29919.7	23
1	299236	29923.5	19
1	299300	29929.9	7
1	299330	29932.9	9
1	299342	29934.1	8
1	299442	29944.1	15
1	299464	29946.3	3
1	299524	29952.3	2
1	299572	29957.1	4
1	299870	29986.9	1
1	299874	29987.3	3
1	299924	29992.3	3
1	299958	29995.7	23
1	299970	29996.9	2
1	300156	30015.5	9
1	300174	30017.3	11
1	300284	30028.3	27
1	300290	30028.9	5
1	300314	30031.3	5
1	300342	30034.1	5
1	300412	30041.1	2
1	300448	30044.7	17
1	300490	30048.9	15
1	300552	30055.1	12
1	300604	30060.3	13
1	300614	30061.3	5
1	300694	30069.3	31
1	300806	30080.5	12
1	300950	30094.9	31
1	301002	30100.1	3
1	301054	30105.3	1
1	301110	30110.9	14
1	301240	30123.9	108
1	301264	30126.3	1
1	301274	30127.3	8
1	301288	30128.7	5
1	301420	30141.9	9
1	301478	30147.7	39
1	301508	30150.7	22
1	301634	30163.3	2
1	301672	30167.1	22
1	301706	30170.5	4
1	301776	30177.5	30
1	301782	30178.1	2
1	301882	30188.1	17
1	301904	30190.3	2
1	301994	30199.3	21
1	302074	30207.3	29
1	302088	30208.7	11
1	302108	30210.7	9
1	302256	30225.5	37
1	302282	30228.1	5
1	302338	30233.7	5
1	302406	30240.5	1
1	302426	30242.5	9
1	302488	30248.7	17
1	302632	30263.1	15
1	302698	30269.7	24
1	302778	30277.7	20
1	302968	30296.7	15
1	303006	30300.5	10
1	303096	30309.5	19
1	303168	30316.7	8
1	303194	30319.3	3
1	303230	30322.9	33
1	303374	30337.3	34
1	303440	30343.9	3
1	303514	30351.3	8
1	303584	30358.3	11
1	303624	30362.3	26
1	303704	30370.3	4
1	303818	30381.7	1
1	303884	30388.3	4
1	303940	30393.9	7
1	304130	30412.9	51
1	304192	30419.1	11
1	304238	30423.7	4
1	304284	30428.3	7
1	304304	30430.3	2
1	304358	30435.7	2
1	304568	30456.7	31
1	304634	30463.3	9
1	304678	30467.7	26
1	304736	30473.5	7
1	304766	30476.5	13
1	304840	30483.9	13
1	304876	30487.5	7
1	304896	30489.5	14
1	304934	30493.3	27
1	304938	30493.7	2
1	305086	30508.5	62
1	305112	30511.1	19
1	305192	30519.1	8
1	305232	30523.1	2
1	305248	30524.7	4
1	305310	30530.9	6
1	305422	30542.1	6
1	305510	30550.9	2
1	305590	30558.9	68
1	305690	30568.9	31
1	305726	30572.5	14
1	305776	30577.5	19
1	305834	30583.3	8
1	305920	30591.9	10
1	305964	30596.3	5
1	306064	30606.3	43
1	306130	30612.9	7
1	306162	30616.1	14
1	306172	30617.1	3
1	306184	30618.3	3
1	306292	30629.1	41
1	306360	30635.9	41
1	306400	30639.9	8
1	306556	30655.5	9
1	306634	30663.3	26
1	306636	30663.5	1
1	306686	30668.5	17
1	306712	30671.1	11
1	306734	30673.3	15
1	306822	30682.1	3
1	307050	30704.9	10
1	307052	30705.1	1
1	307114	30711.3	2
1	307206	30720.5	7
1	307226	30722.5	19
1	307318	30731.7	8
1	307448	30744.7	6
1	307468	30746.7	15
1	307484	30748.3	2
1	307488	30748.7	3
1	307544	30754.3	17
1	307552	30755.1	7
1	307594	30759.3	5
1	307638	30763.7	5
1	307660	30765.9	12
1	307668	30766.7	2
1	307722	30772.1	32
1	307728	30772.7	5
1	307782	30778.1	18
1	307870	30786.9	4
1	307902	30790.1	3
1	307934	30793.3	23
1	308000	30799.9	5
1	308096	30809.5	8
1	308174	30817.3	3
1	308290	30828.9	23
1	308296	30829.5	5
1	308376	30837.5	3
1	308396	30839.5	1
1	308546	30854.5	60
1	308646	30864.5	9
1	308672	30867.1	13
1	308726	30872.5	25
1	308824	30882.3	10
1	308856	30885.5	7
1	308990	30898.9	5
1	309090	30908.9	10
1	309200	30919.9	37
1	309246	30924.5	5
1	309308	30930.7	30
1	309338	30933.7	26
1	309360	30935.9	6
1	309462	30946.1	10
1	309532	30953.1	43
1	309568	30956.7	9
1	309634	30963.3	4
1	309716	30971.5	43
1	309786	30978.5	30
1	309814	30981.3	12
1	309872	30987.1	25
1	309934	30993.3	5
1	309946	30994.5	10
1	310012	31001.1	56
1	310048	31004.7	18
1	310120	31011.9	13
1	310134	31013.3	7
1	310182	31018.1	27
1	310244	31024.3	14
1	310256	31025.5	11
1	310394	31039.3	4
1	310400	31039.9	5
1	310406	31040.5	1
1	310476	31047.5	7
1	310498	31049.7	21
1	310586	31058.5	19
1	310690	31068.9	4
1	310718	31071.7	26
1	310764	31076.3	40
1	310876	31087.5	8
1	310926	31092.5	17
1	311042	31104.1	24
1	311110	31110.9	2
1	311124	31112.3	9
1	311136	31113.5	8
1	311158	31115.7	13
1	311250	31124.9	23
1	311404	31140.3	9
1	311424	31142.3	11
1	311454	31145.3	12
1	311484	31148.3	23
1	311492	31149.1	2
1	311648	31164.7	9
1	311670	31166.9	11
1	311690	31168.9	2
1	311718	31171.7	19
1	311742	31174.1	2
1	311752	31175.1	7
1	311766	31176.5	6
1	311790	31178.9	9
1	311882	31188.1	34
1	311896	31189.5	8
1	311904	31190.3	2
1	312046	31204.5	32
1	312068	31206.7	6
1	312134	31213.3	5
1	312190	31218.9	6
1	312212	31221.1	5
1	312300	31229.9	11
1	312412	31241.1	28
1	312492	31249.1	23
1	312572	31257.1	9
1	312580	31257.9	3
1	312594	31259.3	9
1	312642	31264.1	24
1	312680	31267.9	5
1	312708	31270.7	11
1	312784	31278.3	36
1	312830	31282.9	3
1	312856	31285.5	4
1	312918	31291.7	49
1	312942	31294.1	15
1	313030	31302.9	27
1	313214	31321.3	9
1	313252	31325.1	3
1	313258	31325.7	4
1	313328	31332.7	4
1	313568	31356.7	27
1	313624	31362.3	38
1	313710	31370.9	33
1	313712	31371.1	1
1	313766	31376.5	17
1	313826	31382.5	5
1	313884	31388.3	7
1	313996	31399.5	3
1	314062	31406.1	9
1	314112	31411.1	16
1	314292	31429.1	51
1	314354	31435.3	8
1	314426	31442.5	26
1	314504	31450.3	1
1	314572	31457.1	9
1	314712	31471.1	33
1	314748	31474.7	5
1	314862	31486.1	2
1	314980	31497.9	2
1	315080	31507.9	26
1	315220	31521.9	13
1	315256	31525.5	20
1	315276	31527.5	5
1	315342	31534.1	7
1	315406	31540.5	2
1	315438	31543.7	10
1	315516	31551.5	2
1	315690	31568.9	12
1	315796	31579.5	51
1	315886	31588.5	9
1	315958	31595.7	2
1	316134	31613.3	27
1	316142	31614.1	5
1	316164	31616.3	9
1	316170	31616.9	2
1	316190	31618.9	10
1	316258	31625.7	13
1	316272	31627.1	3
1	316352	31635.1	45
1	316368	31636.7	4
1	316388	31638.7	18
1	316418	31641.7	15
1	316464	31646.3	11
1	316484	31648.3	4
1	316604	31660.3	53
1	316762	31676.1	26
1	316784	31678.3	14
1	316900	31689.9	4
1	317068	31706.7	2
1	317134	31713.3	11
1	317142	31714.1	4
1	317162	31716.1	2
1	317262	31726.1	21
1	317318	31731.7	18
1	317490	31748.9	21
1	317532	31753.1	27
1	317554	31755.3	13
1	317578	31757.7	11
1	317622	31762.1	2
1	317676	31767.5	12
1	317708	31770.7	24
1	317818	31781.7	9
1	317844	31784.3	3
1	318018	31801.7	3
1	318064	31806.3	7
1	318088	31808.7	7
1	318198	31819.7	2
1	318390	31838.9	2
1	318454	31845.3	2
1	318522	31852.1	38
1	318566	31856.5	1
1	318628	31862.7	6
1	318690	31868.9	1
1	318752	31875.1	4
1	318814	31881.3	23
1	318818	31881.7	2
1	318886	31888.5	18
1	318986	31898.5	5
1	319110	31910.9	3
1	319150	31914.9	2
1	319234	31923.3	9
1	319370	31936.9	25
1	319392	31939.1	11
1	319408	31940.7	15
1	319430	31942.9	1
1	319458	31945.7	18
1	319660	31965.9	27
1	319664	31966.3	2
1	319670	31966.9	2
1	319672	31967.1	1
1	319690	31968.9	6
1	319746	31974.5	1
1	319774	31977.3	26
1	319840	31983.9	7
1	319894	31989.3	21
1	319942	31994.1	6
1	320004	32000.3	17
1	320080	32007.9	15
1	320106	32010.5	25
1	320142	32014.1	15
1	320186	32018.5	33
1	320232	32023.1	1
1	320264	32026.3	11
1	320330	32032.9	13
1	320378	32037.7	3
1	320432	32043.1	19
1	320474	32047.3	16
1	320520	32051.9	20
1	320552	32055.1	13
1	320564	32056.3	8
1	320658	32065.7	4
1	320826	32082.5	17
1	320900	32089.9	3
1	320990	32098.9	17
1	321174	32117.3	55
1	321248	32124.7	26
1	321268	32126.7	2
1	321318	32131.7	26
1	321374	32137.3	2
1	321398	32139.7	18
1	321416	32141.5	9
1	321478	32147.7	2
1	321494	32149.3	12
1	321608	32160.7	10
1	321652	32165.1	6
1	321740	32173.9	79
1	321800	32179.9	28
1	321820	32181.9	19
1	321830	32182.9	5
1	321850	32184.9	8
1	321868	32186.7	14
1	321974	32197.3	13
1	321984	32198.3	6
1	322050	32204.9	15
1	322088	32208.7	11
1	322124	32212.3	4
1	322142	32214.1	6
1	322162	32216.1	2
1	322214	32221.3	20
1	322296	32229.5	19
1	322328	32232.7	10
1	322500	32249.9	19
1	322516	32251.5	2
1	322632	32263.1	47
1	322674	32267.3	9
1	322784	32278.3	7
1	322814	32281.3	4
1	322866	32286.5	7
1	322904	32290.3	23
1	322924	32292.3	2
1	322978	32297.7	5
1	322988	32298.7	5
1	323006	32300.5	4
1	323066	32306.5	4
1	323118	32311.7	6
1	323138	32313.7	3
1	323214	32321.3	33
1	323254	32325.3	19
1	323302	32330.1	41
1	323340	32333.9	10
1	323374	32337.3	25
1	323398	32339.7	14
1	323428	32342.7	25
1	323444	32344.3	2
1	323504	32350.3	21
1	323550	32354.9	2
1	323584	32358.3	30
1	323592	32359.1	2
1	323610	32360.9	16
1	323662	32366.1	2
1	323790	32378.9	7
1	323808	32380.7	11
1	323844	32384.3	10
1	323952	32395.1	33
1	324030	32402.9	7
1	324108	32410.7	7
1	324288	32428.7	9
1	324398	32439.7	3
1	324446	32444.5	7
1	324492	32449.1	4
1	324528	32452.7	7
1	324612	32461.1	23
1	324680	32467.9	31
1	324748	32474.7	7
1	324812	32481.1	29
1	324866	32486.5	11
1	324912	32491.1	3
1	324960	32495.9	8
1	324994	32499.3	15
1	325036	32503.5	14
1	325078	32507.7	3
1	325124	32512.3	17
1	325226	32522.5	26
1	325246	32524.5	18
1	325318	32531.7	45
1	325348	32534.7	19
1	325378	32537.7	15
1	325446	32544.5	8
1	325458	32545.7	1
1	325502	32550.1	3
1	325520	32551.9	10
1	325548	32554.7	26
1	325620	32561.9	11
1	325660	32565.9	3
1	325672	32567.1	3
1	325734	32573.3	11
1	325772	32577.1	20
1	325796	32579.5	22
1	326092	32609.1	30
1	326120	32611.9	2
1	326168	32616.7	9
1	326292	32629.1	7
1	326316	32631.5	2
1	326508	32650.7	15
1	326560	32655.9	17
1	326680	32667.9	35
1	326700	32669.9	5
1	326728	32672.7	6
1	326860	32685.9	21
1	326956	32695.5	2
1	327066	32706.5	19
1	327140	32713.9	16
1	327158	32715.7	5
1	327332	32733.1	7
1	327356	32735.5	4
1	327366	32736.5	7
1	327376	32737.5	1
1	327394	32739.3	7
1	327460	32745.9	1
1	327474	32747.3	7
1	327570	32756.9	4
1	327616	32761.5	7
1	327630	32762.9	4
1	327656	32765.5	21
1	327790	32778.9	12
1	327878	32787.7	2
1	327932	32793.1	1
1	327968	32796.7	16
1	327996	32799.5	23
1	328090	32808.9	3
1	328172	32817.1	4
1	328180	32817.9	3
1	328236	32823.5	4
1	328314	32831.3	7
1	328364	32836.3	7
1	328498	32849.7	4
1	328640	32863.9	10
1	328684	32868.3	25
1	328708	32870.7	6
1	328764	32876.3	6
1	328790	32878.9	5
1	328846	32884.5	13
1	328854	32885.3	5
1	328884	32888.3	11
1	328940	32893.9	9
1	329040	32903.9	4
1	329078	32907.7	6
1	329166	32916.5	9
1	329350	32934.9	21
1	329384	32938.3	15
1	329412	32941.1	22
1	329426	32942.5	10
1	329448	32944.7	5
1	329494	32949.3	8
1	329508	32950.7	4
1	329644	32964.3	9
1	329734	32973.3	7
1	329750	32974.9	11
1	329776	32977.5	1
1	329790	32978.9	5
1	329894	32989.3	18
1	329934	32993.3	5
1	329940	32993.9	2
1	329956	32995.5	3
1	329982	32998.1	25
1	329990	32998.9	3
1	330058	33005.7	13
1	330078	33007.7	6
1	330112	33011.1	8
1	330128	33012.7	10
1	330178	33017.7	4
1	330242	33024.1	16
1	330310	33030.9	12
1	330478	33047.7	7
1	330484	33048.3	1
1	330500	33049.9	14
1	330594	33059.3	34
1	330636	33063.5	11
1	330726	33072.5	2
1	330746	33074.5	4
1	330818	33081.7	47
1	330820	33081.9	1
1	330896	33089.5	10
1	330916	33091.5	1
1	330978	33097.7	5
1	331006	33100.5	3
1	331044	33104.3	15
1	331082	33108.1	19
1	331126	33112.5	13
1	331146	33114.5	5
1	331160	33115.9	1
1	331184	33118.3	2
1	331218	33121.7	3
1	331298	33129.7	7
1	331310	33130.9	8
1	331314	33131.3	3
1	331340	33133.9	17
1	331366	33136.5	11
1	331390	33138.9	6
1	331412	33141.1	19
1	331430	33142.9	11
1	331474	33147.3	23
1	331514	33151.3	5
1	331632	33163.1	13
1	331652	33165.1	19
1	331728	33172.7	25
1	331798	33179.7	29
1	331880	33187.9	7
1	331900	33189.9	2
1	331910	33190.9	1
1	332106	33210.5	14
1	332134	33213.3	1
1	332166	33216.5	12
1	332192	33219.1	23
1	332276	33227.5	6
1	332318	33231.7	7
1	332478	33247.7	22
1	332498	33249.7	6
1	332514	33251.3	7
1	332548	33254.7	1
1	332562	33256.1	13
1	332596	33259.5	5
1	332610	33260.9	1
1	332654	33265.3	5
1	332780	33277.9	17
1	332810	33280.9	15
1	332892	33289.1	10
1	332908	33290.7	4
1	332976	33297.5	19
1	333018	33301.7	17
1	333102	33310.1	23
1	333170	33316.9	38
1	333218	33321.7	1
1	333230	33322.9	2
1	333276	33327.5	2
1	333288	33328.7	4
1	333370	33336.9	3
1	333428	33342.7	17
1	333506	33350.5	42
1	333524	33352.3	3
1	333562	33356.1	1
1	333614	33361.3	17
1	333660	33365.9	6
1	333686	33368.5	17
1	333736	33373.5	31
1	333754	33375.3	10
1	333766	33376.5	10
1	333852	33385.1	79
1	333876	33387.5	11
1	333912	33391.1	32
1	333974	33397.3	12
1	334018	33401.7	3
1	334084	33408.3	5
1	334158	33415.7	26
1	334224	33422.3	7
1	334230	33422.9	1
1	334272	33427.1	1
1	334300	33429.9	10
1	334342	33434.1	13
1	334424	33442.3	5
1	334598	33459.7	72
1	334640	33463.9	8
1	334676	33467.5	20
1	334734	33473.3	6
1	334752	33475.1	16
1	334774	33477.3	2
1	334778	33477.7	3
1	334784	33478.3	2
1	334832	33483.1	32
1	334836	33483.5	2
1	334868	33486.7	2
1	334876	33487.5	6
1	334938	33493.7	2
1	334958	33495.7	8
1	335024	33502.3	8
1	335042	33504.1	12
1	335096	33509.5	35
1	335176	33517.5	26
1	335220	33521.9	23
1	335324	33532.3	37
1	335434	33543.3	3
1	335502	33550.1	35
1	335544	33554.3	14
1	335562	33556.1	9
1	335586	33558.5	15
1	335652	33565.1	16
1	335664	33566.3	9
1	335764	33576.3	58
1	335928	33592.7	13
1	335938	33593.7	4
1	335940	33593.9	1
1	335984	33598.3	14
1	336016	33601.5	4
1	336036	33603.5	9
1	336068	33606.7	9
1	336096	33609.5	2
1	336102	33610.1	2
1	336128	33612.7	10
1	336232	33623.1	69
1	336278	33627.7	1
1	336312	33631.1	10
1	336532	33653.1	11
1	336548	33654.7	1
1	336640	33663.9	4
1	336688	33668.7	3
1	336730	33672.9	2
1	336776	33677.5	23
1	336806	33680.5	7
1	336910	33690.9	50
1	337008	33700.7	3
1	337164	33716.3	14
1	337180	33717.9	5
1	337294	33729.3	18
1	337342	33734.1	6
1	337452	33745.1	45
1	337540	33753.9	11
1	337556	33755.5	4
1	337592	33759.1	19
1	337656	33765.5	15
1	337670	33766.9	3
1	337710	33770.9	5
1	337730	33772.9	2
1	337966	33796.5	7
1	338042	33804.1	4
1	338150	33814.9	2
1	338192	33819.1	1
1	338214	33821.3	5
1	338218	33821.7	3
1	338274	33827.3	20
1	338278	33827.7	3
1	338296	33829.5	7
1	338350	33834.9	6
1	338410	33840.9	14
1	338460	33845.9	25
1	338498	33849.7	2
1	338528	33852.7	3
1	338564	33856.3	33
1	338584	33858.3	7
1	338612	33861.1	10
1	338616	33861.5	3
1	338668	33866.7	8
1	338710	33870.9	9
1	338752	33875.1	19
1	338812	33881.1	29
1	338856	33885.5	7
1	338860	33885.9	2
1	338882	33888.1	17
1	338892	33889.1	5
1	338990	33898.9	1
1	339048	33904.7	4
1	339064	33906.3	8
1	339172	33917.1	12
1	339288	33928.7	4
1	339302	33930.1	6
1	339304	33930.3	1
1	339326	33932.5	11
1	339334	33933.3	2
1	339348	33934.7	1
1	339410	33940.9	37
1	339630	33962.9	18
1	339758	33975.7	2
1	339790	33978.9	1
1	339840	33983.9	9
1	339868	33986.7	2
1	339902	33990.1	7
1	339918	33991.7	4
1	339930	33992.9	2
1	340000	33999.9	36
1	340028	34002.7	9
1	340082	34008.1	5
1	340126	34012.5	24
1	340144	34014.3	3
1	340160	34015.9	2
1	340282	34028.1	13
1	340408	34040.7	28
1	340492	34049.1	4
1	340562	34056.1	2
1	340604	34060.3	13
1	340632	34063.1	23
1	340646	34064.5	13
1	340728	34072.7	10
1	340850	34084.9	13
1	340910	34090.9	3
1	341100	34109.9	52
1	341198	34119.7	11
1	341350	34134.9	53
1	341384	34138.3	28
1	341604	34160.3	34
1	341672	34167.1	21
1	341682	34168.1	6
1	341686	34168.5	2
1	341846	34184.5	2
1	341994	34199.3	23
1	342016	34201.5	17
1	342050	34204.9	10
1	342088	34208.7	8
1	342120	34211.9	5
1	342146	34214.5	4
1	342150	34214.9	2
1	342228	34222.7	37
1	342260	34225.9	22
1	342320	34231.9	17
1	342326	34232.5	4
1	342352	34235.1	19
1	342370	34236.9	1
1	342448	34244.7	2
1	342486	34248.5	35
1	342540	34253.9	6
1	342544	34254.3	2
1	342788	34278.7	4
1	342808	34280.7	3
1	342816	34281.5	1
1	342976	34297.5	23
1	343024	34302.3	37
1	343068	34306.7	12
1	343094	34309.3	19
1	343108	34310.7	13
1	343138	34313.7	1
1	343180	34317.9	15
1	343194	34319.3	13
1	343258	34325.7	6
1	343276	34327.5	14
1	343332	34333.1	9
1	343374	34337.3	10
1	343486	34348.5	4
1	343530	34352.9	8
1	343614	34361.3	34
1	343634	34363.3	2
1	343672	34367.1	31
1	343764	34376.3	3
1	343798	34379.7	2
1	343850	34384.9	49
1	343948	34394.7	27
1	344032	34403.1	2
1	344072	34407.1	24
1	344164	34416.3	1
1	344168	34416.7	2
1	344170	34416.9	1
1	344188	34418.7	12
1	344250	34424.9	3
1	344390	34438.9	1
1	344438	34443.7	7
1	344546	34454.5	3
1	344620	34461.9	27
1	344668	34466.7	6
1	344680	34467.9	3
1	344736	34473.5	1
1	344798	34479.7	15
1	344896	34489.5	32
1	344932	34493.1	1
1	345042	34504.1	39
1	345054	34505.3	8
1	345118	34511.7	13
1	345134	34513.3	3
1	345148	34514.7	4
1	345164	34516.3	15
1	345172	34517.1	4
1	345226	34522.5	4
1	345456	34545.5	2
1	345508	34550.7	2
1	345626	34562.5	1
1	345656	34565.5	4
1	345724	34572.3	13
1	345734	34573.3	4
1	345830	34582.9	18
1	345884	34588.3	18
1	346060	34605.9	57
1	346074	34607.3	2
1	346082	34608.1	3
1	346094	34609.3	2
1	346186	34618.5	2
1	346208	34620.7	4
1	346266	34626.5	4
1	346288	34628.7	9
1	346318	34631.7	13
1	346346	34634.5	2
1	346400	34639.9	30
1	346448	34644.7	9
1	346518	34651.7	21
1	346530	34652.9	6
1	346654	34665.3	23
1	346678	34667.7	8
1	346718	34671.7	7
1	346744	34674.3	1
1	346794	34679.3	44
1	346856	34685.5	4
1	346868	34686.7	10
1	346912	34691.1	11
1	347168	34716.7	9
1	347170	34716.9	1
1	347186	34718.5	7
1	347286	34728.5	24
1	347332	34733.1	2
1	347514	34751.3	3
1	347548	34754.7	4
1	347568	34756.7	10
1	347664	34766.3	13
1	347708	34770.7	11
1	347818	34781.7	19
1	347890	34788.9	29
1	347958	34795.7	26
1	348044	34804.3	20
1	348106	34810.5	32
1	348142	34814.1	12
1	348234	34823.3	7
1	348426	34842.5	5
1	348568	34856.7	15
1	348606	34860.5	34
1	348628	34862.7	15
1	348676	34867.5	47
1	348724	34872.3	3
1	348740	34873.9	2
1	348770	34876.9	7
1	348822	34882.1	19
1	348846	34884.5	3
1	348906	34890.5	47
1	348990	34898.9	17
1	349160	34915.9	4
1	349208	34920.7	1
1	349256	34925.5	2
1	349276	34927.5	12
1	349284	34928.3	4
1	349424	34942.3	53
1	349456	34945.5	27
1	349488	34948.7	22
1	349514	34951.3	2
1	349588	34958.7	3
1	349624	34962.3	2
1	349674	34967.3	2
1	349680	34967.9	2
1	349730	34972.9	3
1	349868	34986.7	28
1	349916	34991.5	28
1	349950	34994.9	5
1	350022	35002.1	10
1	350084	35008.3	18
1	350110	35010.9	20
1	350114	35011.3	2
1	350178	35017.7	7
1	350182	35018.1	3
1	350200	35019.9	4
1	350250	35024.9	19
1	350258	35025.7	3
1	350422	35042.1	3
1	350472	35047.1	16
1	350666	35066.5	34
1	350710	35070.9	15
1	350714	35071.3	3
1	350762	35076.1	4
1	350816	35081.5	3
1	350862	35086.1	6
1	350904	35090.3	2
1	350986	35098.5	35
1	351046	35104.5	11
1	351078	35107.7	11
1	351098	35109.7	5
1	351118	35111.7	16
1	351158	35115.7	33
1	351182	35118.1	2
1	351196	35119.5	13
1	351216	35121.5	19
1	351342	35134.1	14
1	351382	35138.1	13
1	351454	35145.3	3
1	351486	35148.5	6
1	351656	35165.5	18
1	351746	35174.5	34
1	351776	35177.5	3
1	351818	35181.7	6
1	351834	35183.3	8
1	351862	35186.1	19
1	351956	35195.5	1
1	351958	35195.7	1
1	352066	35206.5	20
1	352072	35207.1	1
1	352304	35230.3	14
1	352358	35235.7	48
1	352404	35240.3	29
1	352454	35245.3	2
1	352496	35249.5	8
1	352524	35252.3	24
1	352544	35254.3	16
1	352592	35259.1	13
1	352668	35266.7	13
1	352720	35271.9	44
1	352822	35282.1	3
1	352910	35290.9	19
1	352948	35294.7	37
1	352986	35298.5	6
1	353034	35303.3	23
1	353216	35321.5	28
1	353234	35323.3	3
1	353326	35332.5	2
1	353344	35334.3	5
1	353390	35338.9	6
1	353444	35344.3	18
1	353510	35350.9	9
1	353624	35362.3	3
1	353668	35366.7	2
1	353750	35374.9	5
1	353758	35375.7	4
1	353810	35380.9	3
1	353830	35382.9	15
1	353866	35386.5	17
1	353872	35387.1	3
1	353928	35392.7	2
1	353942	35394.1	3
1	354006	35400.5	33
1	354010	35400.9	2
1	354072	35407.1	6
1	354132	35413.1	9
1	354164	35416.3	2
1	354206	35420.5	6
1	354228	35422.7	5
1	354242	35424.1	2
1	354276	35427.5	17
1	354410	35440.9	13
1	354422	35442.1	7
1	354472	35447.1	14
1	354522	35452.1	26
1	354550	35454.9	9
1	354582	35458.1	1
1	354590	35458.9	7
1	354610	35460.9	8
1	354660	35465.9	5
1	354678	35467.7	7
1	354782	35478.1	5
1	354806	35480.5	7
1	354864	35486.3	10
1	354906	35490.5	32
1	355066	35506.5	6
1	355100	35509.9	9
1	355142	35514.1	7
1	355180	35517.9	26
1	355188	35518.7	1
1	355220	35521.9	9
1	355300	35529.9	5
1	355336	35533.5	21
1	355566	35556.5	20
1	355630	35562.9	5
1	355664	35566.3	26
1	355670	35566.9	1
1	355696	35569.5	24
1	355748	35574.7	17
1	355942	35594.1	37
1	355968	35596.7	11
1	355990	35598.9	20
1	355994	35599.3	2
1	356044	35604.3	17
1	356098	35609.7	14
1	356162	35616.1	38
1	356212	35621.1	41
1	356274	35627.3	15
1	356302	35630.1	27
1	356346	35634.5	19
1	356372	35637.1	21
1	356444	35644.3	11
1	356480	35647.9	2
1	356508	35650.7	21
1	356568	35656.7	2
1	356692	35669.1	43
1	356742	35674.1	25
1	356756	35675.5	4
1	356812	35681.1	1
1	356856	35685.5	3
1	356904	35690.3	27
1	356972	35697.1	2
1	357114	35711.3	1
1	357138	35713.7	19
1	357204	35720.3	36
1	357374	35737.3	15
1	357414	35741.3	26
1	357568	35756.7	2
1	357618	35761.7	19
1	357650	35764.9	24
1	357680	35767.9	5
1	357882	35788.1	2
1	357922	35792.1	1
1	357944	35794.3	16
1	358152	35815.1	1
1	358276	35827.5	8
1	358304	35830.3	9
1	358396	35839.5	7
1	358512	35851.1	7
1	358652	35865.1	6
1	358770	35876.9	71
1	358802	35880.1	16
1	358980	35897.9	3
1	359000	35899.9	9
1	359032	35903.1	3
1	359066	35906.5	8
1	359080	35907.9	3
1	359144	35914.3	11
1	359186	35918.5	3
1	359266	35926.5	16
1	359284	35928.3	17
1	359396	35939.5	16
1	359478	35947.7	11
1	359508	35950.7	25
1	359562	35956.1	2
1	359586	35958.5	2
1	359646	35964.5	8
1	359726	35972.5	7
1	359748	35974.7	15
1	359810	35980.9	42
1	359824	35982.3	9
1	359850	35984.9	11
1	359932	35993.1	27
1	359958	35995.7	11
1	360020	36001.9	29
1	360054	36005.3	2
1	360088	36008.7	8
1	360108	36010.7	10
1	360136	36013.5	17
1	360240	36023.9	41
1	360374	36037.3	23
1	360402	36040.1	24
1	360474	36047.3	6
1	360514	36051.3	9
1	360528	36052.7	11
1	360552	36055.1	2
1	360594	36059.3	29
1	360636	36063.5	1
1	360768	36076.7	75
1	360798	36079.7	2
1	360808	36080.7	3
1	360860	36085.9	9
1	360910	36090.9	9
1	360932	36093.1	3
1	360970	36096.9	36
1	361042	36104.1	21
1	361072	36107.1	1
1	361120	36111.9	2
1	361142	36114.1	11
1	361280	36127.9	3
1	361298	36129.7	2
1	361366	36136.5	10
1	361468	36146.7	34
1	361484	36148.3	3
1	361488	36148.7	2
1	361490	36148.9	1
1	361570	36156.9	21
1	361736	36173.5	12
1	361756	36175.5	3
1	361798	36179.7	7
1	361858	36185.7	15
1	361866	36186.5	6
1	361868	36186.7	1
1	361968	36196.7	2
1	361992	36199.1	11
1	362022	36202.1	26
1	362030	36202.9	6
1	362248	36224.7	5
1	362284	36228.3	35
1	362346	36234.5	35
1	362368	36236.7	2
1	362460	36245.9	5
1	362500	36249.9	17
1	362558	36255.7	27
1	362676	36267.5	1
1	362690	36268.9	1
1	362728	36272.7	8
1	362838	36283.7	13
1	362912	36291.1	4
1	362952	36295.1	33
1	363016	36301.5	13
1	363060	36305.9	27
1	363148	36314.7	1
1	363186	36318.5	26
1	363214	36321.3	12
1	363242	36324.1	2
1	363310	36330.9	16
1	363492	36349.1	40
1	363512	36351.1	7
1	363598	36359.7	16
1	363622	36362.1	1
1	363668	36366.7	8
1	363708	36370.7	32
1	363734	36373.3	13
1	363776	36377.5	28
1	363796	36379.5	7
1	363858	36385.7	33
1	364088	36408.7	3
1	364132	36413.1	32
1	364224	36422.3	49
1	364244	36424.3	3
1	364290	36428.9	21
1	364396	36439.5	4
1	364602	36460.1	70
1	364638	36463.7	31
1	364672	36467.1	5
1	364732	36473.1	10
1	364844	36484.3	4
1	364918	36491.7	2
1	364956	36495.5	5
1	364986	36498.5	6
1	365052	36505.1	2
1	365074	36507.3	17
1	365094	36509.3	14
1	365132	36513.1	1
1	365176	36517.5	25
1	365206	36520.5	17
1	365270	36526.9	11
1	365308	36530.7	5
1	365366	36536.5	11
1	365442	36544.1	10
1	365584	36558.3	1
1	365656	36565.5	36
1	365672	36567.1	14
1	365698	36569.7	2
1	365704	36570.3	5
1	365748	36574.7	6
1	365872	36587.1	4
1	365880	36587.9	3
1	365882	36588.1	1
1	365952	36595.1	10
1	366048	36604.7	12
1	366066	36606.5	3
1	366136	36613.5	43
1	366160	36615.9	22
1	366188	36618.7	25
1	366208	36620.7	5
1	366266	36626.5	10
1	366314	36631.3	33
1	366346	36634.5	21
1	366452	36645.1	12
1	366470	36646.9	9
1	366574	36657.3	30
1	366588	36658.7	4
1	366694	36669.3	7
1	366816	36681.5	5
1	366904	36690.3	2
1	366950	36694.9	4
1	367002	36700.1	15
1	367032	36703.1	14
1	367062	36706.1	18
1	367116	36711.5	4
1	367126	36712.5	7
1	367218	36721.7	49
1	367250	36724.9	2
1	367310	36730.9	44
1	367460	36745.9	3
1	367506	36750.5	4
1	367540	36753.9	13
1	367702	36770.1	4
1	367758	36775.7	13
1	367792	36779.1	33
1	367806	36780.5	9
1	367820	36781.9	3
1	367872	36787.1	2
1	367888	36788.7	4
1	367892	36789.1	3
1	367996	36799.5	4
1	368026	36802.5	21
1	368122	36812.1	2
1	368170	36816.9	4
1	368226	36822.5	3
1	368302	36830.1	9
1	368350	36834.9	4
1	368404	36840.3	13
1	368484	36848.3	9
1	368534	36853.3	4
1	368546	36854.5	4
1	368576	36857.5	2
1	368688	36868.7	18
1	368710	36870.9	1
1	368738	36873.7	2
1	368766	36876.5	20
1	368818	36881.7	27
1	368840	36883.9	8
1	368848	36884.7	4
1	368860	36885.9	11
1	368870	36886.9	4
1	368896	36889.5	18
1	368910	36890.9	3
1	368952	36895.1	32
1	369056	36905.5	1
1	369072	36907.1	6
1	369116	36911.5	13
1	369256	36925.5	13
1	369286	36928.5	5
1	369316	36931.5	3
1	369362	36936.1	1
1	369390	36938.9	13
1	369466	36946.5	8
1	369588	36958.7	7
1	369674	36967.3	11
1	369754	36975.3	21
1	369814	36981.3	22
1	369840	36983.9	2
1	369904	36990.3	8
1	369936	36993.5	4
1	370114	37011.3	14
1	370192	37019.1	11
1	370220	37021.9	2
1	370238	37023.7	10
1	370286	37028.5	17
1	370376	37037.5	17
1	370454	37045.3	3
1	370486	37048.5	12
1	370500	37049.9	8
1	370550	37054.9	2
1	370598	37059.7	2
1	370630	37062.9	4
1	370804	37080.3	21
1	370826	37082.5	19
1	370950	37094.9	27
1	370988	37098.7	8
1	371072	37107.1	3
1	371130	37112.9	19
1	371144	37114.3	4
1	371194	37119.3	17
1	371214	37121.3	1
1	371256	37125.5	11
1	371304	37130.3	39
1	371434	37143.3	21
1	371590	37158.9	8
1	371674	37167.3	3
1	371690	37168.9	10
1	371782	37178.1	35
1	371866	37186.5	29
1	371932	37193.1	33
1	371958	37195.7	1
1	372018	37201.7	7
1	372132	37213.1	16
1	372222	37222.1	23
1	372242	37224.1	11
1	372284	37228.3	1
1	372324	37232.3	4
1	372336	37233.5	8
1	372462	37246.1	3
1	372466	37246.5	2
1	372468	37246.7	1
1	372476	37247.5	2
1	372506	37250.5	8
1	372544	37254.3	6
1	372574	37257.3	25
1	372620	37261.9	9
1	372640	37263.9	9
1	372674	37267.3	10
1	372706	37270.5	17
1	372778	37277.7	5
1	373056	37305.5	3
1	373068	37306.7	9
1	373130	37312.9	11
1	373154	37315.3	2
1	373266	37326.5	8
1	373374	37337.3	2
1	373392	37339.1	2
1	373440	37343.9	40
1	373532	37353.1	3
1	373570	37356.9	2
1	373590	37358.9	10
1	373672	37367.1	17
1	373694	37369.3	4
1	373832	37383.1	11
1	373928	37392.7	2
1	373972	37397.1	2
1	374066	37406.5	8
1	374106	37410.5	4
1	374138	37413.7	4
1	374448	37444.7	3
1	374476	37447.5	4
1	374548	37454.7	4
1	374562	37456.1	12
1	374648	37464.7	8
1	374744	37474.3	1
1	374786	37478.5	5
1	374806	37480.5	19
1	374842	37484.1	4
1	374862	37486.1	2
1	375056	37505.5	5
1	375074	37507.3	10
1	375122	37512.1	3
1	375142	37514.1	16
1	375162	37516.1	19
1	375198	37519.7	13
1	375200	37519.9	1
1	375234	37523.3	6
1	375288	37528.7	2
1	375446	37544.5	4
1	375584	37558.3	19
1	375618	37561.7	19
1	375636	37563.5	7
1	375854	37585.3	7
1	375880	37587.9	5
1	375924	37592.3	3
1	375962	37596.1	3
1	376056	37605.5	2
1	376132	37613.1	25
1	376146	37614.5	13
1	376210	37620.9	30
1	376264	37626.3	5
1	376308	37630.7	5
1	376370	37636.9	17
1	376382	37638.1	3
1	376400	37639.9	1
1	376464	37646.3	39
1	376558	37655.7	37
1	376646	37664.5	28
1	376670	37666.9	22
1	376690	37668.9	11
1	376774	37677.3	10
1	376812	37681.1	16
1	376868	37686.7	5
1	376956	37695.5	7
1	377084	37708.3	27
1	377118	37711.7	7
1	377150	37714.9	11
1	377258	37725.7	28
1	377316	37731.5	15
1	377402	37740.1	27
1	377448	37744.7	2
1	377476	37747.5	2
1	377510	37750.9	9
1	377588	37758.7	15
1	377594	37759.3	5
1	377840	37783.9	10
1	377942	37794.1	6
1	377968	37796.7	7
1	378000	37799.9	2
1	378110	37810.9	21
1	378128	37812.7	7
1	378148	37814.7	7
1	378180	37817.9	16
1	378212	37821.1	2
1	378256	37825.5	15
1	378288	37828.7	12
1	378310	37830.9	2
1	378438	37843.7	21
1	378476	37847.5	23
1	378554	37855.3	13
1	378562	37856.1	5
1	378574	37857.3	8
1	378590	37858.9	7
1	378654	37865.3	17
1	378822	37882.1	11
1	378906	37890.5	1
1	379236	37923.5	6
1	379268	37926.7	3
1	379400	37939.9	59
1	379414	37941.3	3
1	379478	37947.7	36
1	379514	37951.3	7
1	379556	37955.5	6
1	379598	37959.7	9
1	379634	37963.3	8
1	379642	37964.1	4
1	379708	37970.7	11
1	379722	37972.1	13
1	379760	37975.9	7
1	379796	37979.5	3
1	379822	37982.1	21
1	379874	37987.3	51
1	379958	37995.7	4
1	379986	37998.5	10
1	380150	38014.9	12
1	380152	38015.1	1
1	380210	38020.9	23
1	380230	38022.9	10
1	380266	38026.5	8
1	380308	38030.7	1
1	380334	38033.3	10
1	380398	38039.7	3
1	380434	38043.3	10
1	380452	38045.1	7
1	380488	38048.7	9
1	380506	38050.5	5
1	380534	38053.3	5
1	380618	38061.7	3
1	380654	38065.3	1
1	380758	38075.7	5
1	380802	38080.1	22
1	380856	38085.5	33
1	380970	38096.9	8
1	381114	38111.3	5
1	381144	38114.3	22
1	381246	38124.5	18
1	381250	38124.9	3
1	381342	38134.1	9
1	381442	38144.1	15
1	381506	38150.5	4
1	381582	38158.1	1
1	381626	38162.5	21
1	381636	38163.5	3
1	381658	38165.7	4
1	381786	38178.5	12
1	381802	38180.1	2
1	381812	38181.1	2
1	381838	38183.7	17
1	381856	38185.5	10
1	382050	38204.9	14
1	382080	38207.9	13
1	382110	38210.9	25
1	382144	38214.3	5
1	382382	38238.1	10
1	382394	38239.3	1
1	382424	38242.3	15
1	382474	38247.3	26
1	382522	38252.1	7
1	382544	38254.3	2
1	382598	38259.7	2
1	382640	38263.9	18
1	382764	38276.3	29
1	382796	38279.5	6
1	382810	38280.9	8
1	382840	38283.9	5
1	382902	38290.1	13
1	382912	38291.1	8
1	383068	38306.7	6
1	383124	38312.3	11
1	383216	38321.5	6
1	383228	38322.7	6
1	383244	38324.3	9
1	383248	38324.7	2
1	383570	38356.9	9
1	383620	38361.9	2
1	383762	38376.1	7
1	383800	38379.9	5
1	383828	38382.7	5
1	383842	38384.1	1
1	383854	38385.3	8
1	383918	38391.7	5
1	383944	38394.3	13
1	383974	38397.3	5
1	384042	38404.1	12
1	384086	38408.5	17
1	384094	38409.3	5
1	384102	38410.1	6
1	384136	38413.5	5
1	384208	38420.7	9
1	384262	38426.1	27
1	384298	38429.7	5
1	384428	38442.7	12
1	384494	38449.3	17
1	384504	38450.3	6
1	384516	38451.5	11
1	384558	38455.7	10
1	384590	38458.9	29
1	384606	38460.5	4
1	384618	38461.7	3
1	384742	38474.1	36
1	384780	38477.9	21
1	384802	38480.1	18
1	384834	38483.3	17
1	384856	38485.5	20
1	384870	38486.9	11
1	384918	38491.7	1
1	384962	38496.1	21
1	384996	38499.5	5
1	385028	38502.7	9
1	385074	38507.3	32
1	385222	38522.1	23
1	385286	38528.5	8
1	385304	38530.3	9
1	385376	38537.5	24
1	385422	38542.1	2
1	385612	38561.1	25
1	385660	38565.9	4
1	385678	38567.7	16
1	385700	38569.9	3
1	385742	38574.1	4
1	385780	38577.9	21
1	385800	38579.9	18
1	385820	38581.9	12
1	385870	38586.9	21
1	385896	38589.5	12
1	385916	38591.5	19
1	385934	38593.3	4
1	385970	38596.9	5
1	386138	38613.7	19
1	386186	38618.5	7
1	386254	38625.3	3
1	386302	38630.1	5
1	386340	38633.9	21
1	386346	38634.5	4
1	386416	38641.5	1
1	386450	38644.9	14
1	386504	38650.3	20
1	386534	38653.3	15
1	386566	38656.5	7
1	386594	38659.3	12
1	386680	38667.9	4
1	386734	38673.3	2
1	386984	38698.3	11
1	387012	38701.1	23
1	387094	38709.3	12
1	387154	38715.3	2
1	387216	38721.5	41
1	387234	38723.3	5
1	387242	38724.1	2
1	387292	38729.1	29
1	387408	38740.7	29
1	387414	38741.3	3
1	387638	38763.7	19
1	387656	38765.5	5
1	387666	38766.5	2
1	387678	38767.7	3
1	387710	38770.9	6
1	387718	38771.7	6
1	387722	38772.1	3
1	387732	38773.1	8
1	387772	38777.1	3
1	387828	38782.7	19
1	387888	38788.7	20
1	387966	38796.5	29
1	388022	38802.1	25
1	388086	38808.5	47
1	388120	38811.9	7
1	388142	38814.1	8
1	388230	38822.9	23
1	388254	38825.3	8
1	388292	38829.1	2
1	388386	38838.5	1
1	388392	38839.1	2
1	388424	38842.3	10
1	388454	38845.3	13
1	388576	38857.5	9
1	388606	38860.5	24
1	388646	38864.5	5
1	388650	38864.9	2
1	388862	38886.1	2
1	388892	38889.1	29
1	388964	38896.3	25
1	388996	38899.5	2
1	389138	38913.7	1
1	389152	38915.1	7
1	389172	38917.1	11
1	389330	38932.9	6
1	389344	38934.3	12
1	389448	38944.7	33
1	389458	38945.7	7
1	389528	38952.7	5
1	389586	38958.5	17
1	389668	38966.7	11
1	389670	38966.9	1
1	389732	38973.1	2
1	389794	38979.3	11
1	389852	38985.1	1
1	389854	38985.3	1
1	389868	38986.7	10
1	389928	38992.7	11
1	389944	38994.3	9
1	389996	38999.5	2
1	390018	39001.7	2
1	390050	39004.9	16
1	390072	39007.1	2
1	390122	39012.1	2
1	390150	39014.9	25
1	390160	39015.9	2
1	390188	39018.7	4
1	390270	39026.9	32
1	390368	39036.7	5
1	390388	39038.7	5
1	390492	39049.1	2
1	390552	39055.1	6
1	390582	39058.1	4
1	390780	39077.9	15
1	390824	39082.3	1
1	390894	39089.3	12
1	390956	39095.5	9
1	391000	39099.9	15
1	391202	39120.1	4
1	391244	39124.3	13
1	391248	39124.7	3
1	391344	39134.3	49
1	391348	39134.7	3
1	391388	39138.7	10
1	391498	39149.7	19
1	391524	39152.3	21
1	391602	39160.1	2
1	391732	39173.1	5
1	391778	39177.7	10
1	391846	39184.5	4
1	391894	39189.3	19
1	391986	39198.5	15
1	392024	39202.3	7
1	392116	39211.5	28
1	392214	39221.3	24
1	392274	39227.3	20
1	392344	39234.3	2
1	392378	39237.7	5
1	392432	39243.1	5
1	392456	39245.5	9
1	392502	39250.1	18
1	392538	39253.7	33
1	392554	39255.3	5
1	392586	39258.5	14
1	392662	39266.1	14
1	392672	39267.1	8
1	392902	39290.1	4
1	392936	39293.5	3
1	392986	39298.5	5
1	392996	39299.5	8
1	393154	39315.3	31
1	393272	39327.1	2
1	393332	39333.1	13
1	393398	39339.7	8
1	393426	39342.5	21
1	393452	39345.1	11
1	393536	39353.5	23
1	393564	39356.3	3
1	393608	39360.7	6
1	393658	39365.7	8
1	393750	39374.9	6
1	393808	39380.7	12
1	393902	39390.1	45
1	394008	39400.7	11
1	394072	39407.1	29
1	394100	39409.9	19
1	394152	39415.1	43
1	394220	39421.9	24
1	394226	39422.5	1
1	394388	39438.7	19
1	394498	39449.7	39
1	394586	39458.5	2
1	394682	39468.1	15
1	394764	39476.3	3
1	394802	39480.1	19
1	394826	39482.5	5
1	394894	39489.3	5
1	394902	39490.1	6
1	394958	39495.7	4
1	394976	39497.5	10
1	395010	39500.9	1
1	395072	39507.1	22
1	395108	39510.7	2
1	395160	39515.9	15
1	395270	39526.9	17
1	395286	39528.5	8
1	395292	39529.1	3
1	395310	39530.9	3
1	395322	39532.1	4
1	395360	39535.9	22
1	395372	39537.1	6
1	395432	39543.1	8
1	395612	39561.1	16
1	395688	39568.7	3
1	395726	39572.5	11
1	395762	39576.1	5
1	395870	39586.9	4
1	395890	39588.9	18
1	395912	39591.1	7
1	395938	39593.7	4
1	395960	39595.9	5
1	396038	39603.7	14
1	396194	39619.3	17
1	396314	39631.3	3
1	396376	39637.5	37
1	396536	39653.5	43
1	396574	39657.3	5
1	396724	39672.3	43
1	396794	39679.3	11
1	396826	39682.5	13
1	396892	39689.1	15
1	396962	39696.1	5
1	396964	39696.3	1
1	397040	39703.9	9
1	397108	39710.7	6
1	397128	39712.7	9
1	397150	39714.9	5
1	397174	39717.3	15
1	397242	39724.1	5
1	397264	39726.3	9
1	397300	39729.9	7
1	397318	39731.7	3
1	397360	39735.9	1
1	397484	39748.3	12
1	397602	39760.1	21
1	397634	39763.3	26
1	397826	39782.5	14
1	397832	39783.1	2
1	397846	39784.5	2
1	397868	39786.7	18
1	397900	39789.9	2
1	397934	39793.3	4
1	397964	39796.3	5
1	398138	39813.7	5
1	398178	39817.7	2
1	398276	39827.5	7
1	398440	39843.9	13
1	398484	39848.3	9
1	398606	39860.5	7
1	398640	39863.9	12
1	398806	39880.5	1
1	398840	39883.9	8
1	398844	39884.3	3
1	398922	39892.1	8
1	398948	39894.7	7
1	398986	39898.5	32
1	399038	39903.7	10
1	399116	39911.5	20
1	399156	39915.5	25
1	399258	39925.7	4
1	399302	39930.1	6
1	399326	39932.5	7
1	399370	39936.9	10
1	399430	39942.9	9
1	399504	39950.3	15
1	399522	39952.1	13
1	399742	39974.1	35
1	399766	39976.5	13
1	399970	39996.9	11
1	399974	39997.3	2
1	400062	40006.1	5
1	400174	40017.3	11
1	400184	40018.3	2
1	400204	40020.3	15
1	400234	40023.3	13
1	400300	40029.9	43
1	400322	40032.1	5
1	400344	40034.3	2
1	400406	40040.5	3
1	400492	40049.1	2
1	400546	40054.5	3
1	400564	40056.3	11
1	400584	40058.3	9
1	400668	40066.7	2
1	400682	40068.1	3
1	400692	40069.1	1
1	400748	40074.7	15
1	400882	40088.1	33
1	400980	40097.9	37
1	400992	40099.1	3
1	401040	40103.9	37
1	401078	40107.7	20
1	401090	40108.9	6
1	401174	40117.3	5
1	401264	40126.3	38
1	401280	40127.9	5
1	401320	40131.9	33
1	401366	40136.5	5
1	401634	40163.3	14
1	401636	40163.5	1
1	401656	40165.5	3
1	401688	40168.7	5
1	401700	40169.9	1
1	401728	40172.7	3
1	401766	40176.5	23
1	401810	40180.9	1
1	401868	40186.7	17
1	401992	40199.1	7
1	402080	40207.9	1
1	402108	40210.7	23
1	402166	40216.5	11
1	402232	40223.1	14
1	402260	40225.9	1
1	402298	40229.7	4
1	402328	40232.7	25
1	402338	40233.7	9
1	402358	40235.7	15
1	402424	40242.3	15
1	402526	40252.5	12
1	402556	40255.5	7
1	402738	40273.7	7
1	402780	40277.9	3
1	402796	40279.5	4
1	402820	40281.9	2
1	402866	40286.5	1
1	402932	40293.1	40
1	402972	40297.1	2
1	403156	40315.5	7
1	403170	40316.9	7
1	403172	40317.1	1
1	403206	40320.5	5
1	403268	40326.7	5
1	403324	40332.3	19
1	403428	40342.7	28
1	403472	40347.1	24
1	403496	40349.5	11
1	403522	40352.1	1
1	403610	40360.9	25
1	403672	40367.1	55
1	403678	40367.7	5
1	403756	40375.5	5
1	403778	40377.7	8
1	403908	40390.7	9
1	403980	40397.9	26
1	404028	40402.7	16
1	404046	40404.5	7
1	404056	40405.5	2
1	404086	40408.5	11
1	404118	40411.7	6
1	404146	40414.5	2
1	404248	40424.7	34
1	404352	40435.1	7
1	404370	40436.9	2
1	404544	40454.3	6
1	404584	40458.3	13
1	404686	40468.5	5
1	404698	40469.7	2
1	404702	40470.1	3
1	404712	40471.1	4
1	404736	40473.5	4
1	404806	40480.5	1
1	404854	40485.3	4
1	404904	40490.3	2
1	404932	40493.1	7
1	404942	40494.1	6
1	405010	40500.9	35
1	405116	40511.5	11
1	405168	40516.7	1
1	405236	40523.5	31
1	405282	40528.1	33
1	405322	40532.1	23
1	405402	40540.1	2
1	405452	40545.1	4
1	405502	40550.1	8
1	405566	40556.5	4
1	405588	40558.7	14
1	405632	40563.1	6
1	405668	40566.7	29
1	405690	40568.9	12
1	405716	40571.5	21
1	405752	40575.1	30
1	405778	40577.7	14
1	405834	40583.3	37
1	405882	40588.1	21
1	405938	40593.7	29
1	405968	40596.7	5
1	406012	40601.1	23
1	406024	40602.3	11
1	406054	40605.3	22
1	406104	40610.3	1
1	406218	40621.7	7
1	406262	40626.1	3
1	406288	40628.7	3
1	406336	40633.5	7
1	406398	40639.7	5
1	406462	40646.1	4
1	406482	40648.1	9
1	406492	40649.1	9
1	406538	40653.7	11
1	406566	40656.5	14
1	406598	40659.7	9
1	406610	40660.9	11
1	406654	40665.3	3
1	406734	40673.3	37
1	406744	40674.3	2
1	406786	40678.5	21
1	406852	40685.1	30
1	406910	40690.9	42
1	406972	40697.1	32
1	407064	40706.3	1
1	407066	40706.5	1
1	407076	40707.5	8
1	407142	40714.1	7
1	407160	40715.9	1
1	407224	40722.3	18
1	407252	40725.1	7
1	407296	40729.5	7
1	407328	40732.7	2
1	407410	40740.9	81
1	407478	40747.7	13
1	407532	40753.1	22
1	407594	40759.3	9
1	407688	40768.7	15
1	407746	40774.5	41
1	407762	40776.1	13
1	407772	40777.1	5
1	407848	40784.7	14
1	407866	40786.5	1
1	407892	40789.1	11
1	407964	40796.3	1
1	408060	40805.9	9
1	408164	40816.3	11
1	408168	40816.7	3
1	408190	40818.9	13
1	408322	40832.1	1
1	408362	40836.1	9
1	408386	40838.5	5
1	408514	40851.3	12
1	408600	40859.9	53
1	408620	40861.9	17
1	408716	40871.5	3
1	408792	40879.1	9
1	408802	40880.1	1
1	408842	40884.1	21
1	408936	40893.5	4
1	408964	40896.3	26
1	409034	40903.3	11
1	409056	40905.5	15
1	409234	40923.3	4
1	409274	40927.3	5
1	409312	40931.1	11
1	409360	40935.9	12
1	409386	40938.5	5
1	409564	40956.3	5
1	409568	40956.7	3
1	409588	40958.7	5
1	409678	40967.7	39
1	409750	40974.9	29
1	409818	40981.7	13
1	409908	40990.7	35
1	409938	40993.7	19
1	409966	40996.5	13
1	409994	40999.3	8
1	410040	41003.9	34
1	410248	41024.7	12
1	410316	41031.5	4
1	410422	41042.1	11
1	410488	41048.7	13
1	410494	41049.3	2
1	410506	41050.5	8
1	410546	41054.5	23
1	410582	41058.1	32
1	410604	41060.3	6
1	410840	41083.9	28
1	411032	41103.1	9
1	411114	41111.3	47
1	411192	41119.1	11
1	411204	41120.3	7
1	411288	41128.7	11
1	411300	41129.9	4
1	411344	41134.3	29
1	411384	41138.3	27
1	411468	41146.7	19
1	411482	41148.1	12
1	411522	41152.1	29
1	411538	41153.7	2
1	411598	41159.7	29
1	411646	41164.5	5
1	411688	41168.7	7
1	411736	41173.5	9
1	411756	41175.5	3
1	411772	41177.1	3
1	411944	41194.3	9
1	412046	41204.5	6
1	412064	41206.3	9
1	412184	41218.3	5
1	412236	41223.5	3
1	412300	41229.9	11
1	412304	41230.3	2
1	412320	41231.9	7
1	412424	41242.3	9
1	412426	41242.5	1
1	412540	41253.9	11
1	412632	41263.1	2
1	412674	41267.3	7
1	412770	41276.9	33
1	412798	41279.7	5
1	412824	41282.3	9
1	412838	41283.7	3
1	412870	41286.9	14
1	412898	41289.7	7
1	412940	41293.9	13
1	412976	41297.5	10
1	412986	41298.5	1
1	413054	41305.3	7
1	413154	41315.3	13
1	413278	41327.7	18
1	413344	41334.3	10
1	413362	41336.1	16
1	413392	41339.1	11
1	413426	41342.5	7
1	413474	41347.3	35
1	413654	41365.3	13
1	413680	41367.9	5
1	413762	41376.1	3
1	413868	41386.7	19
1	413878	41387.7	9
1	413962	41396.1	19
1	414014	41401.3	9
1	414078	41407.7	31
1	414140	41413.9	3
1	414188	41418.7	11
1	414222	41422.1	8
1	414274	41427.3	3
1	414334	41433.3	9
1	414340	41433.9	4
1	414440	41443.9	13
1	414508	41450.7	3
1	414522	41452.1	6
1	414548	41454.7	2
1	414590	41458.9	6
1	414638	41463.7	34
1	414708	41470.7	2
1	414726	41472.5	4
1	414740	41473.9	12
1	414828	41482.7	44
1	414876	41487.5	10
1	414924	41492.3	4
1	414942	41494.1	5
1	414996	41499.5	22
1	415254	41525.3	34
1	415300	41529.9	4
1	415350	41534.9	2
1	415438	41543.7	4
1	415474	41547.3	25
1	415500	41549.9	12
1	415504	41550.3	2
1	415506	41550.5	1
1	415606	41560.5	2
1	415622	41562.1	3
1	415686	41568.5	2
1	415750	41574.9	39
1	415788	41578.7	6
1	415848	41584.7	5
1	415886	41588.5	11
1	415908	41590.7	3
1	415970	41596.9	1
1	416064	41606.3	14
1	416186	41618.5	19
1	416310	41630.9	4
1	416348	41634.7	30
1	416358	41635.7	2
1	416498	41649.7	9
1	416576	41657.5	23
1	416654	41665.3	7
1	416802	41680.1	16
1	416848	41684.7	27
1	416898	41689.7	5
1	416920	41691.9	17
1	416988	41698.7	31
1	417096	41709.5	12
1	417216	41721.5	3
1	417220	41721.9	2
1	417264	41726.3	30
1	417364	41736.3	7
1	417418	41741.7	9
1	417492	41749.1	5
1	417502	41750.1	3
1	417654	41765.3	11
1	417660	41765.9	3
1	417664	41766.3	2
1	417694	41769.3	19
1	417728	41772.7	22
1	417730	41772.9	1
1	417786	41778.5	19
1	417802	41780.1	15
1	417824	41782.3	15
1	417852	41785.1	19
1	417882	41788.1	1
1	417898	41789.7	15
1	417988	41798.7	12
1	418046	41804.5	46
1	418196	41819.5	13
1	418256	41825.5	5
1	418386	41838.5	7
1	418438	41843.7	31
1	418506	41850.5	17
1	418582	41858.1	55
1	418772	41877.1	29
1	418796	41879.5	9
1	418814	41881.3	8
1	418834	41883.3	14
1	418860	41885.9	12
1	418876	41887.5	7
1	418898	41889.7	2
1	418944	41894.3	6
1	419018	41901.7	21
1	419106	41910.5	12
1	419132	41913.1	22
1	419292	41929.1	1
1	419330	41932.9	5
1	419386	41938.5	47
1	419448	41944.7	12
1	419562	41956.1	9
1	419746	41974.5	37
1	419782	41978.1	23
1	419854	41985.3	13
1	419992	41999.1	2
1	420118	42011.7	38
1	420164	42016.3	12
1	420166	42016.5	1
1	420206	42020.5	9
1	420244	42024.3	3
1	420282	42028.1	21
1	420350	42034.9	2
1	420378	42037.7	12
1	420388	42038.7	6
1	420568	42056.7	3
1	420620	42061.9	2
1	420654	42065.3	23
1	420658	42065.7	3
1	420680	42067.9	3
1	420716	42071.5	5
1	420732	42073.1	13
1	420750	42074.9	11
1	420884	42088.3	75
1	421040	42103.9	33
1	421110	42110.9	1
1	421132	42113.1	5
1	421186	42118.5	1
1	421238	42123.7	12
1	421332	42133.1	7
1	421420	42141.9	21
1	421474	42147.3	6
1	421566	42156.5	21
1	421586	42158.5	5
1	421758	42175.7	17
1	421828	42182.7	17
1	421850	42184.9	3
1	421886	42188.5	9
1	421986	42198.5	19
1	422022	42202.1	1
1	422042	42204.1	17
1	422206	42220.5	7
1	422228	42222.7	2
1	422326	42232.5	1
1	422502	42250.1	10
1	422564	42256.3	2
1	422644	42264.3	5
1	422690	42268.9	7
1	422716	42271.5	8
1	422770	42276.9	12
1	422820	42281.9	40
1	422896	42289.5	19
1	422942	42294.1	6
1	423006	42300.5	37
1	423032	42303.1	6
1	423082	42308.1	4
1	423088	42308.7	4
1	423116	42311.5	17
1	423280	42327.9	1
1	423292	42329.1	6
1	423412	42341.1	1
1	423520	42351.9	4
1	423560	42355.9	14
1	423638	42363.7	25
1	423648	42364.7	4
1	423668	42366.7	3
1	423688	42368.7	14
1	423742	42374.1	10
1	423796	42379.5	7
1	423804	42380.3	6
1	423832	42383.1	7
1	423970	42396.9	1
1	423984	42398.3	7
1	424042	42404.1	5
1	424312	42431.1	21
1	424364	42436.3	4
1	424408	42440.7	11
1	424556	42455.5	6
1	424656	42465.5	15
1	424724	42472.3	49
1	424882	42488.1	6
1	424988	42498.7	2
1	425024	42502.3	4
1	425056	42505.5	10
1	425130	42512.9	5
1	425154	42515.3	13
1	425220	42521.9	8
1	425316	42531.5	2
1	425394	42539.3	12
1	425436	42543.5	36
1	425454	42545.3	5
1	425472	42547.1	8
1	425722	42572.1	6
1	425826	42582.5	16
1	425900	42589.9	8
1	425952	42595.1	8
1	425954	42595.3	1
1	425958	42595.7	2
1	426022	42602.1	5
1	426060	42605.9	6
1	426192	42619.1	5
1	426220	42621.9	2
1	426300	42629.9	33
1	426356	42635.5	5
1	426376	42637.5	4
1	426432	42643.1	1
1	426438	42643.7	4
1	426506	42650.5	14
1	426524	42652.3	11
1	426656	42665.5	4
1	426714	42671.3	47
1	426724	42672.3	3
1	426828	42682.7	29
1	426928	42692.7	13
1	427010	42700.9	2
1	427056	42705.5	25
1	427070	42706.9	7
1	427110	42710.9	3
1	427126	42712.5	2
1	427154	42715.3	8
1	427156	42715.5	1
1	427184	42718.3	3
1	427346	42734.5	9
1	427372	42737.1	7
1	427456	42745.5	2
1	427474	42747.3	9
1	427492	42749.1	1
1	427566	42756.5	5
1	427658	42765.7	5
1	427696	42769.5	2
1	427704	42770.3	4
1	427732	42773.1	1
1	427740	42773.9	4
1	427784	42778.3	3
1	427926	42792.5	1
1	427970	42796.9	2
1	428086	42808.5	3
1	428106	42810.5	5
1	428126	42812.5	5
1	428132	42813.1	2
1	428160	42815.9	12
1	428172	42817.1	5
1	428248	42824.7	29
1	428356	42835.5	5
1	428480	42847.9	5
1	428544	42854.3	43
1	428636	42863.5	11
1	428664	42866.3	4
1	428798	42879.7	21
1	428836	42883.5	2
1	428882	42888.1	39
1	429060	42905.9	5
1	429118	42911.7	14
1	429200	42919.9	19
1	429326	42932.5	13
1	429376	42937.5	4
1	429490	42948.9	3
1	429500	42949.9	7
1	429610	42960.9	2
1	429648	42964.7	35
1	429674	42967.3	15
1	429690	42968.9	4
1	429736	42973.5	2
1	429740	42973.9	2
1	429756	42975.5	7
1	429798	42979.7	15
1	429890	42988.9	21
1	429996	42999.5	23
1	430052	43005.1	13
1	430170	43016.9	8
1	430216	43021.5	9
1	430388	43038.7	2
1	430420	43041.9	21
1	430432	43043.1	1
1	430460	43045.9	17
1	430474	43047.3	11
1	430654	43065.3	2
1	430816	43081.5	36
1	430900	43089.9	32
1	430910	43090.9	3
1	431014	43101.3	24
1	431046	43104.5	8
1	431088	43108.7	2
1	431154	43115.3	25
1	431246	43124.5	2
1	431306	43130.5	7
1	431314	43131.3	2
1	431332	43133.1	5
1	431406	43140.5	1
1	431440	43143.9	7
1	431518	43151.7	19
1	431720	43171.9	2
1	431872	43187.1	46
1	431950	43194.9	27
1	431990	43198.9	5
1	432046	43204.5	13
1	432076	43207.5	5
1	432088	43208.7	1
1	432106	43210.5	5
1	432110	43210.9	3
1	432128	43212.7	7
1	432232	43223.1	2
1	432290	43228.9	11
1	432332	43233.1	23
1	432342	43234.1	8
1	432366	43236.5	1
1	432410	43240.9	2
1	432424	43242.3	4
1	432456	43245.5	2
1	432470	43246.9	5
1	432476	43247.5	5
1	432562	43256.1	5
1	432630	43262.9	22
1	432668	43266.7	6
1	432674	43267.3	2
1	432694	43269.3	8
1	432714	43271.3	9
1	432746	43274.5	25
1	432794	43279.3	15
1	432808	43280.7	4
1	432964	43296.3	18
1	433028	43302.7	28
1	433098	43309.7	33
1	433114	43311.3	4
1	433132	43313.1	3
1	433170	43316.9	24
1	433256	43325.5	40
1	433268	43326.7	6
1	433378	43337.7	11
1	433404	43340.3	16
1	433452	43345.1	30
1	433472	43347.1	5
1	433530	43352.9	9
1	433588	43358.7	5
1	433728	43372.7	13
1	433750	43374.9	18
1	433834	43383.3	33
1	433864	43386.3	17
1	433884	43388.3	14
1	433898	43389.7	10
1	433958	43395.7	1
1	433960	43395.9	1
1	433994	43399.3	4
1	434026	43402.5	2
1	434078	43407.7	4
1	434110	43410.9	3
1	434230	43422.9	17
1	434380	43437.9	2
1	434400	43439.9	7
1	434460	43445.9	11
1	434500	43449.9	2
1	434720	43471.9	2
1	434766	43476.5	14
1	434822	43482.1	7
1	434894	43489.3	2
1	434954	43495.3	2
1	434982	43498.1	7
1	435002	43500.1	10
1	435028	43502.7	23
1	435058	43505.7	15
1	435162	43516.1	11
1	435198	43519.7	2
1	435208	43520.7	8
1	435240	43523.9	15
1	435258	43525.7	10
1	435276	43527.5	7
1	435294	43529.3	5
1	435300	43529.9	2
1	435318	43531.7	4
1	435332	43533.1	13
1	435342	43534.1	4
1	435434	43543.3	10
1	435472	43547.1	27
1	435484	43548.3	1
1	435496	43549.5	8
1	435528	43552.7	3
1	435592	43559.1	13
1	435646	43564.5	2
1	435780	43577.9	14
1	435836	43583.5	35
1	435866	43586.5	7
1	435896	43589.5	25
1	435922	43592.1	18
1	435960	43595.9	26
1	435982	43598.1	2
1	436028	43602.7	7
1	436038	43603.7	9
1	436090	43608.9	30
1	436134	43613.3	17
1	436146	43614.5	8
1	436264	43626.3	11
1	436292	43629.1	27
1	436390	43638.9	6
1	436440	43643.9	25
1	436484	43648.3	11
1	436684	43668.3	9
1	436744	43674.3	45
1	436758	43675.7	5
1	436836	43683.5	16
1	436868	43686.7	24
1	436884	43688.3	15
1	436900	43689.9	13
1	436974	43697.3	5
1	437016	43701.5	41
1	437060	43705.9	40
1	437076	43707.5	8
1	437182	43718.1	31
1	437256	43725.5	3
1	437308	43730.7	18
1	437416	43741.5	1
1	437460	43745.9	3
1	437484	43748.3	20
1	437526	43752.5	2
1	437544	43754.3	13
1	437582	43758.1	4
1	437640	43763.9	9
1	437646	43764.5	5
1	437650	43764.9	3
1	437692	43769.1	20
1	437704	43770.3	8
1	437888	43788.7	7
1	437990	43798.9	38
1	438038	43803.7	15
1	438072	43807.1	9
1	438118	43811.7	6
1	438130	43812.9	4
1	438146	43814.5	2
1	438224	43822.3	7
1	438304	43830.3	5
1	438338	43833.7	9
1	438418	43841.7	31
1	438450	43844.9	13
1	438466	43846.5	6
1	438500	43849.9	1
1	438566	43856.5	7
1	438596	43859.5	13
1	438690	43868.9	2
1	438720	43871.9	3
1	438782	43878.1	1
1	438786	43878.5	3
1	438850	43884.9	12
1	438872	43887.1	4
1	438928	43892.7	32
1	439102	43910.1	18
1	439172	43917.1	63
1	439296	43929.5	37
1	439312	43931.1	6
1	439320	43931.9	6
1	439406	43940.5	39
1	439480	43947.9	4
1	439558	43955.7	5
1	439568	43956.7	5
1	439584	43958.3	12
1	439634	43963.3	1
1	439692	43969.1	43
1	439728	43972.7	22
1	439924	43992.3	1
1	439944	43994.3	1
1	439948	43994.7	3
1	439968	43996.7	3
1	440064	44006.3	4
1	440096	44009.5	10
1	440124	44012.3	8
1	440154	44015.3	5
1	440206	44020.5	11
1	440212	44021.1	2
1	440230	44022.9	5
1	440258	44025.7	8
1	440290	44028.9	28
1	440334	44033.3	3
1	440368	44036.7	8
1	440398	44039.7	11
1	440410	44040.9	3
1	440452	44045.1	11
1	440478	44047.7	7
1	440550	44054.9	21
1	440628	44062.7	5
1	440658	44065.7	15
1	440780	44077.9	9
1	440810	44080.9	21
1	440836	44083.5	2
1	440868	44086.7	22
1	440984	44098.3	2
1	441004	44100.3	2
1	441102	44110.1	15
1	441120	44111.9	8
1	441168	44116.7	3
1	441218	44121.7	37
1	441238	44123.7	2
1	441298	44129.7	23
1	441302	44130.1	2
1	441338	44133.7	17
1	441362	44136.1	1
1	441390	44138.9	2
1	441430	44142.9	27
1	441696	44169.5	4
1	441708	44170.7	11
1	441732	44173.1	1
1	441798	44179.7	2
1	441916	44191.5	91
1	442012	44201.1	19
1	442072	44207.1	6
1	442144	44214.3	16
1	442290	44228.9	33
1	442314	44231.3	8
1	442350	44234.9	5
1	442394	44239.3	5
1	442440	44243.9	4
1	442450	44244.9	4
1	442502	44250.1	37
1	442570	44256.9	5
1	442584	44258.3	12
1	442656	44265.5	7
1	442740	44273.9	11
1	442840	44283.9	2
1	442892	44289.1	49
1	442942	44294.1	5
1	442954	44295.3	2
1	442968	44296.7	12
1	443106	44310.5	8
1	443184	44318.3	4
1	443394	44339.3	11
1	443508	44350.7	12
1	443718	44371.7	38
1	443756	44375.5	29
1	443820	44381.9	20
1	443878	44387.7	11
1	444004	44400.3	7
1	444132	44413.1	10
1	444198	44419.7	15
1	444230	44422.9	4
1	444294	44429.3	21
1	444340	44433.9	7
1	444380	44437.9	23
1	444398	44439.7	5
1	444418	44441.7	14
1	444430	44442.9	4
1	444462	44446.1	17
1	444582	44458.1	25
1	444696	44469.5	6
1	444722	44472.1	3
1	444750	44474.9	9
1	444772	44477.1	9
1	444824	44482.3	38
1	444886	44488.5	1
1	444974	44497.3	6
1	445016	44501.5	6
1	445028	44502.7	2
1	445044	44504.3	3
1	445058	44505.7	5
1	445112	44511.1	42
1	445206	44520.5	31
1	445226	44522.5	16
1	445316	44531.5	44
1	445374	44537.3	11
1	445406	44540.5	8
1	445420	44541.9	13
1	445458	44545.7	9
1	445564	44556.3	17
1	445568	44556.7	2
1	445580	44557.9	11
1	445608	44560.7	2
1	445702	44570.1	7
1	445718	44571.7	9
1	445742	44574.1	22
1	445764	44576.3	4
1	445824	44582.3	25
1	445868	44586.7	5
1	446078	44607.7	32
1	446184	44618.3	46
1	446234	44623.3	4
1	446300	44629.9	23
1	446338	44633.7	3
1	446380	44637.9	13
1	446432	44643.1	3
1	446480	44647.9	13
1	446570	44656.9	11
1	446620	44661.9	25
1	446678	44667.7	31
1	446704	44670.3	9
1	446806	44680.5	21
1	446902	44690.1	2
1	446926	44692.5	3
1	446960	44695.9	2
1	447000	44699.9	1
1	447026	44702.5	5
1	447194	44719.3	2
1	447204	44720.3	5
1	447226	44722.5	6
1	447350	44734.9	1
1	447390	44738.9	9
1	447404	44740.3	13
1	447438	44743.7	2
1	447520	44751.9	31
1	447540	44753.9	14
1	447614	44761.3	6
1	447710	44770.9	57
1	447846	44784.5	13
1	447848	44784.7	1
1	447932	44793.1	1
1	447962	44796.1	7
1	448008	44800.7	45
1	448016	44801.5	5
1	448052	44805.1	15
1	448096	44809.5	9
1	448112	44811.1	10
1	448168	44816.7	22
1	448186	44818.5	9
1	448202	44820.1	3
1	448252	44825.1	27
1	448400	44839.9	17
1	448424	44842.3	3
1	448572	44857.1	23
1	448586	44858.5	7
1	448684	44868.3	4
1	448854	44885.3	5
1	448900	44889.9	37
1	448912	44891.1	4
1	449034	44903.3	2
1	449048	44904.7	8
1	449124	44912.3	11
1	449154	44915.3	27
1	449196	44919.5	9
1	449198	44919.7	1
1	449228	44922.7	23
1	449250	44924.9	4
1	449348	44934.7	5
1	449404	44940.3	45
1	449468	44946.7	3
1	449606	44960.5	29
1	449610	44960.9	3
1	449636	44963.5	6
1	449648	44964.7	4
1	449716	44971.5	23
1	449722	44972.1	5
1	449830	44982.9	15
1	449886	44988.5	5
1	449906	44990.5	5
1	449920	44991.9	11
1	449982	44998.1	7
1	450014	45001.3	12
1	450034	45003.3	7
1	450244	45024.3	5
1	450312	45031.1	53
1	450432	45043.1	37
1	450442	45044.1	3
1	450516	45051.5	4
1	450538	45053.7	18
1	450574	45057.3	8
1	450608	45060.7	23
1	450678	45067.7	2
1	450710	45070.9	20
1	450736	45073.5	14
1	450852	45085.1	27
1	450886	45088.5	16
1	450958	45095.7	2
1	450976	45097.5	6
1	451020	45101.9	1
1	451054	45105.3	1
1	451118	45111.7	22
1	451128	45112.7	4
1	451216	45121.5	2
1	451300	45129.9	58
1	451350	45134.9	3
1	451438	45143.7	21
1	451474	45147.3	10
1	451488	45148.7	4
1	451526	45152.5	13
1	451544	45154.3	9
1	451594	45159.3	17
1	451614	45161.3	7
1	451622	45162.1	2
1	451774	45177.3	5
1	451832	45183.1	17
1	451840	45183.9	6
1	451854	45185.3	8
1	451922	45192.1	6
1	452010	45200.9	24
1	452032	45203.1	2
1	452050	45204.9	11
1	452168	45216.7	5
1	452222	45222.1	1
1	452252	45225.1	4
1	452290	45228.9	11
1	452322	45232.1	1
1	452352	45235.1	3
1	452442	45244.1	19
1	452600	45259.9	54
1	452698	45269.7	11
1	452754	45275.3	47
1	452786	45278.5	7
1	452812	45281.1	2
1	452828	45282.7	9
1	453076	45307.5	17
1	453096	45309.5	3
1	453102	45310.1	5
1	453150	45314.9	17
1	453254	45325.3	11
1	453336	45333.5	19
1	453408	45340.7	6
1	453626	45362.5	21
1	453634	45363.3	2
1	453660	45365.9	12
1	453678	45367.7	2
1	453704	45370.3	18
1	453722	45372.1	5
1	453792	45379.1	36
1	453826	45382.5	16
1	453898	45389.7	10
1	453946	45394.5	1
1	453978	45397.7	22
1	454016	45401.5	4
1	454032	45403.1	11
1	454044	45404.3	1
1	454124	45412.3	57
1	454164	45416.3	4
1	454264	45426.3	10
1	454270	45426.9	5
1	454334	45433.3	43
1	454424	45442.3	9
2	77	7.6	1
2	79	7.8	1
2	141	14	1
2	157	15.6	4
2	179	17.8	19
2	291	29	1
2	309	30.8	5
2	323	32.2	6
2	337	33.6	1
2	351	35	1
2	601	60	1
2	621	62	12
2	717	71.6	1
2	773	77.2	1
2	939	93.8	2
2	963	96.2	1
2	983	98.2	4
2	997	99.6	1
2	1235	123.4	1
2	1281	128	1
2	1309	130.8	4
2	1373	137.2	4
2	1495	149.4	13
2	1551	155	4
2	1571	157	2
2	1629	162.8	1
2	1707	170.6	3
2	1851	185	1
2	1901	190	7
2	1923	192.2	2
2	1979	197.8	1
2	2023	202.2	2
2	2251	225	7
2	2291	229	1
2	2353	235.2	1
2	2373	237.2	6
2	2407	240.6	8
2	2425	242.4	1
2	2493	249.2	1
2	2555	255.4	1
2	2599	259.8	1
2	2711	271	4
2	2787	278.6	6
2	2831	283	2
2	2851	285	1
2	2887	288.6	1
2	3149	314.8	2
2	3171	317	1
2	3177	317.6	1
2	3217	321.6	2
2	3223	322.2	4
2	3247	324.6	1
2	3285	328.4	11
2	3361	336	4
2	3391	339	1
2	3395	339.4	1
2	3403	340.2	1
2	3551	355	1
2	3567	356.6	1
2	3605	360.4	1
2	3607	360.6	1
2	3665	366.4	1
2	3689	368.8	4
2	3913	391.2	4
2	3953	395.2	16
2	4029	402.8	15
2	4073	407.2	1
2	4103	410.2	1
2	4109	410.8	1
2	4129	412.8	1
2	4151	415	13
2	4173	417.2	1
2	4179	417.8	5
2	4217	421.6	2
2	4221	422	2
2	4243	424.2	4
2	4387	438.6	1
2	4509	450.8	2
2	4533	453.2	1
2	4725	472.4	1
2	4753	475.2	22
2	4795	479.4	1
2	4877	487.6	2
2	4977	497.6	13
2	5031	503	1
2	5073	507.2	1
2	5085	508.4	6
2	5097	509.6	1
2	5145	514.4	1
2	5153	515.2	4
2	5229	522.8	4
2	5481	548	1
2	5495	549.4	8
2	5625	562.4	2
2	5675	567.4	1
2	5783	578.2	1
2	5801	580	14
2	5911	591	1
2	5937	593.6	13
2	5957	595.6	16
2	5995	599.4	1
2	6031	603	5
2	6101	610	1
2	6129	612.8	1
2	6349	634.8	1
2	6381	638	10
2	6399	639.8	13
2	6453	645.2	2
2	6595	659.4	4
2	6607	660.6	1
2	6669	666.8	1
2	6707	670.6	1
2	6779	677.8	1
2	6785	678.4	1
2	6911	691	7
2	6939	693.8	1
2	6971	697	1
2	7005	700.4	1
2	7255	725.4	1
2	7289	728.8	4
2	7299	729.8	2
2	7411	741	4
2	7499	749.8	1
2	7701	770	1
2	7719	771.8	2
2	7971	797	1
2	7979	797.8	2
2	7987	798.6	1
2	8049	804.8	1
2	8099	809.8	8
2	8151	815	12
2	8249	824.8	4
2	8461	846	1
2	8505	850.4	1
2	8639	863.8	8
2	8667	866.6	1
2	8679	867.8	3
2	8717	871.6	1
2	8777	877.6	8
2	8815	881.4	23
2	8831	883	2
2	8883	888.2	5
2	9233	923.2	6
2	9237	923.6	1
2	9265	926.4	8
2	9341	934	1
2	9479	947.8	6
2	9511	951	4
2	9593	959.2	3
2	9595	959.4	1
2	9627	962.6	12
2	9777	977.6	2
2	9857	985.6	2
2	9935	993.4	1
2	9941	994	2
2	10021	1002	10
2	10055	1005.4	10
2	10097	1009.6	1
2	10119	1011.8	1
2	10155	1015.4	2
2	10179	1017.8	1
2	10255	1025.4	3
2	10339	1033.8	3
2	10353	1035.2	1
2	10365	1036.4	4
2	10405	1040.4	1
2	10513	1051.2	2
2	10533	1053.2	1
2	10547	1054.6	7
2	10641	1064	10
2	10681	1068	1
2	10785	1078.4	1
2	10925	1092.4	3
2	10963	1096.2	4
2	11005	1100.4	4
2	11049	1104.8	6
2	11113	1111.2	6
2	11155	1115.4	1
2	11199	1119.8	3
2	11243	1124.2	6
2	11295	1129.4	1
2	11321	1132	2
2	11345	1134.4	1
2	11403	1140.2	1
2	11441	1144	1
2	11443	1144.2	1
2	11491	1149	1
2	11529	1152.8	1
2	11555	1155.4	18
2	11621	1162	3
2	11693	1169.2	1
2	11703	1170.2	6
2	11709	1170.8	1
2	11733	1173.2	1
2	11769	1176.8	2
2	11793	1179.2	1
2	11813	1181.2	2
2	12073	1207.2	1
2	12123	1212.2	1
2	12141	1214	7
2	12171	1217	3
2	12295	1229.4	5
2	12365	1236.4	4
2	12393	1239.2	5
2	12491	1249	1
2	12501	1250	8
2	12519	1251.8	3
2	12563	1256.2	1
2	12581	1258	4
2	12671	1267	7
2	12703	1270.2	2
2	12761	1276	8
2	12865	1286.4	1
2	12873	1287.2	6
2	12909	1290.8	4
2	12911	1291	1
2	12935	1293.4	1
2	13003	1300.2	8
2	13057	1305.6	1
2	13119	1311.8	1
2	13129	1312.8	1
2	13145	1314.4	1
2	13167	1316.6	1
2	13175	1317.4	4
2	13203	1320.2	2
2	13221	1322	4
2	13245	1324.4	1
2	13525	1352.4	2
2	13653	1365.2	4
2	13837	1383.6	4
2	14033	1403.2	1
2	14071	1407	1
2	14101	1410	8
2	14157	1415.6	11
2	14249	1424.8	1
2	14323	1432.2	1
2	14355	1435.4	3
2	14361	1436	1
2	14367	1436.6	1
2	14381	1438	4
2	14419	1441.8	1
2	14563	1456.2	4
2	14637	1463.6	1
2	14789	1478.8	1
2	14843	1484.2	1
2	14889	1488.8	2
2	14917	1491.6	1
2	14939	1493.8	1
2	14997	1499.6	1
2	15033	1503.2	1
2	15075	1507.4	6
2	15157	1515.6	4
2	15207	1520.6	5
2	15209	1520.8	1
2	15373	1537.2	1
2	15393	1539.2	2
2	15405	1540.4	7
2	15411	1541	1
2	15571	1557	2
2	15635	1563.4	4
2	15717	1571.6	1
2	15737	1573.6	6
2	15803	1580.2	2
2	15817	1581.6	3
2	15851	1585	1
2	15921	1592	1
2	15983	1598.2	1
2	15985	1598.4	1
2	16081	1608	28
2	16307	1630.6	10
2	16329	1632.8	1
2	16349	1634.8	1
2	16367	1636.6	2
2	16369	1636.8	1
2	16377	1637.6	1
2	16457	1645.6	1
2	16479	1647.8	19
2	16569	1656.8	1
2	16591	1659	6
2	16625	1662.4	4
2	16755	1675.4	2
2	16777	1677.6	8
2	16801	1680	1
2	16869	1686.8	1
2	16943	1694.2	15
2	17015	1701.4	4
2	17099	1709.8	7
2	17131	1713	2
2	17143	1714.2	2
2	17175	1717.4	6
2	17195	1719.4	1
2	17225	1722.4	10
2	17241	1724	1
2	17283	1728.2	1
2	17291	1729	1
2	17461	1746	1
2	17549	1754.8	6
2	17557	1755.6	6
2	17589	1758.8	1
2	17591	1759	1
2	17631	1763	10
2	17681	1768	11
2	17685	1768.4	1
2	17787	1778.6	8
2	17827	1782.6	1
2	17985	1798.4	9
2	18033	1803.2	1
2	18039	1803.8	2
2	18059	1805.8	1
2	18069	1806.8	1
2	18079	1807.8	1
2	18237	1823.6	1
2	18265	1826.4	14
2	18303	1830.2	10
2	18351	1835	1
2	18495	1849.4	1
2	18595	1859.4	2
2	18711	1871	4
2	18713	1871.2	1
2	18737	1873.6	1
2	18811	1881	22
2	18919	1891.8	10
2	18975	1897.4	5
2	19001	1900	1
2	19023	1902.2	1
2	19161	1916	8
2	19163	1916.2	1
2	19195	1919.4	17
2	19253	1925.2	1
2	19289	1928.8	4
2	19309	1930.8	1
2	19349	1934.8	1
2	19365	1936.4	5
2	19427	1942.6	2
2	19453	1945.2	2
2	19509	1950.8	7
2	19521	1952	2
2	19571	1957	8
2	19585	1958.4	7
2	19685	1968.4	4
2	19723	1972.2	7
2	19763	1976.2	7
2	19775	1977.4	1
2	19797	1979.6	6
2	19999	1999.8	7
2	20067	2006.6	1
2	20145	2014.4	1
2	20255	2025.4	1
2	20315	2031.4	2
2	20349	2034.8	6
2	20393	2039.2	1
2	20403	2040.2	1
2	20405	2040.4	1
2	20437	2043.6	4
2	20497	2049.6	16
2	20501	2050	1
2	20601	2060	3
2	20681	2068	1
2	20701	2070	6
2	20787	2078.6	1
2	20829	2082.8	1
2	20839	2083.8	1
2	20951	2095	11
2	20991	2099	2
2	21029	2102.8	4
2	21049	2104.8	1
2	21109	2110.8	1
2	21143	2114.2	4
2	21237	2123.6	1
2	21305	2130.4	3
2	21381	2138	1
2	21449	2144.8	1
2	21523	2152.2	12
2	21749	2174.8	2
2	21829	2182.8	10
2	21855	2185.4	2
2	21945	2194.4	1
2	21987	2198.6	1
2	21993	2199.2	1
2	22053	2205.2	6
2	22107	2210.6	1
2	22151	2215	1
2	22235	2223.4	1
2	22389	2238.8	6
2	22463	2246.2	4
2	22489	2248.8	1
2	22511	2251	1
2	22671	2267	1
2	22827	2282.6	4
2	22831	2283	1
2	22863	2286.2	13
2	22939	2293.8	2
2	23063	2306.2	2
2	23087	2308.6	1
2	23159	2315.8	5
2	23195	2319.4	1
2	23233	2323.2	1
2	23241	2324	2
2	23339	2333.8	3
2	23363	2336.2	12
2	23407	2340.6	1
2	23437	2343.6	7
2	23451	2345	7
2	23655	2365.4	2
2	23727	2372.6	1
2	23749	2374.8	1
2	23815	2381.4	1
2	23869	2386.8	4
2	23893	2389.2	1
2	23919	2391.8	15
2	23941	2394	1
2	23975	2397.4	2
2	23979	2397.8	1
2	23999	2399.8	6
2	24133	2413.2	4
2	24283	2428.2	2
2	24303	2430.2	7
2	24307	2430.6	1
2	24345	2434.4	6
2	24569	2456.8	24
2	24593	2459.2	1
2	24655	2465.4	2
2	24839	2483.8	1
2	24983	2498.2	2
2	25045	2504.4	24
2	25067	2506.6	3
2	25071	2507	1
2	25129	2512.8	2
2	25139	2513.8	7
2	25145	2514.4	4
2	25169	2516.8	1
2	25529	2552.8	3
2	25609	2560.8	16
2	25657	2565.6	1
2	25781	2578	2
2	25809	2580.8	2
2	25837	2583.6	4
2	25921	2592	3
2	25981	2598	2
2	26129	2612.8	1
2	26163	2616.2	1
2	26225	2622.4	1
2	26267	2626.6	4
2	26317	2631.6	1
2	26333	2633.2	1
2	26339	2633.8	1
2	26435	2643.4	6
2	26461	2646	4
2	26557	2655.6	1
2	26569	2656.8	6
2	26589	2658.8	2
2	26599	2659.8	1
2	26731	2673	1
2	26767	2676.6	1
2	26885	2688.4	1
2	26899	2689.8	1
2	27057	2705.6	8
2	27071	2707	2
2	27083	2708.2	1
2	27089	2708.8	4
2	27095	2709.4	3
2	27249	2724.8	5
2	27269	2726.8	3
2	27307	2730.6	1
2	27319	2731.8	2
2	27355	2735.4	2
2	27391	2739	1
2	27499	2749.8	6
2	27541	2754	1
2	27669	2766.8	1
2	27685	2768.4	4
2	27705	2770.4	2
2	27723	2772.2	1
2	27745	2774.4	10
2	27781	2778	6
2	27805	2780.4	2
2	27845	2784.4	10
2	27893	2789.2	2
2	27903	2790.2	4
2	28119	2811.8	1
2	28159	2815.8	11
2	28175	2817.4	3
2	28225	2822.4	2
2	28297	2829.6	2
2	28319	2831.8	5
2	28503	2850.2	2
2	28517	2851.6	4
2	28629	2862.8	2
2	28713	2871.2	1
2	28813	2881.2	1
2	28883	2888.2	1
2	28995	2899.4	1
2	29049	2904.8	14
2	29157	2915.6	6
2	29159	2915.8	1
2	29207	2920.6	1
2	29239	2923.8	12
2	29321	2932	7
2	29397	2939.6	1
2	29413	2941.2	2
2	29417	2941.6	1
2	29457	2945.6	9
2	29491	2949	16
2	29569	2956.8	1
2	29591	2959	5
2	29593	2959.2	1
2	29611	2961	6
2	29705	2970.4	2
2	29735	2973.4	10
2	29877	2987.6	4
2	29947	2994.6	5
2	30139	3013.8	4
2	30155	3015.4	14
2	30177	3017.6	1
2	30289	3028.8	1
2	30345	3034.4	1
2	30431	3043	6
2	30617	3061.6	1
2	30677	3067.6	8
2	30693	3069.2	11
2	30735	3073.4	1
2	30739	3073.8	1
2	30887	3088.6	21
2	30925	3092.4	1
2	30939	3093.8	1
2	31127	3112.6	1
2	31167	3116.6	4
2	31341	3134	2
2	31481	3148	20
2	31499	3149.8	1
2	31565	3156.4	24
2	31737	3173.6	1
2	31845	3184.4	22
2	31861	3186	15
2	31885	3188.4	1
2	31895	3189.4	2
2	31923	3192.2	4
2	31939	3193.8	7
2	32045	3204.4	1
2	32051	3205	1
2	32109	3210.8	3
2	32289	3228.8	2
2	32399	3239.8	1
2	32551	3255	1
2	32559	3255.8	1
2	32613	3261.2	1
2	32737	3273.6	1
2	32827	3282.6	1
2	32843	3284.2	2
2	32993	3299.2	1
2	33003	3300.2	1
2	33007	3300.6	1
2	33121	3312	1
2	33195	3319.4	1
2	33281	3328	8
2	33327	3332.6	1
2	33335	3333.4	1
2	33341	3334	2
2	33435	3343.4	1
2	33441	3344	1
2	33447	3344.6	2
2	33449	3344.8	1
2	33471	3347	5
2	33493	3349.2	2
2	33505	3350.4	1
2	33513	3351.2	1
2	33521	3352	1
2	33645	3364.4	22
2	33675	3367.4	16
2	33717	3371.6	2
2	33891	3389	1
2	33899	3389.8	3
2	34039	3403.8	1
2	34089	3408.8	6
2	34201	3420	1
2	34215	3421.4	1
2	34261	3426	3
2	34399	3439.8	1
2	34429	3442.8	1
2	34461	3446	19
2	34503	3450.2	1
2	34551	3455	2
2	34571	3457	1
2	34611	3461	1
2	34619	3461.8	2
2	34655	3465.4	1
2	34675	3467.4	3
2	34699	3469.8	6
2	34731	3473	8
2	34771	3477	12
2	34899	3489.8	8
2	34919	3491.8	5
2	34949	3494.8	20
2	34985	3498.4	3
2	34989	3498.8	2
2	35013	3501.2	6
2	35055	3505.4	4
2	35059	3505.8	1
2	35079	3507.8	1
2	35129	3512.8	1
2	35181	3518	7
2	35185	3518.4	1
2	35215	3521.4	8
2	35279	3527.8	1
2	35319	3531.8	1
2	35327	3532.6	2
2	35345	3534.4	1
2	35459	3545.8	6
2	35513	3551.2	1
2	35533	3553.2	2
2	35723	3572.2	1
2	35749	3574.8	20
2	35753	3575.2	1
2	35757	3575.6	1
2	35785	3578.4	2
2	35819	3581.8	1
2	35909	3590.8	2
2	35921	3592	11
2	36085	3608.4	6
2	36319	3631.8	1
2	36463	3646.2	4
2	36475	3647.4	6
2	36519	3651.8	1
2	36541	3654	6
2	36711	3671	1
2	36721	3672	2
2	36817	3681.6	1
2	36835	3683.4	6
2	36901	3690	1
2	36923	3692.2	5
2	37029	3702.8	1
2	37041	3704	2
2	37169	3716.8	1
2	37263	3726.2	18
2	37285	3728.4	2
2	37297	3729.6	1
2	37323	3732.2	6
2	37371	3737	1
2	37421	3742	1
2	37477	3747.6	10
2	37533	3753.2	2
2	37605	3760.4	12
2	37629	3762.8	4
2	37685	3768.4	7
2	37737	3773.6	14
2	37899	3789.8	4
2	37923	3792.2	1
2	37925	3792.4	1
2	37931	3793	4
2	38039	3803.8	1
2	38043	3804.2	2
2	38123	3812.2	10
2	38213	3821.2	12
2	38231	3823	8
2	38283	3828.2	1
2	38289	3828.8	3
2	38313	3831.2	3
2	38343	3834.2	8
2	38381	3838	1
2	38411	3841	12
2	38533	3853.2	20
2	38557	3855.6	3
2	38611	3861	1
2	38619	3861.8	2
2	38675	3867.4	1
2	38761	3876	5
2	38781	3878	1
2	38821	3882	1
2	38831	3883	4
2	38915	3891.4	1
2	38937	3893.6	7
2	38949	3894.8	6
2	39063	3906.2	1
2	39067	3906.6	3
2	39091	3909	1
2	39101	3910	1
2	39125	3912.4	1
2	39233	3923.2	12
2	39279	3927.8	1
2	39301	3930	4
2	39417	3941.6	1
2	39551	3955	1
2	39797	3979.6	1
2	39861	3986	8
2	39963	3996.2	2
2	40091	4009	14
2	40185	4018.4	4
2	40261	4026	10
2	40333	4033.2	1
2	40371	4037	2
2	40403	4040.2	2
2	40423	4042.2	2
2	40537	4053.6	1
2	40569	4056.8	13
2	40637	4063.6	3
2	40647	4064.6	2
2	40659	4065.8	3
2	40661	4066	1
2	40753	4075.2	4
2	40755	4075.4	1
2	40765	4076.4	9
2	40767	4076.6	1
2	40817	4081.6	1
2	40819	4081.8	1
2	40851	4085	10
2	40903	4090.2	12
2	40923	4092.2	1
2	40997	4099.6	16
2	41031	4103	2
2	41057	4105.6	6
2	41181	4118	2
2	41213	4121.2	6
2	41219	4121.8	1
2	41333	4133.2	2
2	41343	4134.2	1
2	41481	4148	12
2	41531	4153	1
2	41599	4159.8	6
2	41605	4160.4	1
2	41651	4165	18
2	41667	4166.6	1
2	41669	4166.8	1
2	41691	4169	7
2	41717	4171.6	1
2	41765	4176.4	8
2	41839	4183.8	1
2	41869	4186.8	10
2	41987	4198.6	1
2	42199	4219.8	1
2	42231	4223	1
2	42285	4228.4	1
2	42337	4233.6	1
2	42345	4234.4	1
2	42351	4235	1
2	42361	4236	1
2	42387	4238.6	12
2	42423	4242.2	1
2	42459	4245.8	15
2	42467	4246.6	6
2	42519	4251.8	4
2	42545	4254.4	2
2	42563	4256.2	1
2	42615	4261.4	2
2	42623	4262.2	3
2	42661	4266	1
2	42763	4276.2	3
2	42775	4277.4	1
2	42785	4278.4	1
2	42789	4278.8	1
2	42889	4288.8	14
2	42895	4289.4	1
2	43011	4301	1
2	43059	4305.8	2
2	43379	4337.8	1
2	43417	4341.6	6
2	43437	4343.6	7
2	43487	4348.6	7
2	43567	4356.6	16
2	43787	4378.6	2
2	43919	4391.8	2
2	43947	4394.6	10
2	43987	4398.6	3
2	44043	4404.2	4
2	44223	4422.2	1
2	44237	4423.6	8
2	44251	4425	4
2	44269	4426.8	4
2	44333	4433.2	3
2	44415	4441.4	10
2	44469	4446.8	2
2	44563	4456.2	5
2	44651	4465	2
2	44681	4468	1
2	44711	4471	1
2	44745	4474.4	4
2	44823	4482.2	8
2	44873	4487.2	18
2	44879	4487.8	3
2	44909	4490.8	2
2	44955	4495.4	11
2	44961	4496	1
2	45027	4502.6	1
2	45099	4509.8	2
2	45103	4510.2	2
2	45303	4530.2	1
2	45383	4538.2	12
2	45387	4538.6	2
2	45449	4544.8	6
2	45487	4548.6	3
2	45499	4549.8	9
2	45505	4550.4	1
2	45707	4570.6	2
2	45737	4573.6	8
2	45757	4575.6	8
2	45797	4579.6	1
2	45819	4581.8	8
2	45845	4584.4	2
2	45863	4586.2	12
2	45879	4587.8	8
2	45985	4598.4	2
2	45989	4598.8	1
2	46157	4615.6	1
2	46163	4616.2	5
2	46187	4618.6	5
2	46295	4629.4	1
2	46479	4647.8	1
2	46525	4652.4	8
2	46543	4654.2	4
2	46665	4666.4	1
2	46727	4672.6	9
2	46747	4674.6	10
2	46783	4678.2	1
2	46853	4685.2	1
2	46947	4694.6	6
2	46973	4697.2	1
2	47077	4707.6	4
2	47113	4711.2	1
2	47131	4713	7
2	47153	4715.2	1
2	47253	4725.2	1
2	47271	4727	10
2	47309	4730.8	4
2	47319	4731.8	6
2	47355	4735.4	1
2	47367	4736.6	3
2	47395	4739.4	1
2	47399	4739.8	1
2	47407	4740.6	5
2	47493	4749.2	4
2	47533	4753.2	16
2	47545	4754.4	1
2	47679	4767.8	1
2	47839	4783.8	1
2	47899	4789.8	6
2	47937	4793.6	1
2	48027	4802.6	4
2	48051	4805	1
2	48109	4810.8	1
2	48265	4826.4	2
2	48299	4829.8	1
2	48415	4841.4	8
2	48417	4841.6	1
2	48501	4850	1
2	48665	4866.4	1
2	48799	4879.8	1
2	48801	4880	1
2	48843	4884.2	1
2	48873	4887.2	1
2	48939	4893.8	1
2	48943	4894.2	3
2	48973	4897.2	2
2	48993	4899.2	1
2	48995	4899.4	1
2	49023	4902.2	4
2	49087	4908.6	1
2	49125	4912.4	1
2	49209	4920.8	4
2	49243	4924.2	1
2	49303	4930.2	1
2	49315	4931.4	2
2	49357	4935.6	1
2	49387	4938.6	16
2	49399	4939.8	9
2	49457	4945.6	3
2	49505	4950.4	16
2	49563	4956.2	2
2	49581	4958	1
2	49649	4964.8	4
2	49673	4967.2	1
2	49745	4974.4	8
2	49781	4978	1
2	49795	4979.4	1
2	49903	4990.2	14
2	49915	4991.4	1
2	50051	5005	1
2	50183	5018.2	18
2	50205	5020.4	6
2	50207	5020.6	1
2	50265	5026.4	1
2	50283	5028.2	1
2	50339	5033.8	1
2	50401	5040	2
2	50433	5043.2	1
2	50449	5044.8	4
2	50539	5053.8	14
2	50587	5058.6	4
2	50591	5059	1
2	50627	5062.6	1
2	50723	5072.2	14
2	50779	5077.8	1
2	50797	5079.6	1
2	50821	5082	16
2	50833	5083.2	3
2	50867	5086.6	18
2	50877	5087.6	1
2	50939	5093.8	1
2	50947	5094.6	4
2	51175	5117.4	10
2	51269	5126.8	5
2	51271	5127	1
2	51279	5127.8	3
2	51305	5130.4	4
2	51365	5136.4	6
2	51465	5146.4	1
2	51583	5158.2	1
2	51657	5165.6	4
2	51757	5175.6	6
2	51759	5175.8	1
2	51799	5179.8	20
2	51843	5184.2	1
2	51951	5195	1
2	52015	5201.4	6
2	52119	5211.8	22
2	52259	5225.8	1
2	52307	5230.6	4
2	52353	5235.2	2
2	52451	5245	2
2	52459	5245.8	1
2	52553	5255.2	1
2	52725	5272.4	24
2	52819	5281.8	10
2	52943	5294.2	8
2	52985	5298.4	2
2	53101	5310	4
2	53131	5313	1
2	53147	5314.6	4
2	53151	5315	1
2	53165	5316.4	1
2	53205	5320.4	1
2	53213	5321.2	2
2	53331	5333	2
2	53341	5334	3
2	53359	5335.8	2
2	53561	5356	4
2	53695	5369.4	1
2	53799	5379.8	1
2	53801	5380	1
2	53917	5391.6	1
2	53941	5394	4
2	54009	5400.8	2
2	54031	5403	13
2	54075	5407.4	6
2	54127	5412.6	1
2	54153	5415.2	2
2	54173	5417.2	2
2	54225	5422.4	4
2	54349	5434.8	3
2	54417	5441.6	1
2	54653	5465.2	1
2	54695	5469.4	12
2	54725	5472.4	1
2	54747	5474.6	1
2	54791	5479	1
2	54895	5489.4	2
2	54937	5493.6	1
2	54959	5495.8	2
2	55115	5511.4	4
2	55137	5513.6	1
2	55153	5515.2	9
2	55171	5517	1
2	55283	5528.2	1
2	55327	5532.6	4
2	55369	5536.8	8
2	55407	5540.6	1
2	55483	5548.2	6
2	55547	5554.6	1
2	55567	5556.6	2
2	55609	5560.8	4
2	55621	5562	1
2	55633	5563.2	6
2	55771	5577	2
2	55885	5588.4	2
2	55905	5590.4	2
2	55975	5597.4	4
2	56043	5604.2	10
2	56067	5606.6	4
2	56095	5609.4	4
2	56135	5613.4	1
2	56175	5617.4	4
2	56177	5617.6	1
2	56233	5623.2	3
2	56271	5627	10
2	56347	5634.6	1
2	56389	5638.8	8
2	56411	5641	9
2	56461	5646	1
2	56497	5649.6	18
2	56509	5650.8	1
2	56639	5663.8	12
2	56645	5664.4	1
2	56673	5667.2	10
2	56709	5670.8	4
2	56763	5676.2	12
2	56851	5685	10
2	56883	5688.2	1
2	56915	5691.4	1
2	57033	5703.2	15
2	57053	5705.2	10
2	57099	5709.8	4
2	57127	5712.6	1
2	57167	5716.6	1
2	57171	5717	1
2	57231	5723	1
2	57317	5731.6	2
2	57393	5739.2	8
2	57421	5742	23
2	57447	5744.6	10
2	57463	5746.2	6
2	57605	5760.4	4
2	57659	5765.8	4
2	57711	5771	1
2	57787	5778.6	1
2	57849	5784.8	1
2	57877	5787.6	10
2	57915	5791.4	8
2	57979	5797.8	5
2	58059	5805.8	1
2	58101	5810	2
2	58141	5814	14
2	58151	5815	4
2	58243	5824.2	1
2	58257	5825.6	9
2	58305	5830.4	2
2	58341	5834	1
2	58429	5842.8	24
2	58437	5843.6	2
2	58475	5847.4	4
2	58587	5858.6	1
2	58603	5860.2	6
2	58623	5862.2	1
2	58721	5872	8
2	58849	5884.8	1
2	58893	5889.2	1
2	58945	5894.4	1
2	59023	5902.2	8
2	59147	5914.6	1
2	59161	5916	2
2	59267	5926.6	1
2	59289	5928.8	2
2	59327	5932.6	1
2	59537	5953.6	8
2	59573	5957.2	14
2	59637	5963.6	1
2	59711	5971	1
2	59753	5975.2	10
2	59785	5978.4	8
2	59813	5981.2	4
2	59831	5983	2
2	59925	5992.4	5
2	59957	5995.6	1
2	60009	6000.8	1
2	60013	6001.2	2
2	60047	6004.6	2
2	60105	6010.4	5
2	60127	6012.6	2
2	60165	6016.4	1
2	60189	6018.8	1
2	60243	6024.2	1
2	60255	6025.4	5
2	60263	6026.2	4
2	60351	6035	1
2	60397	6039.6	1
2	60507	6050.6	1
2	60579	6057.8	4
2	60641	6064	2
2	60699	6069.8	1
2	60817	6081.6	1
2	60819	6081.8	1
2	60821	6082	1
2	60853	6085.2	1
2	60879	6087.8	2
2	60961	6096	12
2	60997	6099.6	4
2	61057	6105.6	8
2	61121	6112	1
2	61191	6119	6
2	61431	6143	14
2	61445	6144.4	1
2	61487	6148.6	2
2	61557	6155.6	1
2	61569	6156.8	4
2	61665	6166.4	1
2	61671	6167	1
2	61705	6170.4	18
2	61765	6176.4	1
2	61849	6184.8	12
2	61851	6185	1
2	61913	6191.2	1
2	61933	6193.2	11
2	61939	6193.8	2
2	62027	6202.6	8
2	62149	6214.8	1
2	62185	6218.4	1
2	62205	6220.4	1
2	62219	6221.8	9
2	62251	6225	10
2	62291	6229	4
2	62303	6230.2	1
2	62403	6240.2	1
2	62437	6243.6	4
2	62477	6247.6	1
2	62501	6250	1
2	62549	6254.8	6
2	62563	6256.2	6
2	62679	6267.8	11
2	62773	6277.2	1
2	62817	6281.6	8
2	62891	6289	6
2	62927	6292.6	4
2	62955	6295.4	2
2	62969	6296.8	9
2	62997	6299.6	14
2	63143	6314.2	1
2	63193	6319.2	12
2	63215	6321.4	8
2	63269	6326.8	1
2	63303	6330.2	33
2	63349	6334.8	10
2	63365	6336.4	1
2	63445	6344.4	1
2	63533	6353.2	16
2	63887	6388.6	6
2	63941	6394	2
2	63947	6394.6	1
2	63985	6398.4	1
2	64009	6400.8	2
2	64041	6404	1
2	64133	6413.2	12
2	64181	6418	20
2	64217	6421.6	1
2	64295	6429.4	1
2	64387	6438.6	1
2	64403	6440.2	1
2	64427	6442.6	1
2	64445	6444.4	8
2	64457	6445.6	2
2	64559	6455.8	1
2	64757	6475.6	3
2	64805	6480.4	3
2	64821	6482	3
2	64871	6487	6
2	64985	6498.4	4
2	65015	6501.4	6
2	65083	6508.2	4
2	65107	6510.6	2
2	65111	6511	1
2	65263	6526.2	6
2	65293	6529.2	1
2	65453	6545.2	2
2	65461	6546	1
2	65665	6566.4	3
2	65819	6581.8	4
2	65829	6582.8	1
2	65895	6589.4	6
2	65923	6592.2	6
2	65943	6594.2	2
2	65957	6595.6	4
2	65995	6599.4	4
2	66119	6611.8	1
2	66131	6613	1
2	66145	6614.4	2
2	66239	6623.8	4
2	66249	6624.8	2
2	66285	6628.4	4
2	66321	6632	1
2	66373	6637.2	4
2	66393	6639.2	4
2	66435	6643.4	12
2	66511	6651	1
2	66593	6659.2	1
2	66605	6660.4	6
2	66663	6666.2	10
2	66703	6670.2	1
2	66821	6682	1
2	66861	6686	10
2	66943	6694.2	1
2	66967	6696.6	2
2	66971	6697	3
2	66991	6699	2
2	67101	6710	10
2	67217	6721.6	4
2	67235	6723.4	3
2	67247	6724.6	2
2	67311	6731	1
2	67399	6739.8	5
2	67483	6748.2	1
2	67505	6750.4	6
2	67519	6751.8	4
2	67533	6753.2	2
2	67535	6753.4	1
2	67551	6755	10
2	67589	6758.8	4
2	67675	6767.4	12
2	67721	6772	1
2	67793	6779.2	8
2	67821	6782	3
2	67891	6789	1
2	67985	6798.4	1
2	67989	6798.8	1
2	68045	6804.4	1
2	68083	6808.2	1
2	68117	6811.6	4
2	68203	6820.2	1
2	68245	6824.4	1
2	68345	6834.4	1
2	68405	6840.4	1
2	68481	6848	2
2	68505	6850.4	14
2	68529	6852.8	14
2	68557	6855.6	7
2	68829	6882.8	1
2	68881	6888	1
2	68949	6894.8	1
2	69101	6910	14
2	69113	6911.2	8
2	69161	6916	1
2	69221	6922	1
2	69235	6923.4	1
2	69287	6928.6	12
2	69439	6943.8	3
2	69471	6947	1
2	69489	6948.8	1
2	69531	6953	1
2	69653	6965.2	5
2	69681	6968	10
2	69695	6969.4	1
2	69717	6971.6	2
2	69725	6972.4	4
2	69761	6976	10
2	69849	6984.8	8
2	69911	6991	1
2	69971	6997	4
2	69995	6999.4	4
2	70021	7002	10
2	70047	7004.6	1
2	70055	7005.4	1
2	70071	7007	1
2	70085	7008.4	4
2	70115	7011.4	1
2	70211	7021	1
2	70233	7023.2	10
2	70261	7026	1
2	70353	7035.2	9
2	70421	7042	1
2	70457	7045.6	1
2	70521	7052	18
2	70637	7063.6	1
2	70649	7064.8	1
2	70835	7083.4	1
2	70891	7089	1
2	70893	7089.2	1
2	71013	7101.2	2
2	71097	7109.6	8
2	71155	7115.4	3
2	71289	7128.8	6
2	71307	7130.6	1
2	71323	7132.2	2
2	71401	7140	9
2	71423	7142.2	4
2	71455	7145.4	1
2	71537	7153.6	6
2	71605	7160.4	1
2	71683	7168.2	11
2	71759	7175.8	1
2	71777	7177.6	14
2	71943	7194.2	5
2	71957	7195.6	1
2	71993	7199.2	3
2	71999	7199.8	3
2	72011	7201	1
2	72093	7209.2	12
2	72115	7211.4	1
2	72133	7213.2	1
2	72143	7214.2	1
2	72225	7222.4	2
2	72437	7243.6	4
2	72451	7245	2
2	72497	7249.6	19
2	72499	7249.8	1
2	72545	7254.4	4
2	72645	7264.4	1
2	72673	7267.2	1
2	72675	7267.4	1
2	72707	7270.6	1
2	72767	7276.6	4
2	72809	7280.8	38
2	72849	7284.8	4
2	72893	7289.2	6
2	72905	7290.4	1
2	73015	7301.4	8
2	73025	7302.4	1
2	73171	7317	1
2	73189	7318.8	6
2	73329	7332.8	10
2	73339	7333.8	1
2	73487	7348.6	8
2	73571	7357	6
2	73573	7357.2	1
2	73599	7359.8	4
2	73615	7361.4	1
2	73687	7368.6	1
2	73703	7370.2	1
2	73789	7378.8	1
2	73913	7391.2	14
2	73921	7392	3
2	73987	7398.6	1
2	74027	7402.6	10
2	74039	7403.8	3
2	74113	7411.2	14
2	74173	7417.2	7
2	74349	7434.8	12
2	74481	7448	1
2	74499	7449.8	1
2	74519	7451.8	1
2	74537	7453.6	2
2	74601	7460	4
2	74605	7460.4	1
2	74679	7467.8	4
2	74759	7475.8	1
2	74771	7477	5
2	74793	7479.2	4
2	74899	7489.8	2
2	74933	7493.2	5
2	74979	7497.8	3
2	75059	7505.8	9
2	75069	7506.8	2
2	75123	7512.2	1
2	75147	7514.6	2
2	75217	7521.6	3
2	75245	7524.4	14
2	75285	7528.4	8
2	75345	7534.4	1
2	75531	7553	1
2	75605	7560.4	9
2	75627	7562.6	1
2	75767	7576.6	1
2	75783	7578.2	1
2	75799	7579.8	6
2	75803	7580.2	1
2	75821	7582	4
2	75835	7583.4	7
2	75873	7587.2	5
2	75879	7587.8	5
2	75973	7597.2	1
2	76083	7608.2	1
2	76135	7613.4	1
2	76407	7640.6	1
2	76409	7640.8	1
2	76419	7641.8	6
2	76431	7643	6
2	76473	7647.2	2
2	76551	7655	2
2	76567	7656.6	4
2	76621	7662	1
2	76645	7664.4	4
2	76659	7665.8	1
2	76667	7666.6	1
2	76715	7671.4	4
2	76719	7671.8	1
2	76777	7677.6	2
2	76949	7694.8	1
2	76981	7698	1
2	77067	7706.6	2
2	77281	7728	1
2	77287	7728.6	2
2	77315	7731.4	1
2	77357	7735.6	2
2	77483	7748.2	4
2	77567	7756.6	11
2	77599	7759.8	29
2	77605	7760.4	1
2	77675	7767.4	1
2	77691	7769	1
2	77879	7787.8	1
2	77881	7788	1
2	77897	7789.6	10
2	77951	7795	1
2	78081	7808	1
2	78131	7813	8
2	78167	7816.6	2
2	78265	7826.4	3
2	78317	7831.6	1
2	78497	7849.6	10
2	78561	7856	4
2	78619	7861.8	1
2	78627	7862.6	3
2	78681	7868	5
2	78783	7878.2	1
2	78869	7886.8	1
2	78917	7891.6	2
2	78943	7894.2	1
2	78969	7896.8	1
2	79021	7902	17
2	79047	7904.6	1
2	79103	7910.2	6
2	79137	7913.6	1
2	79139	7913.8	1
2	79209	7920.8	4
2	79243	7924.2	1
2	79255	7925.4	4
2	79329	7932.8	8
2	79403	7940.2	11
2	79491	7949	4
2	79503	7950.2	3
2	79687	7968.6	2
2	79739	7973.8	1
2	79753	7975.2	1
2	79871	7987	8
2	79873	7987.2	1
2	80069	8006.8	4
2	80143	8014.2	1
2	80191	8019	1
2	80261	8026	4
2	80279	8027.8	4
2	80301	8030	8
2	80363	8036.2	1
2	80453	8045.2	1
2	80487	8048.6	2
2	80513	8051.2	3
2	80519	8051.8	1
2	80521	8052	1
2	80555	8055.4	1
2	80597	8059.6	1
2	80631	8063	1
2	80665	8066.4	2
2	80729	8072.8	2
2	80885	8088.4	4
2	80909	8090.8	16
2	81003	8100.2	8
2	81007	8100.6	1
2	81031	8103	2
2	81139	8113.8	2
2	81189	8118.8	18
2	81209	8120.8	1
2	81267	8126.6	21
2	81361	8136	2
2	81607	8160.6	8
2	81623	8162.2	14
2	81679	8167.8	1
2	81837	8183.6	12
2	81877	8187.6	1
2	81897	8189.6	1
2	81901	8190	1
2	81921	8192	10
2	81923	8192.2	1
2	81965	8196.4	1
2	81979	8197.8	6
2	81985	8198.4	1
2	82077	8207.6	4
2	82079	8207.8	1
2	82103	8210.2	21
2	82183	8218.2	1
2	82209	8220.8	1
2	82221	8222	4
2	82245	8224.4	13
2	82259	8225.8	1
2	82281	8228	1
2	82297	8229.6	7
2	82307	8230.6	1
2	82343	8234.2	24
2	82461	8246	2
2	82527	8252.6	1
2	82583	8258.2	2
2	82633	8263.2	1
2	82849	8284.8	20
2	82991	8299	10
2	82997	8299.6	1
2	83099	8309.8	13
2	83181	8318	1
2	83223	8322.2	4
2	83253	8325.2	2
2	83311	8331	10
2	83423	8342.2	1
2	83447	8344.6	3
2	83541	8354	1
2	83621	8362	6
2	83651	8365	1
2	83743	8374.2	6
2	83769	8376.8	16
2	83779	8377.8	1
2	83905	8390.4	6
2	83915	8391.4	5
2	84049	8404.8	7
2	84095	8409.4	2
2	84135	8413.4	2
2	84173	8417.2	25
2	84181	8418	1
2	84221	8422	1
2	84393	8439.2	3
2	84423	8442.2	1
2	84491	8449	1
2	84517	8451.6	1
2	84561	8456	1
2	84629	8462.8	8
2	84663	8466.2	19
2	84681	8468	5
2	84739	8473.8	6
2	84759	8475.8	1
2	84825	8482.4	20
2	84887	8488.6	6
2	84893	8489.2	1
2	84913	8491.2	14
2	84981	8498	2
2	85105	8510.4	1
2	85267	8526.6	4
2	85367	8536.6	1
2	85527	8552.6	2
2	85555	8555.4	4
2	85731	8573	4
2	85737	8573.6	2
2	85871	8587	36
2	85945	8594.4	1
2	86043	8604.2	14
2	86211	8621	1
2	86229	8622.8	1
2	86255	8625.4	4
2	86275	8627.4	2
2	86291	8629	9
2	86305	8630.4	1
2	86479	8647.8	2
2	86567	8656.6	1
2	86569	8656.8	1
2	86621	8662	4
2	86657	8665.6	1
2	86715	8671.4	9
2	86827	8682.6	8
2	87017	8701.6	1
2	87073	8707.2	2
2	87129	8712.8	6
2	87131	8713	1
2	87213	8721.2	2
2	87463	8746.2	1
2	87477	8747.6	1
2	87501	8750	12
2	87531	8753	1
2	87573	8757.2	6
2	87667	8766.6	1
2	87705	8770.4	3
2	87731	8773	10
2	87767	8776.6	11
2	87945	8794.4	12
2	87955	8795.4	1
2	88003	8800.2	1
2	88123	8812.2	9
2	88245	8824.4	1
2	88261	8826	6
2	88583	8858.2	16
2	88673	8867.2	1
2	88765	8876.4	8
2	88777	8877.6	6
2	88833	8883.2	11
2	88861	8886	22
2	88891	8889	17
2	88903	8890.2	3
2	88965	8896.4	1
2	89021	8902	1
2	89047	8904.6	1
2	89055	8905.4	1
2	89101	8910	26
2	89123	8912.2	7
2	89159	8915.8	4
2	89341	8934	1
2	89359	8935.8	3
2	89369	8936.8	2
2	89399	8939.8	4
2	89543	8954.2	2
2	89591	8959	2
2	89651	8965	2
2	89695	8969.4	12
2	89849	8984.8	1
2	89857	8985.6	1
2	90025	9002.4	2
2	90031	9003	1
2	90033	9003.2	1
2	90057	9005.6	5
2	90137	9013.6	1
2	90169	9016.8	1
2	90193	9019.2	1
2	90203	9020.2	1
2	90267	9026.6	8
2	90323	9032.2	1
2	90365	9036.4	1
2	90405	9040.4	2
2	90449	9044.8	9
2	90471	9047	20
2	90493	9049.2	4
2	90501	9050	4
2	90649	9064.8	1
2	90673	9067.2	8
2	90861	9086	1
2	90947	9094.6	1
2	90985	9098.4	16
2	91057	9105.6	1
2	91089	9108.8	11
2	91151	9115	6
2	91183	9118.2	16
2	91321	9132	2
2	91349	9134.8	5
2	91425	9142.4	3
2	91459	9145.8	7
2	91509	9150.8	1
2	91631	9163	13
2	91791	9179	13
2	91901	9190	2
2	91921	9192	1
2	92053	9205.2	2
2	92261	9226	4
2	92369	9236.8	1
2	92453	9245.2	14
2	92481	9248	1
2	92553	9255.2	13
2	92559	9255.8	1
2	92597	9259.6	5
2	92669	9266.8	1
2	92731	9273	1
2	92743	9274.2	6
2	92767	9276.6	10
2	92837	9283.6	4
2	92873	9287.2	1
2	92943	9294.2	2
2	93001	9300	1
2	93077	9307.6	2
2	93271	9327	1
2	93379	9337.8	1
2	93437	9343.6	2
2	93449	9344.8	6
2	93507	9350.6	1
2	93659	9365.8	8
2	93715	9371.4	4
2	93851	9385	2
2	93941	9394	2
2	93963	9396.2	4
2	93979	9397.8	5
2	94047	9404.6	5
2	94063	9406.2	9
2	94077	9407.6	2
2	94093	9409.2	12
2	94283	9428.2	1
2	94377	9437.6	2
2	94389	9438.8	4
2	94433	9443.2	1
2	94501	9450	2
2	94609	9460.8	13
2	94619	9461.8	1
2	94729	9472.8	6
2	94745	9474.4	1
2	94747	9474.6	1
2	94793	9479.2	2
2	94813	9481.2	1
2	94815	9481.4	1
2	94967	9496.6	1
2	95023	9502.2	6
2	95061	9506	1
2	95079	9507.8	2
2	95081	9508	1
2	95087	9508.6	1
2	95125	9512.4	10
2	95155	9515.4	2
2	95217	9521.6	2
2	95243	9524.2	1
2	95287	9528.6	2
2	95359	9535.8	2
2	95389	9538.8	1
2	95421	9542	1
2	95529	9552.8	15
2	95595	9559.4	1
2	95605	9560.4	6
2	95751	9575	2
2	95809	9580.8	12
2	95881	9588	2
2	95905	9590.4	4
2	95937	9593.6	11
2	96015	9601.4	6
2	96109	9610.8	1
2	96137	9613.6	1
2	96243	9624.2	1
2	96259	9625.8	1
2	96435	9643.4	4
2	96477	9647.6	1
2	96507	9650.6	4
2	96625	9662.4	1
2	96661	9666	1
2	96665	9666.4	1
2	96695	9669.4	2
2	96793	9679.2	2
2	96835	9683.4	2
2	96973	9697.2	6
2	96993	9699.2	1
2	97007	9700.6	10
2	97149	9714.8	6
2	97187	9718.6	1
2	97231	9723	1
2	97271	9727	1
2	97391	9739	2
2	97433	9743.2	10
2	97447	9744.6	1
2	97565	9756.4	4
2	97679	9767.8	10
2	97697	9769.6	1
2	97775	9777.4	6
2	97789	9778.8	6
2	97817	9781.6	2
2	97825	9782.4	1
2	97909	9790.8	12
2	97919	9791.8	1
2	97943	9794.2	8
2	97957	9795.6	3
2	97993	9799.2	1
2	98001	9800	1
2	98135	9813.4	1
2	98163	9816.2	1
2	98253	9825.2	2
2	98477	9847.6	2
2	98527	9852.6	1
2	98539	9853.8	5
2	98571	9857	1
2	98637	9863.6	1
2	98663	9866.2	1
2	98681	9868	8
2	98737	9873.6	1
2	98829	9882.8	1
2	98875	9887.4	1
2	98935	9893.4	4
2	98939	9893.8	1
2	98999	9899.8	2
2	99095	9909.4	13
2	99159	9915.8	1
2	99209	9920.8	1
2	99303	9930.2	4
2	99395	9939.4	8
2	99411	9941	1
2	99423	9942.2	1
2	99535	9953.4	6
2	99587	9958.6	1
2	99591	9959	2
2	99673	9967.2	1
2	99739	9973.8	4
2	99891	9989	1
2	99915	9991.4	1
2	99917	9991.6	1
2	99943	9994.2	10
2	100005	10000.4	4
2	100097	10009.6	6
2	100131	10013	1
2	100145	10014.4	3
2	100173	10017.2	1
2	100213	10021.2	8
2	100257	10025.6	1
2	100293	10029.2	1
2	100345	10034.4	1
2	100359	10035.8	10
2	100371	10037	1
2	100443	10044.2	1
2	100455	10045.4	1
2	100491	10049	4
2	100517	10051.6	2
2	100541	10054	8
2	100665	10066.4	4
2	100697	10069.6	4
2	100769	10076.8	1
2	100903	10090.2	1
2	100907	10090.6	3
2	100969	10096.8	2
2	100995	10099.4	3
2	101027	10102.6	1
2	101053	10105.2	4
2	101067	10106.6	2
2	101081	10108	6
2	101151	10115	42
2	101161	10116	2
2	101217	10121.6	1
2	101225	10122.4	1
2	101297	10129.6	6
2	101435	10143.4	22
2	101461	10146	6
2	101475	10147.4	4
2	101499	10149.8	6
2	101523	10152.2	1
2	101587	10158.6	8
2	101645	10164.4	1
2	101715	10171.4	12
2	101779	10177.8	5
2	101833	10183.2	16
2	101849	10184.8	5
2	101915	10191.4	1
2	101923	10192.2	4
2	101935	10193.4	1
2	101973	10197.2	10
2	102019	10201.8	1
2	102047	10204.6	9
2	102213	10221.2	11
2	102235	10223.4	4
2	102289	10228.8	1
2	102355	10235.4	3
2	102373	10237.2	1
2	102455	10245.4	24
2	102459	10245.8	1
2	102491	10249	1
2	102493	10249.2	1
2	102513	10251.2	1
2	102519	10251.8	3
2	102521	10252	1
2	102531	10253	1
2	102663	10266.2	2
2	102675	10267.4	10
2	102765	10276.4	1
2	102783	10278.2	1
2	102813	10281.2	24
2	102865	10286.4	7
2	102893	10289.2	1
2	102897	10289.6	1
2	103003	10300.2	1
2	103125	10312.4	1
2	103145	10314.4	8
2	103159	10315.8	1
2	103179	10317.8	3
2	103185	10318.4	3
2	103331	10333	1
2	103397	10339.6	12
2	103529	10352.8	1
2	103609	10360.8	1
2	103623	10362.2	6
2	103627	10362.6	1
2	103663	10366.2	4
2	103785	10378.4	8
2	103803	10380.2	14
2	103825	10382.4	2
2	103961	10396	1
2	103969	10396.8	1
2	104093	10409.2	1
2	104211	10421	1
2	104461	10446	8
2	104567	10456.6	1
2	104571	10457	1
2	104581	10458	1
2	104757	10475.6	7
2	104779	10477.8	1
2	104803	10480.2	4
2	104821	10482	8
2	104897	10489.6	3
2	104909	10490.8	4
2	104971	10497	1
2	104999	10499.8	1
2	105011	10501	4
2	105133	10513.2	2
2	105147	10514.6	1
2	105183	10518.2	1
2	105203	10520.2	1
2	105233	10523.2	1
2	105237	10523.6	1
2	105331	10533	5
2	105483	10548.2	6
2	105507	10550.6	8
2	105567	10556.6	6
2	105639	10563.8	4
2	105721	10572	2
2	105967	10596.6	1
2	105987	10598.6	2
2	106047	10604.6	5
2	106093	10609.2	1
2	106161	10616	2
2	106255	10625.4	1
2	106321	10632	8
2	106385	10638.4	25
2	106439	10643.8	1
2	106449	10644.8	3
2	106461	10646	4
2	106617	10661.6	2
2	106653	10665.2	1
2	106701	10670	1
2	106759	10675.8	4
2	106769	10676.8	1
2	106791	10679	4
2	106927	10692.6	1
2	107009	10700.8	7
2	107039	10703.8	2
2	107067	10706.6	8
2	107141	10714	4
2	107165	10716.4	2
2	107171	10717	1
2	107233	10723.2	1
2	107251	10725	2
2	107273	10727.2	1
2	107309	10730.8	4
2	107385	10738.4	6
2	107399	10739.8	5
2	107403	10740.2	1
2	107469	10746.8	1
2	107481	10748	6
2	107511	10751	12
2	107543	10754.2	1
2	107701	10770	7
2	107759	10775.8	2
2	107805	10780.4	4
2	107835	10783.4	6
2	107925	10792.4	2
2	107947	10794.6	1
2	107973	10797.2	1
2	108045	10804.4	1
2	108115	10811.4	7
2	108117	10811.6	1
2	108139	10813.8	2
2	108145	10814.4	3
2	108215	10821.4	1
2	108299	10829.8	2
2	108317	10831.6	1
2	108319	10831.8	1
2	108453	10845.2	2
2	108551	10855	3
2	108615	10861.4	5
2	108645	10864.4	21
2	108663	10866.2	14
2	108721	10872	10
2	108757	10875.6	1
2	108891	10889	11
2	108935	10893.4	7
2	108961	10896	4
2	109053	10905.2	7
2	109067	10906.6	1
2	109071	10907	1
2	109077	10907.6	1
2	109081	10908	1
2	109221	10922	6
2	109311	10931	2
2	109339	10933.8	2
2	109343	10934.2	1
2	109395	10939.4	2
2	109461	10946	1
2	109543	10954.2	6
2	109675	10967.4	5
2	109693	10969.2	2
2	109879	10987.8	6
2	110015	11001.4	2
2	110021	11002	1
2	110091	11009	1
2	110143	11014.2	1
2	110239	11023.8	1
2	110389	11038.8	1
2	110431	11043	1
2	110447	11044.6	7
2	110451	11045	3
2	110597	11059.6	1
2	110663	11066.2	4
2	110725	11072.4	12
2	110731	11073	1
2	110735	11073.4	3
2	110747	11074.6	6
2	110771	11077	1
2	110951	11095	6
2	110981	11098	4
2	111005	11100.4	4
2	111027	11102.6	1
2	111073	11107.2	1
2	111105	11110.4	10
2	111255	11125.4	5
2	111313	11131.2	1
2	111479	11147.8	1
2	111515	11151.4	8
2	111611	11161	14
2	111649	11164.8	2
2	111781	11178	1
2	111935	11193.4	1
2	111989	11198.8	7
2	112021	11202	2
2	112081	11208	1
2	112233	11223.2	6
2	112325	11232.4	10
2	112347	11234.6	1
2	112379	11237.8	1
2	112447	11244.6	1
2	112567	11256.6	1
2	112601	11260	1
2	112663	11266.2	10
2	112671	11267	1
2	112707	11270.6	10
2	112727	11272.6	4
2	112899	11289.8	5
2	112983	11298.2	2
2	113031	11303	1
2	113055	11305.4	6
2	113147	11314.6	3
2	113157	11315.6	8
2	113267	11326.6	1
2	113327	11332.6	16
2	113341	11334	1
2	113367	11336.6	2
2	113425	11342.4	1
2	113429	11342.8	1
2	113445	11344.4	4
2	113459	11345.8	1
2	113473	11347.2	1
2	113479	11347.8	1
2	113509	11350.8	6
2	113663	11366.2	1
2	113665	11366.4	1
2	113849	11384.8	16
2	113881	11388	1
2	113903	11390.2	1
2	113945	11394.4	1
2	114057	11405.6	2
2	114065	11406.4	1
2	114099	11409.8	1
2	114161	11416	1
2	114255	11425.4	1
2	114287	11428.6	6
2	114319	11431.8	1
2	114467	11446.6	7
2	114573	11457.2	6
2	114611	11461	1
2	114629	11462.8	1
2	114649	11464.8	14
2	114663	11466.2	1
2	114761	11476	1
2	114811	11481	2
2	114911	11491	2
2	115007	11500.6	1
2	115013	11501.2	3
2	115041	11504	7
2	115095	11509.4	1
2	115167	11516.6	4
2	115189	11518.8	4
2	115223	11522.2	5
2	115315	11531.4	6
2	115393	11539.2	1
2	115499	11549.8	2
2	115563	11556.2	1
2	115729	11572.8	15
2	115829	11582.8	1
2	115855	11585.4	1
2	116083	11608.2	1
2	116115	11611.4	1
2	116185	11618.4	1
2	116231	11623	4
2	116255	11625.4	8
2	116283	11628.2	3
2	116293	11629.2	1
2	116319	11631.8	1
2	116431	11643	1
2	116435	11643.4	3
2	116493	11649.2	2
2	116501	11650	4
2	116539	11653.8	1
2	116589	11658.8	3
2	116603	11660.2	1
2	116689	11668.8	4
2	116721	11672	1
2	116821	11682	1
2	116865	11686.4	1
2	117005	11700.4	1
2	117007	11700.6	1
2	117153	11715.2	1
2	117197	11719.6	1
2	117329	11732.8	6
2	117389	11738.8	2
2	117419	11741.8	1
2	117539	11753.8	1
2	117561	11756	7
2	117613	11761.2	1
2	117679	11767.8	2
2	117783	11778.2	1
2	117795	11779.4	4
2	117827	11782.6	4
2	117947	11794.6	1
2	117963	11796.2	1
2	117965	11796.4	1
2	118043	11804.2	1
2	118077	11807.6	6
2	118111	11811	10
2	118143	11814.2	1
2	118293	11829.2	1
2	118301	11830	3
2	118339	11833.8	6
2	118383	11838.2	1
2	118445	11844.4	2
2	118451	11845	5
2	118453	11845.2	1
2	118471	11847	1
2	118553	11855.2	2
2	118575	11857.4	7
2	118745	11874.4	1
2	118887	11888.6	3
2	118891	11889	1
2	118901	11890	1
2	118957	11895.6	1
2	119051	11905	9
2	119079	11907.8	6
2	119189	11918.8	4
2	119253	11925.2	2
2	119283	11928.2	1
2	119285	11928.4	1
2	119531	11953	1
2	119547	11954.6	2
2	119549	11954.8	1
2	119559	11955.8	6
2	119661	11966	5
2	119727	11972.6	10
2	119813	11981.2	3
2	119843	11984.2	15
2	119881	11988	13
2	119917	11991.6	2
2	119931	11993	1
2	120017	12001.6	12
2	120241	12024	10
2	120321	12032	7
2	120373	12037.2	15
2	120391	12039	4
2	120447	12044.6	21
2	120463	12046.2	11
2	120513	12051.2	3
2	120569	12056.8	4
2	120661	12066	20
2	120717	12071.6	2
2	120739	12073.8	1
2	120843	12084.2	4
2	120861	12086	12
2	120871	12087	1
2	120901	12090	1
2	120937	12093.6	6
2	120939	12093.8	1
2	120963	12096.2	1
2	120975	12097.4	1
2	120989	12098.8	8
2	121081	12108	1
2	121087	12108.6	1
2	121109	12110.8	7
2	121165	12116.4	18
2	121241	12124	22
2	121261	12126	1
2	121271	12127	4
2	121345	12134.4	1
2	121427	12142.6	14
2	121451	12145	2
2	121749	12174.8	1
2	121903	12190.2	1
2	121923	12192.2	14
2	121985	12198.4	8
2	122019	12201.8	1
2	122035	12203.4	1
2	122083	12208.2	4
2	122095	12209.4	1
2	122175	12217.4	1
2	122191	12219	4
2	122235	12223.4	4
2	122365	12236.4	3
2	122443	12244.2	4
2	122503	12250.2	1
2	122527	12252.6	1
2	122651	12265	11
2	122683	12268.2	2
2	122751	12275	1
2	122851	12285	2
2	122911	12291	12
2	122957	12295.6	7
2	122965	12296.4	1
2	122973	12297.2	1
2	122991	12299	1
2	123015	12301.4	7
2	123027	12302.6	6
2	123059	12305.8	1
2	123099	12309.8	1
2	123171	12317	3
2	123173	12317.2	1
2	123219	12321.8	3
2	123259	12325.8	1
2	123347	12334.6	1
2	123491	12349	2
2	123511	12351	1
2	123659	12365.8	2
2	123759	12375.8	4
2	123805	12380.4	2
2	123829	12382.8	16
2	123917	12391.6	2
2	123989	12398.8	8
2	124013	12401.2	4
2	124101	12410	1
2	124167	12416.6	3
2	124191	12419	3
2	124209	12420.8	15
2	124263	12426.2	4
2	124273	12427.2	3
2	124285	12428.4	8
2	124413	12441.2	6
2	124493	12449.2	1
2	124571	12457	1
2	124657	12465.6	1
2	124941	12494	1
2	124981	12498	20
2	124997	12499.6	1
2	125095	12509.4	1
2	125107	12510.6	1
2	125113	12511.2	3
2	125161	12516	2
2	125201	12520	4
2	125209	12520.8	6
2	125283	12528.2	1
2	125305	12530.4	3
2	125427	12542.6	2
2	125441	12544	4
2	125505	12550.4	7
2	125527	12552.6	2
2	125549	12554.8	3
2	125557	12555.6	1
2	125673	12567.2	1
2	125681	12568	4
2	125769	12576.8	1
2	125865	12586.4	11
2	125871	12587	1
2	125887	12588.6	10
2	125927	12592.6	1
2	125991	12599	1
2	126011	12601	12
2	126159	12615.8	6
2	126213	12621.2	1
2	126243	12624.2	1
2	126255	12625.4	1
2	126303	12630.2	4
2	126323	12632.2	2
2	126329	12632.8	1
2	126375	12637.4	2
2	126521	12652	2
2	126569	12656.8	1
2	126577	12657.6	1
2	126605	12660.4	14
2	126629	12662.8	1
2	126651	12665	1
2	126779	12677.8	1
2	126841	12684	4
2	126887	12688.6	10
2	126963	12696.2	10
2	126971	12697	2
2	127023	12702.2	12
2	127069	12706.8	8
2	127149	12714.8	8
2	127173	12717.2	8
2	127175	12717.4	1
2	127251	12725	1
2	127427	12742.6	4
2	127533	12753.2	10
2	127603	12760.2	4
2	127687	12768.6	1
2	127725	12772.4	1
2	127831	12783	14
2	127847	12784.6	1
2	127981	12798	1
2	128103	12810.2	1
2	128209	12820.8	10
2	128335	12833.4	1
2	128345	12834.4	2
2	128419	12841.8	13
2	128511	12851	2
2	128663	12866.2	10
2	128721	12872	8
2	128801	12880	3
2	128835	12883.4	3
2	128841	12884	1
2	128845	12884.4	1
2	128879	12887.8	1
2	128921	12892	14
2	128929	12892.8	4
2	128951	12895	1
2	128997	12899.6	12
2	128999	12899.8	1
2	129021	12902	18
2	129033	12903.2	4
2	129151	12915	4
2	129161	12916	2
2	129295	12929.4	8
2	129327	12932.6	1
2	129339	12933.8	1
2	129367	12936.6	10
2	129371	12937	2
2	129505	12950.4	2
2	129611	12961	3
2	129705	12970.4	6
2	129763	12976.2	11
2	129779	12977.8	1
2	129921	12992	6
2	129971	12997	2
2	129981	12998	1
2	129995	12999.4	1
2	130017	13001.6	2
2	130095	13009.4	16
2	130121	13012	1
2	130265	13026.4	15
2	130299	13029.8	4
2	130395	13039.4	6
2	130457	13045.6	6
2	130469	13046.8	1
2	130529	13052.8	4
2	130565	13056.4	2
2	130567	13056.6	1
2	130597	13059.6	4
2	130623	13062.2	2
2	130643	13064.2	4
2	130659	13065.8	4
2	130867	13086.6	1
2	130877	13087.6	1
2	130969	13096.8	1
2	131081	13108	1
2	131105	13110.4	1
2	131185	13118.4	8
2	131203	13120.2	10
2	131225	13122.4	1
2	131355	13135.4	6
2	131431	13143	1
2	131679	13167.8	1
2	131765	13176.4	4
2	131793	13179.2	12
2	131801	13180	2
2	131987	13198.6	1
2	132059	13205.8	1
2	132219	13221.8	2
2	132235	13223.4	2
2	132253	13225.2	1
2	132259	13225.8	1
2	132271	13227	4
2	132273	13227.2	1
2	132279	13227.8	3
2	132371	13237	1
2	132397	13239.6	12
2	132541	13254	8
2	132593	13259.2	1
2	132629	13262.8	7
2	132643	13264.2	9
2	132693	13269.2	2
2	132717	13271.6	1
2	133195	13319.4	4
2	133217	13321.6	2
2	133239	13323.8	13
2	133253	13325.2	3
2	133293	13329.2	1
2	133307	13330.6	1
2	133353	13335.2	10
2	133379	13337.8	2
2	133419	13341.8	4
2	133453	13345.2	8
2	133475	13347.4	10
2	133533	13353.2	6
2	133591	13359	1
2	133827	13382.6	2
2	133835	13383.4	2
2	133869	13386.8	8
2	133875	13387.4	4
2	133883	13388.2	3
2	133885	13388.4	1
2	134001	13400	29
2	134061	13406	4
2	134101	13410	20
2	134103	13410.2	1
2	134181	13418	1
2	134323	13432.2	10
2	134343	13434.2	1
2	134389	13438.8	4
2	134409	13440.8	1
2	134453	13445.2	8
2	134579	13457.8	1
2	134609	13460.8	1
2	134615	13461.4	3
2	134665	13466.4	1
2	134683	13468.2	3
2	134765	13476.4	1
2	134803	13480.2	1
2	134861	13486	1
2	134967	13496.6	1
2	134973	13497.2	1
2	134989	13498.8	6
2	135015	13501.4	1
2	135053	13505.2	8
2	135127	13512.6	17
2	135229	13522.8	1
2	135249	13524.8	1
2	135271	13527	7
2	135273	13527.2	1
2	135305	13530.4	10
2	135309	13530.8	1
2	135313	13531.2	1
2	135371	13537	1
2	135373	13537.2	1
2	135415	13541.4	2
2	135417	13541.6	1
2	135465	13546.4	1
2	135575	13557.4	2
2	135609	13560.8	9
2	135661	13566	1
2	135679	13567.8	13
2	135739	13573.8	1
2	135775	13577.4	2
2	135835	13583.4	1
2	135887	13588.6	1
2	135901	13590	6
2	135927	13592.6	2
2	135963	13596.2	1
2	136053	13605.2	2
2	136307	13630.6	1
2	136343	13634.2	2
2	136387	13638.6	1
2	136389	13638.8	1
2	136403	13640.2	2
2	136435	13643.4	8
2	136463	13646.2	1
2	136599	13659.8	1
2	136719	13671.8	1
2	136811	13681	1
2	136859	13685.8	1
2	136905	13690.4	2
2	136917	13691.6	1
2	136963	13696.2	1
2	137047	13704.6	13
2	137055	13705.4	1
2	137073	13707.2	5
2	137141	13714	18
2	137161	13716	14
2	137271	13727	1
2	137341	13734	2
2	137413	13741.2	4
2	137423	13742.2	1
2	137429	13742.8	1
2	137551	13755	1
2	137711	13771	2
2	137723	13772.2	8
2	137773	13777.2	1
2	137791	13779	1
2	137805	13780.4	2
2	137859	13785.8	1
2	137997	13799.6	1
2	138007	13800.6	4
2	138245	13824.4	1
2	138263	13826.2	1
2	138399	13839.8	10
2	138431	13843	1
2	138459	13845.8	1
2	138493	13849.2	1
2	138557	13855.6	1
2	138581	13858	1
2	138641	13864	5
2	138667	13866.6	1
2	138751	13875	7
2	138781	13878	2
2	138827	13882.6	1
2	138839	13883.8	1
2	138861	13886	16
2	138939	13893.8	4
2	138961	13896	1
2	138967	13896.6	4
2	139063	13906.2	1
2	139101	13910	1
2	139205	13920.4	9
2	139215	13921.4	7
2	139225	13922.4	1
2	139235	13923.4	2
2	139285	13928.4	2
2	139287	13928.6	1
2	139339	13933.8	1
2	139405	13940.4	1
2	139445	13944.4	1
2	139541	13954	10
2	139551	13955	1
2	139563	13956.2	6
2	139683	13968.2	2
2	139741	13974	14
2	139753	13975.2	1
2	139785	13978.4	1
2	139843	13984.2	4
2	139845	13984.4	1
2	140009	14000.8	4
2	140049	14004.8	4
2	140061	14006	1
2	140165	14016.4	1
2	140271	14027	12
2	140315	14031.4	1
2	140353	14035.2	5
2	140385	14038.4	4
2	140781	14078	1
2	140803	14080.2	14
2	140887	14088.6	4
2	140913	14091.2	1
2	140979	14097.8	4
2	141055	14105.4	1
2	141093	14109.2	2
2	141175	14117.4	3
2	141259	14125.8	4
2	141511	14151	1
2	141581	14158	8
2	141629	14162.8	4
2	141655	14165.4	22
2	141695	14169.4	6
2	141705	14170.4	6
2	141749	14174.8	6
2	141769	14176.8	2
2	141833	14183.2	12
2	141857	14185.6	1
2	141859	14185.8	1
2	141897	14189.6	1
2	141945	14194.4	1
2	141973	14197.2	4
2	142053	14205.2	3
2	142065	14206.4	2
2	142069	14206.8	1
2	142389	14238.8	2
2	142455	14245.4	1
2	142561	14256	1
2	142685	14268.4	6
2	142781	14278	1
2	142797	14279.6	2
2	142805	14280.4	1
2	142921	14292	8
2	142935	14293.4	10
2	142963	14296.2	4
2	142965	14296.4	1
2	142979	14297.8	4
2	143131	14313	1
2	143147	14314.6	10
2	143157	14315.6	1
2	143235	14323.4	1
2	143307	14330.6	1
2	143313	14331.2	1
2	143341	14334	1
2	143387	14338.6	1
2	143465	14346.4	12
2	143631	14363	1
2	143719	14371.8	8
2	143747	14374.6	8
2	143843	14384.2	1
2	143849	14384.8	1
2	144141	14414	1
2	144143	14414.2	1
2	144185	14418.4	1
2	144193	14419.2	2
2	144217	14421.6	1
2	144325	14432.4	2
2	144337	14433.6	8
2	144391	14439	10
2	144427	14442.6	1
2	144459	14445.8	6
2	144623	14462.2	1
2	144645	14464.4	1
2	144671	14467	1
2	144679	14467.8	1
2	144713	14471.2	1
2	144855	14485.4	2
2	145123	14512.2	6
2	145203	14520.2	1
2	145337	14533.6	1
2	145367	14536.6	4
2	145413	14541.2	1
2	145479	14547.8	4
2	145543	14554.2	8
2	145677	14567.6	3
2	145717	14571.6	2
2	145723	14572.2	4
2	145735	14573.4	1
2	145769	14576.8	1
2	145797	14579.6	4
2	145819	14581.8	1
2	145881	14588	1
2	146053	14605.2	6
2	146097	14609.6	21
2	146111	14611	2
2	146127	14612.6	2
2	146139	14613.8	6
2	146147	14614.6	2
2	146157	14615.6	4
2	146201	14620	1
2	146225	14622.4	2
2	146249	14624.8	6
2	146305	14630.4	13
2	146539	14653.8	2
2	146551	14655	6
2	146605	14660.4	1
2	146797	14679.6	6
2	146829	14682.8	1
2	146843	14684.2	5
2	146875	14687.4	2
2	146971	14697	15
2	146979	14697.8	1
2	147117	14711.6	1
2	147173	14717.2	1
2	147247	14724.6	6
2	147257	14725.6	7
2	147415	14741.4	2
2	147445	14744.4	1
2	147517	14751.6	1
2	147539	14753.8	16
2	147569	14756.8	2
2	147597	14759.6	1
2	147675	14767.4	1
2	147749	14774.8	1
2	147783	14778.2	1
2	147919	14791.8	1
2	148045	14804.4	8
2	148121	14812	1
2	148187	14818.6	1
2	148293	14829.2	1
2	148429	14842.8	1
2	148443	14844.2	1
2	148447	14844.6	1
2	148595	14859.4	8
2	148661	14866	1
2	148753	14875.2	1
2	148857	14885.6	2
2	148955	14895.4	11
2	149021	14902	6
2	149085	14908.4	1
2	149103	14910.2	10
2	149251	14925	5
2	149293	14929.2	10
2	149301	14930	1
2	149345	14934.4	6
2	149347	14934.6	1
2	149349	14934.8	1
2	149435	14943.4	1
2	149581	14958	10
2	149595	14959.4	12
2	149687	14968.6	2
2	149739	14973.8	9
2	149747	14974.6	3
2	149791	14979	2
2	149853	14985.2	6
2	149897	14989.6	2
2	149921	14992	15
2	149967	14996.6	1
2	149987	14998.6	12
2	150005	15000.4	1
2	150073	15007.2	19
2	150119	15011.8	2
2	150205	15020.4	2
2	150211	15021	4
2	150283	15028.2	2
2	150285	15028.4	1
2	150325	15032.4	2
2	150341	15034	3
2	150365	15036.4	18
2	150431	15043	1
2	150485	15048.4	1
2	150549	15054.8	1
2	150741	15074	5
2	150743	15074.2	1
2	150745	15074.4	1
2	150967	15096.6	1
2	150969	15096.8	1
2	150995	15099.4	6
2	151171	15117	1
2	151327	15132.6	1
2	151689	15168.8	1
2	151715	15171.4	1
2	151737	15173.6	6
2	151935	15193.4	13
2	151983	15198.2	1
2	152059	15205.8	1
2	152135	15213.4	2
2	152219	15221.8	1
2	152289	15228.8	10
2	152383	15238.2	1
2	152449	15244.8	2
2	152479	15247.8	1
2	152525	15252.4	1
2	152531	15253	1
2	152625	15262.4	12
2	152641	15264	4
2	152653	15265.2	4
2	152655	15265.4	1
2	152677	15267.6	2
2	152729	15272.8	1
2	152757	15275.6	6
2	152825	15282.4	1
2	153015	15301.4	1
2	153037	15303.6	2
2	153157	15315.6	1
2	153321	15332	1
2	153639	15363.8	1
2	153647	15364.6	2
2	153775	15377.4	8
2	153807	15380.6	2
2	153829	15382.8	6
2	153833	15383.2	3
2	153863	15386.2	10
2	153937	15393.6	2
2	153989	15398.8	1
2	154041	15404	1
2	154053	15405.2	2
2	154073	15407.2	2
2	154105	15410.4	11
2	154175	15417.4	6
2	154439	15443.8	5
2	154615	15461.4	12
2	154651	15465	1
2	154743	15474.2	1
2	154857	15485.6	2
2	155007	15500.6	1
2	155031	15503	4
2	155081	15508	6
2	155141	15514	1
2	155159	15515.8	1
2	155175	15517.4	5
2	155273	15527.2	3
2	155289	15528.8	12
2	155307	15530.6	1
2	155525	15552.4	6
2	155527	15552.6	1
2	155559	15555.8	1
2	155583	15558.2	1
2	155643	15564.2	2
2	155727	15572.6	4
2	155921	15592	2
2	156099	15609.8	10
2	156303	15630.2	1
2	156335	15633.4	1
2	156367	15636.6	1
2	156465	15646.4	3
2	156491	15649	1
2	156545	15654.4	1
2	156619	15661.8	4
2	156699	15669.8	4
2	156717	15671.6	4
2	156811	15681	12
2	156825	15682.4	4
2	156831	15683	3
2	156851	15685	1
2	156877	15687.6	8
2	156895	15689.4	2
2	156951	15695	1
2	156973	15697.2	1
2	156985	15698.4	1
2	157031	15703	1
2	157235	15723.4	1
2	157249	15724.8	1
2	157261	15726	1
2	157279	15727.8	1
2	157289	15728.8	2
2	157307	15730.6	1
2	157317	15731.6	8
2	157375	15737.4	2
2	157397	15739.6	1
2	157487	15748.6	1
2	157569	15756.8	2
2	157597	15759.6	8
2	157621	15762	3
2	157641	15764	2
2	157643	15764.2	1
2	157689	15768.8	6
2	157691	15769	1
2	157705	15770.4	4
2	157735	15773.4	1
2	157747	15774.6	3
2	157775	15777.4	16
2	157865	15786.4	1
2	157947	15794.6	1
2	158079	15807.8	1
2	158267	15826.6	1
2	158299	15829.8	5
2	158345	15834.4	1
2	158385	15838.4	4
2	158427	15842.6	4
2	158481	15848	1
2	158495	15849.4	1
2	158551	15855	2
2	158573	15857.2	1
2	158637	15863.6	1
2	158801	15880	1
2	158829	15882.8	1
2	158865	15886.4	6
2	158873	15887.2	4
2	158881	15888	5
2	159021	15902	13
2	159103	15910.2	18
2	159199	15919.8	7
2	159283	15928.2	3
2	159321	15932	1
2	159323	15932.2	1
2	159449	15944.8	1
2	159485	15948.4	1
2	159517	15951.6	1
2	159613	15961.2	5
2	159707	15970.6	1
2	159783	15978.2	1
2	159787	15978.6	1
2	159815	15981.4	22
2	159845	15984.4	5
2	159881	15988	4
2	159929	15992.8	6
2	160091	16009	1
2	160185	16018.4	1
2	160241	16024	24
2	160311	16031	1
2	160337	16033.6	10
2	160493	16049.2	30
2	160583	16058.2	1
2	160603	16060.2	6
2	160609	16060.8	1
2	160691	16069	1
2	160709	16070.8	1
2	160777	16077.6	4
2	160819	16081.8	1
2	160853	16085.2	1
2	160993	16099.2	16
2	161057	16105.6	6
2	161061	16106	1
2	161089	16108.8	1
2	161095	16109.4	3
2	161237	16123.6	19
2	161287	16128.6	3
2	161449	16144.8	9
2	161453	16145.2	2
2	161503	16150.2	1
2	161553	16155.2	3
2	161633	16163.2	2
2	161649	16164.8	5
2	161659	16165.8	3
2	161721	16172	1
2	161745	16174.4	2
2	161761	16176	6
2	161791	16179	2
2	161821	16182	6
2	161853	16185.2	1
2	161867	16186.6	1
2	161971	16197	1
2	161991	16199	1
2	162051	16205	1
2	162057	16205.6	1
2	162159	16215.8	5
2	162189	16218.8	4
2	162199	16219.8	6
2	162317	16231.6	1
2	162343	16234.2	3
2	162431	16243	1
2	162517	16251.6	1
2	162621	16262	2
2	162645	16264.4	21
2	162681	16268	6
2	162695	16269.4	3
2	162699	16269.8	1
2	162901	16290	1
2	162933	16293.2	6
2	162987	16298.6	1
2	163035	16303.4	2
2	163081	16308	10
2	163173	16317.2	1
2	163175	16317.4	1
2	163197	16319.6	12
2	163269	16326.8	2
2	163301	16330	1
2	163479	16347.8	1
2	163489	16348.8	1
2	163625	16362.4	1
2	163683	16368.2	2
2	163687	16368.6	1
2	163759	16375.8	2
2	163899	16389.8	1
2	163923	16392.2	4
2	164025	16402.4	2
2	164055	16405.4	1
2	164119	16411.8	3
2	164153	16415.2	1
2	164157	16415.6	1
2	164193	16419.2	1
2	164201	16420	1
2	164319	16431.8	10
2	164371	16437	1
2	164387	16438.6	4
2	164409	16440.8	13
2	164465	16446.4	1
2	164541	16454	23
2	164557	16455.6	6
2	164703	16470.2	8
2	164787	16478.6	1
2	164811	16481	4
2	164847	16484.6	1
2	164865	16486.4	5
2	164899	16489.8	3
2	164909	16490.8	5
2	164933	16493.2	2
2	164955	16495.4	10
2	165043	16504.2	8
2	165049	16504.8	3
2	165081	16508	2
2	165095	16509.4	7
2	165113	16511.2	4
2	165163	16516.2	10
2	165213	16521.2	2
2	165307	16530.6	7
2	165379	16537.8	1
2	165415	16541.4	3
2	165461	16546	1
2	165501	16550	1
2	165541	16554	4
2	165683	16568.2	12
2	165761	16576	1
2	165799	16579.8	4
2	165803	16580.2	3
2	165817	16581.6	4
2	165835	16583.4	2
2	165869	16586.8	1
2	166061	16606	2
2	166103	16610.2	2
2	166193	16619.2	10
2	166293	16629.2	4
2	166329	16632.8	1
2	166331	16633	1
2	166651	16665	1
2	166659	16665.8	5
2	166899	16689.8	14
2	166931	16693	12
2	166959	16695.8	16
2	167045	16704.4	8
2	167277	16727.6	5
2	167365	16736.4	2
2	167465	16746.4	2
2	167483	16748.2	1
2	167523	16752.2	3
2	167529	16752.8	1
2	167553	16755.2	1
2	167613	16761.2	1
2	167719	16771.8	4
2	167843	16784.2	9
2	167971	16797	2
2	168073	16807.2	1
2	168091	16809	2
2	168209	16820.8	6
2	168283	16828.2	5
2	168313	16831.2	1
2	168321	16832	7
2	168569	16856.8	1
2	168593	16859.2	8
2	168609	16860.8	8
2	168967	16896.6	1
2	169001	16900	2
2	169053	16905.2	1
2	169071	16907	4
2	169127	16912.6	1
2	169251	16925	6
2	169483	16948.2	10
2	169613	16961.2	2
2	169619	16961.8	1
2	169663	16966.2	3
2	169669	16966.8	1
2	169715	16971.4	10
2	169791	16979	16
2	169919	16991.8	18
2	169937	16993.6	2
2	169975	16997.4	1
2	170009	17000.8	3
2	170033	17003.2	2
2	170083	17008.2	1
2	170121	17012	20
2	170185	17018.4	1
2	170369	17036.8	4
2	170457	17045.6	1
2	170489	17048.8	7
2	170511	17051	4
2	170599	17059.8	6
2	170669	17066.8	6
2	170693	17069.2	1
2	170791	17079	1
2	170803	17080.2	6
2	170955	17095.4	11
2	170973	17097.2	4
2	171021	17102	4
2	171029	17102.8	1
2	171053	17105.2	1
2	171081	17108	1
2	171089	17108.8	1
2	171125	17112.4	2
2	171139	17113.8	4
2	171177	17117.6	1
2	171215	17121.4	2
2	171231	17123	6
2	171283	17128.2	4
2	171347	17134.6	1
2	171663	17166.2	6
2	171779	17177.8	2
2	171799	17179.8	4
2	172175	17217.4	4
2	172195	17219.4	4
2	172299	17229.8	14
2	172493	17249.2	9
2	172497	17249.6	1
2	172561	17256	2
2	172621	17262	1
2	172665	17266.4	7
2	172677	17267.6	1
2	172751	17275	8
2	172811	17281	1
2	172839	17283.8	6
2	172851	17285	5
2	172895	17289.4	4
2	173021	17302	1
2	173029	17302.8	3
2	173051	17305	10
2	173071	17307	11
2	173093	17309.2	2
2	173265	17326.4	1
2	173295	17329.4	2
2	173315	17331.4	6
2	173329	17332.8	4
2	173431	17343	1
2	173483	17348.2	5
2	173491	17349	2
2	173565	17356.4	1
2	173577	17357.6	1
2	173583	17358.2	1
2	173641	17364	4
2	173675	17367.4	4
2	173711	17371	10
2	173769	17376.8	1
2	173803	17380.2	1
2	173869	17386.8	6
2	174045	17404.4	3
2	174105	17410.4	1
2	174191	17419	4
2	174201	17420	2
2	174277	17427.6	2
2	174351	17435	12
2	174403	17440.2	4
2	174437	17443.6	4
2	174497	17449.6	1
2	174527	17452.6	1
2	174559	17455.8	2
2	174569	17456.8	1
2	174579	17457.8	4
2	174659	17465.8	1
2	174671	17467	1
2	174877	17487.6	1
2	174919	17491.8	2
2	174941	17494	3
2	174961	17496	4
2	175017	17501.6	1
2	175067	17506.6	1
2	175131	17513	1
2	175293	17529.2	2
2	175303	17530.2	8
2	175305	17530.4	1
2	175333	17533.2	6
2	175411	17541	3
2	175429	17542.8	13
2	175477	17547.6	8
2	175555	17555.4	1
2	175625	17562.4	1
2	175697	17569.6	1
2	175699	17569.8	1
2	175707	17570.6	1
2	175755	17575.4	2
2	175839	17583.8	6
2	175853	17585.2	1
2	175935	17593.4	1
2	176023	17602.2	6
2	176051	17605	5
2	176131	17613	7
2	176177	17617.6	2
2	176215	17621.4	1
2	176251	17625	4
2	176259	17625.8	7
2	176265	17626.4	1
2	176303	17630.2	8
2	176387	17638.6	1
2	176419	17641.8	1
2	176533	17653.2	1
2	176553	17655.2	11
2	176613	17661.2	1
2	176627	17662.6	1
2	176641	17664	2
2	176731	17673	6
2	176773	17677.2	2
2	176869	17686.8	1
2	176913	17691.2	1
2	176981	17698	1
2	177123	17712.2	4
2	177155	17715.4	1
2	177157	17715.6	1
2	177189	17718.8	1
2	177227	17722.6	4
2	177335	17733.4	12
2	177431	17743	2
2	177531	17753	16
2	177581	17758	4
2	177645	17764.4	4
2	177681	17768	1
2	177783	17778.2	1
2	177839	17783.8	14
2	177859	17785.8	10
2	177937	17793.6	2
2	178041	17804	2
2	178045	17804.4	3
2	178055	17805.4	1
2	178059	17805.8	1
2	178061	17806	1
2	178065	17806.4	3
2	178107	17810.6	2
2	178181	17818	4
2	178183	17818.2	1
2	178303	17830.2	5
2	178355	17835.4	1
2	178357	17835.6	1
2	178359	17835.8	1
2	178397	17839.6	1
2	178403	17840.2	2
2	178423	17842.2	4
2	178465	17846.4	7
2	178511	17851	1
2	178683	17868.2	2
2	178703	17870.2	1
2	178859	17885.8	1
2	178883	17888.2	1
2	178929	17892.8	4
2	179023	17902.2	1
2	179041	17904	12
2	179267	17926.6	10
2	179301	17930	1
2	179441	17944	2
2	179489	17948.8	1
2	179557	17955.6	1
2	179573	17957.2	9
2	179587	17958.6	1
2	179681	17968	4
2	179713	17971.2	3
2	179735	17973.4	1
2	179793	17979.2	12
2	179819	17981.8	2
2	179847	17984.6	4
2	179875	17987.4	4
2	179889	17988.8	1
2	179903	17990.2	1
2	179975	17997.4	1
2	180003	18000.2	1
2	180079	18007.8	1
2	180185	18018.4	1
2	180209	18020.8	13
2	180309	18030.8	10
2	180459	18045.8	1
2	180479	18047.8	1
2	180517	18051.6	17
2	180579	18057.8	6
2	180595	18059.4	1
2	180645	18064.4	1
2	180671	18067	2
2	180827	18082.6	8
2	180845	18084.4	5
2	180879	18087.8	1
2	180977	18097.6	1
2	181015	18101.4	4
2	181071	18107	6
2	181089	18108.8	1
2	181165	18116.4	6
2	181245	18124.4	1
2	181307	18130.6	2
2	181363	18136.2	2
2	181397	18139.6	4
2	181441	18144	1
2	181509	18150.8	11
2	181535	18153.4	6
2	181549	18154.8	1
2	181635	18163.4	1
2	181717	18171.6	1
2	181767	18176.6	4
2	181845	18184.4	14
2	181885	18188.4	2
2	181911	18191	2
2	181985	18198.4	12
2	181991	18199	1
2	182023	18202.2	4
2	182027	18202.6	3
2	182041	18204	8
2	182165	18216.4	1
2	182167	18216.6	1
2	182249	18224.8	2
2	182255	18225.4	2
2	182279	18227.8	16
2	182369	18236.8	6
2	182375	18237.4	4
2	182387	18238.6	1
2	182407	18240.6	5
2	182531	18253	24
2	182611	18261	1
2	182637	18263.6	2
2	182717	18271.6	1
2	182873	18287.2	9
2	182887	18288.6	5
2	183047	18304.6	14
2	183109	18310.8	1
2	183133	18313.2	14
2	183303	18330.2	5
2	183355	18335.4	1
2	183383	18338.2	10
2	183413	18341.2	4
2	183437	18343.6	3
2	183497	18349.6	8
2	183513	18351.2	1
2	183535	18353.4	14
2	183561	18356	2
2	183627	18362.6	25
2	183673	18367.2	4
2	183781	18378	1
2	183807	18380.6	8
2	183819	18381.8	1
2	183873	18387.2	1
2	183979	18397.8	1
2	183987	18398.6	2
2	183995	18399.4	2
2	184031	18403	1
2	184055	18405.4	1
2	184065	18406.4	5
2	184121	18412	1
2	184163	18416.2	1
2	184185	18418.4	4
2	184231	18423	1
2	184299	18429.8	13
2	184359	18435.8	10
2	184455	18445.4	4
2	184475	18447.4	12
2	184501	18450	1
2	184557	18455.6	12
2	184575	18457.4	1
2	184579	18457.8	2
2	184581	18458	1
2	184595	18459.4	5
2	184637	18463.6	1
2	184641	18464	1
2	184741	18474	1
2	184745	18474.4	3
2	184773	18477.2	2
2	184799	18479.8	6
2	184809	18480.8	6
2	184905	18490.4	1
2	184959	18495.8	1
2	184981	18498	6
2	185045	18504.4	14
2	185097	18509.6	1
2	185141	18514	1
2	185171	18517	1
2	185217	18521.6	1
2	185259	18525.8	11
2	185281	18528	1
2	185349	18534.8	1
2	185405	18540.4	1
2	185425	18542.4	1
2	185439	18543.8	5
2	185451	18545	4
2	185509	18550.8	7
2	185535	18553.4	10
2	185557	18555.6	8
2	185645	18564.4	8
2	185673	18567.2	6
2	185727	18572.6	1
2	185839	18583.8	1
2	185925	18592.4	9
2	185935	18593.4	1
2	185961	18596	5
2	186019	18601.8	2
2	186041	18604	2
2	186093	18609.2	21
2	186169	18616.8	1
2	186223	18622.2	4
2	186307	18630.6	1
2	186325	18632.4	9
2	186337	18633.6	11
2	186369	18636.8	2
2	186399	18639.8	2
2	186465	18646.4	4
2	186487	18648.6	8
2	186547	18654.6	2
2	186561	18656	3
2	186563	18656.2	1
2	186601	18660	2
2	186615	18661.4	2
2	186669	18666.8	1
2	186757	18675.6	18
2	186787	18678.6	11
2	186819	18681.8	5
2	186847	18684.6	4
2	187047	18704.6	1
2	187065	18706.4	4
2	187135	18713.4	5
2	187151	18715	1
2	187207	18720.6	1
2	187243	18724.2	9
2	187299	18729.8	6
2	187565	18756.4	1
2	187693	18769.2	2
2	187709	18770.8	2
2	187719	18771.8	8
2	187775	18777.4	16
2	187941	18794	13
2	188041	18804	1
2	188217	18821.6	2
2	188323	18832.2	1
2	188347	18834.6	1
2	188353	18835.2	1
2	188471	18847	5
2	188627	18862.6	4
2	188779	18877.8	14
2	188825	18882.4	1
2	188837	18883.6	1
2	188851	18885	6
2	189021	18902	6
2	189127	18912.6	8
2	189131	18913	1
2	189135	18913.4	2
2	189205	18920.4	6
2	189217	18921.6	1
2	189219	18921.8	1
2	189235	18923.4	4
2	189265	18926.4	1
2	189325	18932.4	10
2	189395	18939.4	9
2	189443	18944.2	14
2	189461	18946	1
2	189475	18947.4	6
2	189555	18955.4	1
2	189567	18956.6	1
2	189637	18963.6	5
2	189665	18966.4	1
2	189669	18966.8	1
2	189821	18982	12
2	189889	18988.8	6
2	189921	18992	1
2	189999	18999.8	6
2	190009	19000.8	1
2	190121	19012	3
2	190135	19013.4	1
2	190157	19015.6	7
2	190281	19028	1
2	190333	19033.2	3
2	190379	19037.8	1
2	190381	19038	1
2	190409	19040.8	1
2	190415	19041.4	5
2	190433	19043.2	2
2	190609	19060.8	2
2	190613	19061.2	3
2	190745	19074.4	4
2	190799	19079.8	2
2	190829	19082.8	6
2	190859	19085.8	2
2	190907	19090.6	8
2	190999	19099.8	2
2	191085	19108.4	4
2	191219	19121.8	3
2	191237	19123.6	2
2	191277	19127.6	10
2	191289	19128.8	4
2	191317	19131.6	1
2	191363	19136.2	1
2	191407	19140.6	1
2	191419	19141.8	9
2	191433	19143.2	4
2	191497	19149.6	1
2	191531	19153	7
2	191569	19156.8	4
2	191649	19164.8	1
2	191675	19167.4	1
2	191703	19170.2	2
2	191733	19173.2	2
2	191737	19173.6	1
2	191847	19184.6	1
2	191887	19188.6	1
2	191903	19190.2	2
2	191949	19194.8	1
2	192023	19202.2	3
2	192057	19205.6	14
2	192169	19216.8	1
2	192197	19219.6	2
2	192227	19222.6	1
2	192321	19232	2
2	192367	19236.6	1
2	192373	19237.2	3
2	192491	19249	8
2	192525	19252.4	4
2	192641	19264	1
2	192707	19270.6	4
2	192883	19288.2	3
2	192887	19288.6	2
2	192911	19291	6
2	192969	19296.8	1
2	193105	19310.4	14
2	193225	19322.4	4
2	193325	19332.4	1
2	193417	19341.6	8
2	193419	19341.8	1
2	193465	19346.4	14
2	193497	19349.6	1
2	193609	19360.8	1
2	193697	19369.6	5
2	193751	19375	5
2	193797	19379.6	10
2	193857	19385.6	1
2	193947	19394.6	2
2	193973	19397.2	1
2	194067	19406.6	6
2	194151	19415	16
2	194161	19416	3
2	194167	19416.6	1
2	194209	19420.8	1
2	194237	19423.6	8
2	194273	19427.2	12
2	194315	19431.4	1
2	194387	19438.6	4
2	194415	19441.4	1
2	194483	19448.2	18
2	194551	19455	1
2	194553	19455.2	1
2	194603	19460.2	8
2	194619	19461.8	1
2	194841	19484	1
2	194985	19498.4	18
2	194999	19499.8	4
2	195019	19501.8	5
2	195089	19508.8	2
2	195113	19511.2	1
2	195151	19515	1
2	195185	19518.4	13
2	195293	19529.2	14
2	195461	19546	1
2	195481	19548	3
2	195527	19552.6	2
2	195615	19561.4	1
2	195623	19562.2	1
2	195703	19570.2	12
2	195753	19575.2	10
2	195765	19576.4	5
2	195793	19579.2	1
2	195859	19585.8	1
2	195931	19593	1
2	195991	19599	3
2	196041	19604	1
2	196055	19605.4	1
2	196117	19611.6	9
2	196141	19614	1
2	196261	19626	6
2	196279	19627.8	1
2	196313	19631.2	4
2	196371	19637	4
2	196381	19638	2
2	196489	19648.8	1
2	196585	19658.4	1
2	196653	19665.2	14
2	196669	19666.8	4
2	196683	19668.2	9
2	196721	19672	10
2	196757	19675.6	2
2	196807	19680.6	4
2	196889	19688.8	1
2	196967	19696.6	6
2	196985	19698.4	7
2	197005	19700.4	3
2	197063	19706.2	13
2	197087	19708.6	3
2	197095	19709.4	4
2	197135	19713.4	1
2	197203	19720.2	1
2	197213	19721.2	1
2	197273	19727.2	4
2	197275	19727.4	1
2	197285	19728.4	1
2	197345	19734.4	6
2	197471	19747	6
2	197525	19752.4	3
2	197541	19754	4
2	197563	19756.2	8
2	197633	19763.2	1
2	197693	19769.2	6
2	198073	19807.2	14
2	198299	19829.8	1
2	198345	19834.4	11
2	198423	19842.2	1
2	198503	19850.2	1
2	198507	19850.6	3
2	198695	19869.4	1
2	198705	19870.4	1
2	198725	19872.4	10
2	198781	19878	26
2	198993	19899.2	3
2	199073	19907.2	1
2	199089	19908.8	2
2	199097	19909.6	5
2	199139	19913.8	18
2	199199	19919.8	1
2	199255	19925.4	22
2	199331	19933	1
2	199341	19934	2
2	199343	19934.2	1
2	199405	19940.4	20
2	199465	19946.4	1
2	199529	19952.8	1
2	199539	19953.8	6
2	199565	19956.4	1
2	199579	19957.8	12
2	199591	19959	1
2	199657	19965.6	4
2	199733	19973.2	1
2	199757	19975.6	2
2	199783	19978.2	2
2	199805	19980.4	3
2	199823	19982.2	8
2	199867	19986.6	2
2	199889	19988.8	1
2	199905	19990.4	1
2	199989	19998.8	2
2	199991	19999	1
2	200027	20002.6	1
2	200063	20006.2	2
2	200127	20012.6	2
2	200173	20017.2	5
2	200289	20028.8	2
2	200359	20035.8	6
2	200553	20055.2	4
2	200603	20060.2	1
2	200771	20077	1
2	200957	20095.6	24
2	201041	20104	1
2	201131	20113	2
2	201199	20119.8	1
2	201385	20138.4	1
2	201411	20141	2
2	201431	20143	1
2	201607	20160.6	1
2	201673	20167.2	6
2	201675	20167.4	1
2	201715	20171.4	1
2	201741	20174	8
2	201767	20176.6	1
2	201795	20179.4	1
2	201845	20184.4	3
2	201855	20185.4	1
2	201867	20186.6	6
2	201883	20188.2	4
2	201921	20192	12
2	201985	20198.4	12
2	201999	20199.8	6
2	202045	20204.4	1
2	202137	20213.6	1
2	202311	20231	1
2	202329	20232.8	6
2	202519	20251.8	1
2	202579	20257.8	1
2	202597	20259.6	1
2	202623	20262.2	5
2	202665	20266.4	6
2	202677	20267.6	1
2	202711	20271	1
2	202715	20271.4	1
2	202721	20272	5
2	202801	20280	2
2	202905	20290.4	4
2	203011	20301	8
2	203029	20302.8	4
2	203093	20309.2	1
2	203221	20322	1
2	203343	20334.2	1
2	203387	20338.6	1
2	203495	20349.4	1
2	203517	20351.6	1
2	203573	20357.2	2
2	203583	20358.2	4
2	203625	20362.4	4
2	203665	20366.4	7
2	203683	20368.2	2
2	203773	20377.2	8
2	203799	20379.8	8
2	203885	20388.4	2
2	203911	20391	5
2	203957	20395.6	1
2	203999	20399.8	1
2	204007	20400.6	4
2	204057	20405.6	1
2	204115	20411.4	1
2	204271	20427	1
2	204273	20427.2	1
2	204281	20428	2
2	204411	20441	2
2	204529	20452.8	5
2	204597	20459.6	1
2	204621	20462	6
2	204623	20462.2	1
2	204647	20464.6	5
2	204661	20466	4
2	204669	20466.8	4
2	204787	20478.6	1
2	204791	20479	1
2	204801	20480	1
2	204815	20481.4	2
2	204817	20481.6	1
2	204871	20487	1
2	205039	20503.8	1
2	205099	20509.8	3
2	205127	20512.6	5
2	205373	20537.2	2
2	205459	20545.8	2
2	205517	20551.6	1
2	205533	20553.2	10
2	205613	20561.2	2
2	205649	20564.8	2
2	205659	20565.8	8
2	205713	20571.2	10
2	205851	20585	8
2	205853	20585.2	1
2	205953	20595.2	1
2	205961	20596	1
2	205991	20599	1
2	206029	20602.8	10
2	206241	20624	1
2	206469	20646.8	2
2	206491	20649	2
2	206567	20656.6	1
2	206737	20673.6	4
2	206747	20674.6	1
2	206803	20680.2	1
2	206827	20682.6	2
2	206829	20682.8	1
2	206835	20683.4	3
2	206837	20683.6	1
2	206891	20689	1
2	206981	20698	1
2	206987	20698.6	1
2	207053	20705.2	8
2	207121	20712	3
2	207127	20712.6	1
2	207147	20714.6	1
2	207195	20719.4	7
2	207251	20725	1
2	207341	20734	9
2	207343	20734.2	1
2	207433	20743.2	2
2	207435	20743.4	1
2	207461	20746	13
2	207469	20746.8	1
2	207575	20757.4	17
2	207581	20758	2
2	207697	20769.6	3
2	207701	20770	1
2	207767	20776.6	3
2	207795	20779.4	1
2	207909	20790.8	10
2	208025	20802.4	1
2	208097	20809.6	2
2	208109	20810.8	1
2	208211	20821	7
2	208217	20821.6	1
2	208293	20829.2	8
2	208315	20831.4	21
2	208327	20832.6	1
2	208531	20853	1
2	208553	20855.2	7
2	208647	20864.6	1
2	208685	20868.4	1
2	208711	20871	6
2	208765	20876.4	1
2	208785	20878.4	16
2	208815	20881.4	4
2	208827	20882.6	6
2	208895	20889.4	1
2	208907	20890.6	1
2	208917	20891.6	1
2	209019	20901.8	7
2	209039	20903.8	1
2	209133	20913.2	14
2	209185	20918.4	1
2	209261	20926	1
2	209381	20938	15
2	209385	20938.4	1
2	209401	20940	2
2	209583	20958.2	2
2	209595	20959.4	2
2	209599	20959.8	1
2	209617	20961.6	1
2	209689	20968.8	9
2	209773	20977.2	20
2	209873	20987.2	1
2	209909	20990.8	1
2	209951	20995	1
2	209965	20996.4	4
2	209995	20999.4	1
2	210157	21015.6	2
2	210193	21019.2	1
2	210253	21025.2	2
2	210289	21028.8	1
2	210413	21041.2	1
2	210469	21046.8	2
2	210549	21054.8	1
2	210565	21056.4	1
2	210863	21086.2	1
2	210881	21088	3
2	210893	21089.2	1
2	210915	21091.4	6
2	210925	21092.4	3
2	210997	21099.6	2
2	211131	21113	2
2	211139	21113.8	4
2	211195	21119.4	3
2	211205	21120.4	1
2	211209	21120.8	2
2	211241	21124	1
2	211257	21125.6	2
2	211279	21127.8	3
2	211369	21136.8	1
2	211415	21141.4	2
2	211467	21146.6	1
2	211481	21148	4
2	211489	21148.8	3
2	211503	21150.2	1
2	211525	21152.4	1
2	211703	21170.2	8
2	211737	21173.6	1
2	211803	21180.2	4
2	211815	21181.4	1
2	211879	21187.8	8
2	211891	21189	1
2	211959	21195.8	2
2	211977	21197.6	2
2	211993	21199.2	1
2	212027	21202.6	2
2	212125	21212.4	4
2	212149	21214.8	4
2	212251	21225	1
2	212281	21228	20
2	212393	21239.2	4
2	212425	21242.4	9
2	212599	21259.8	2
2	212627	21262.6	1
2	212745	21274.4	1
2	212799	21279.8	8
2	212829	21282.8	8
2	212923	21292.2	5
2	212971	21297	10
2	213015	21301.4	1
2	213031	21303	4
2	213177	21317.6	1
2	213211	21321	2
2	213277	21327.6	2
2	213353	21335.2	4
2	213365	21336.4	1
2	213423	21342.2	2
2	213437	21343.6	1
2	213553	21355.2	8
2	213617	21361.6	2
2	213653	21365.2	1
2	213679	21367.8	1
2	213699	21369.8	1
2	213717	21371.6	7
2	213725	21372.4	1
2	213749	21374.8	2
2	213769	21376.8	16
2	213807	21380.6	2
2	213833	21383.2	6
2	214021	21402	4
2	214113	21411.2	1
2	214131	21413	4
2	214135	21413.4	1
2	214237	21423.6	1
2	214261	21426	13
2	214283	21428.2	14
2	214435	21443.4	10
2	214531	21453	6
2	214583	21458.2	4
2	214609	21460.8	8
2	214623	21462.2	3
2	214641	21464	1
2	214705	21470.4	1
2	214723	21472.2	1
2	214839	21483.8	1
2	214843	21484.2	1
2	214849	21484.8	1
2	214913	21491.2	6
2	214933	21493.2	1
2	215041	21504	1
2	215337	21533.6	1
2	215463	21546.2	8
2	215475	21547.4	1
2	215485	21548.4	5
2	215553	21555.2	24
2	215561	21556	1
2	215597	21559.6	8
2	215615	21561.4	2
2	215791	21579	8
2	215817	21581.6	1
2	215881	21588	1
2	215919	21591.8	1
2	215929	21592.8	1
2	215957	21595.6	1
2	215967	21596.6	1
2	216069	21606.8	4
2	216097	21609.6	1
2	216145	21614.4	1
2	216183	21618.2	1
2	216199	21619.8	1
2	216341	21634	9
2	216359	21635.8	12
2	216361	21636	1
2	216383	21638.2	1
2	216439	21643.8	1
2	216505	21650.4	1
2	216513	21651.2	1
2	216535	21653.4	8
2	216797	21679.6	2
2	216805	21680.4	2
2	216831	21683	2
2	216873	21687.2	1
2	216989	21698.8	1
2	216995	21699.4	2
2	217101	21710	1
2	217119	21711.8	10
2	217197	21719.6	5
2	217253	21725.2	1
2	217313	21731.2	1
2	217319	21731.8	1
2	217337	21733.6	1
2	217359	21735.8	1
2	217465	21746.4	6
2	217479	21747.8	7
2	217547	21754.6	6
2	217567	21756.6	1
2	217569	21756.8	1
2	217605	21760.4	1
2	217693	21769.2	1
2	217711	21771	1
2	217751	21775	1
2	217755	21775.4	2
2	217839	21783.8	1
2	217861	21786	1
2	217877	21787.6	2
2	217933	21793.2	1
2	217939	21793.8	3
2	218079	21807.8	2
2	218119	21811.8	8
2	218335	21833.4	10
2	218455	21845.4	3
2	218491	21849	1
2	218519	21851.8	1
2	218601	21860	1
2	218723	21872.2	1
2	218739	21873.8	6
2	218789	21878.8	17
2	218791	21879	1
2	218795	21879.4	1
2	218797	21879.6	1
2	218929	21892.8	3
2	218959	21895.8	5
2	219031	21903	4
2	219039	21903.8	3
2	219071	21907	1
2	219073	21907.2	1
2	219177	21917.6	5
2	219197	21919.6	1
2	219315	21931.4	1
2	219365	21936.4	4
2	219409	21940.8	12
2	219449	21944.8	3
2	219487	21948.6	2
2	219579	21957.8	5
2	219669	21966.8	2
2	219809	21980.8	4
2	219951	21995	1
2	220021	22002	1
2	220111	22011	5
2	220151	22015	26
2	220191	22019	12
2	220341	22034	20
2	220409	22040.8	8
2	220445	22044.4	2
2	220701	22070	1
2	220705	22070.4	3
2	220745	22074.4	8
2	220781	22078	11
2	220823	22082.2	3
2	220831	22083	1
2	220873	22087.2	2
2	220875	22087.4	1
2	220891	22089	4
2	220913	22091.2	9
2	220929	22092.8	1
2	220949	22094.8	1
2	221025	22102.4	3
2	221029	22102.8	1
2	221155	22115.4	1
2	221169	22116.8	2
2	221179	22117.8	2
2	221229	22122.8	4
2	221251	22125	15
2	221271	22127	2
2	221299	22129.8	1
2	221351	22135	1
2	221397	22139.6	4
2	221483	22148.2	8
2	221605	22160.4	4
2	221635	22163.4	1
2	221737	22173.6	2
2	221937	22193.6	2
2	222043	22204.2	2
2	222085	22208.4	1
2	222099	22209.8	1
2	222275	22227.4	1
2	222295	22229.4	4
2	222355	22235.4	1
2	222451	22245	1
2	222457	22245.6	1
2	222655	22265.4	3
2	222673	22267.2	1
2	222757	22275.6	4
2	222785	22278.4	4
2	222789	22278.8	1
2	222817	22281.6	6
2	222915	22291.4	3
2	222959	22295.8	1
2	222987	22298.6	7
2	223087	22308.6	1
2	223089	22308.8	1
2	223181	22318	1
2	223273	22327.2	1
2	223281	22328	1
2	223315	22331.4	5
2	223361	22336	2
2	223443	22344.2	14
2	223549	22354.8	4
2	223593	22359.2	6
2	223597	22359.6	1
2	223677	22367.6	4
2	223767	22376.6	20
2	223803	22380.2	1
2	223821	22382	1
2	223861	22386	1
2	223935	22393.4	20
2	223973	22397.2	1
2	223987	22398.6	1
2	224013	22401.2	1
2	224043	22404.2	8
2	224083	22408.2	4
2	224265	22426.4	10
2	224321	22432	1
2	224393	22439.2	14
2	224487	22448.6	13
2	224557	22455.6	8
2	224567	22456.6	1
2	224615	22461.4	4
2	224627	22462.6	1
2	224717	22471.6	1
2	224753	22475.2	6
2	224807	22480.6	1
2	224831	22483	6
2	224915	22491.4	1
2	224985	22498.4	12
2	224993	22499.2	4
2	225197	22519.6	1
2	225209	22520.8	2
2	225407	22540.6	6
2	225417	22541.6	8
2	225471	22547	7
2	225915	22591.4	6
2	225981	22598	1
2	226147	22614.6	6
2	226163	22616.2	1
2	226193	22619.2	7
2	226217	22621.6	5
2	226223	22622.2	2
2	226417	22641.6	4
2	226485	22648.4	9
2	226489	22648.8	2
2	226613	22661.2	14
2	226625	22662.4	8
2	226685	22668.4	1
2	226699	22669.8	6
2	226735	22673.4	8
2	226801	22680	1
2	226911	22691	3
2	227259	22725.8	1
2	227293	22729.2	1
2	227295	22729.4	1
2	227335	22733.4	2
2	227359	22735.8	1
2	227365	22736.4	4
2	227459	22745.8	1
2	227467	22746.6	1
2	227613	22761.2	16
2	227719	22771.8	1
2	227771	22777	1
2	227791	22779	6
2	227799	22779.8	2
2	227847	22784.6	1
2	227887	22788.6	3
2	227979	22797.8	6
2	228021	22802	1
2	228041	22804	18
2	228051	22805	2
2	228105	22810.4	8
2	228115	22811.4	1
2	228151	22815	1
2	228161	22816	6
2	228193	22819.2	11
2	228265	22826.4	2
2	228303	22830.2	5
2	228307	22830.6	3
2	228323	22832.2	1
2	228419	22841.8	10
2	228429	22842.8	1
2	228503	22850.2	1
2	228767	22876.6	12
2	228779	22877.8	2
2	228861	22886	1
2	228969	22896.8	6
2	229039	22903.8	2
2	229091	22909	9
2	229209	22920.8	1
2	229373	22937.2	2
2	229387	22938.6	1
2	229399	22939.8	8
2	229405	22940.4	3
2	229499	22949.8	1
2	229565	22956.4	10
2	229603	22960.2	11
2	229605	22960.4	1
2	229709	22970.8	2
2	229719	22971.8	1
2	229731	22973	1
2	229825	22982.4	1
2	229907	22990.6	4
2	230027	23002.6	4
2	230075	23007.4	4
2	230095	23009.4	1
2	230179	23017.8	1
2	230209	23020.8	1
2	230347	23034.6	1
2	230361	23036	1
2	230463	23046.2	1
2	230507	23050.6	1
2	230605	23060.4	2
2	230745	23074.4	10
2	230767	23076.6	1
2	230855	23085.4	1
2	230869	23086.8	7
2	231025	23102.4	1
2	231111	23111	8
2	231147	23114.6	2
2	231193	23119.2	9
2	231195	23119.4	1
2	231359	23135.8	1
2	231383	23138.2	1
2	231435	23143.4	7
2	231499	23149.8	1
2	231517	23151.6	1
2	231599	23159.8	6
2	231657	23165.6	2
2	231709	23170.8	1
2	231865	23186.4	20
2	231883	23188.2	1
2	232067	23206.6	1
2	232141	23214	6
2	232161	23216	1
2	232211	23221	2
2	232247	23224.6	10
2	232261	23226	1
2	232279	23227.8	1
2	232365	23236.4	1
2	232487	23248.6	1
2	232549	23254.8	1
2	232553	23255.2	1
2	232571	23257	1
2	232619	23261.8	6
2	232769	23276.8	2
2	232783	23278.2	1
2	232831	23283	1
2	232949	23294.8	1
2	233107	23310.6	1
2	233123	23312.2	5
2	233317	23331.6	1
2	233453	23345.2	1
2	233457	23345.6	1
2	233483	23348.2	1
2	233529	23352.8	1
2	233543	23354.2	8
2	233569	23356.8	14
2	233593	23359.2	15
2	233613	23361.2	1
2	233621	23362	1
2	233665	23366.4	11
2	233687	23368.6	4
2	233689	23368.8	1
2	233731	23373	2
2	233823	23382.2	1
2	233871	23387	3
2	233891	23389	3
2	233999	23399.8	8
2	234001	23400	1
2	234093	23409.2	1
2	234105	23410.4	1
2	234113	23411.2	5
2	234243	23424.2	1
2	234285	23428.4	1
2	234315	23431.4	7
2	234341	23434	4
2	234351	23435	5
2	234663	23466.2	1
2	234805	23480.4	11
2	234885	23488.4	1
2	234967	23496.6	1
2	234987	23498.6	8
2	234999	23499.8	9
2	235003	23500.2	3
2	235075	23507.4	24
2	235155	23515.4	4
2	235175	23517.4	14
2	235179	23517.8	1
2	235193	23519.2	6
2	235227	23522.6	1
2	235297	23529.6	1
2	235333	23533.2	1
2	235347	23534.6	1
2	235403	23540.2	10
2	235431	23543	2
2	235561	23556	6
2	235591	23559	12
2	235617	23561.6	1
2	235683	23568.2	2
2	235725	23572.4	1
2	235831	23583	12
2	235921	23592	1
2	236045	23604.4	3
2	236065	23606.4	14
2	236093	23609.2	2
2	236185	23618.4	2
2	236253	23625.2	8
2	236339	23633.8	6
2	236369	23636.8	9
2	236429	23642.8	4
2	236437	23643.6	1
2	236613	23661.2	2
2	236621	23662	1
2	236691	23669	1
2	236705	23670.4	1
2	236719	23671.8	2
2	236885	23688.4	2
2	236953	23695.2	1
2	237069	23706.8	12
2	237119	23711.8	1
2	237121	23712	1
2	237221	23722	6
2	237233	23723.2	10
2	237301	23730	2
2	237353	23735.2	2
2	237383	23738.2	1
2	237405	23740.4	1
2	237567	23756.6	6
2	237751	23775	16
2	237851	23785	3
2	237935	23793.4	1
2	237967	23796.6	1
2	237979	23797.8	9
2	238049	23804.8	2
2	238185	23818.4	13
2	238197	23819.6	1
2	238401	23840	2
2	238535	23853.4	12
2	238591	23859	9
2	238593	23859.2	1
2	238713	23871.2	7
2	238719	23871.8	5
2	238857	23885.6	1
2	238927	23892.6	2
2	238977	23897.6	1
2	239009	23900.8	1
2	239065	23906.4	6
2	239127	23912.6	1
2	239145	23914.4	6
2	239255	23925.4	1
2	239273	23927.2	17
2	239403	23940.2	12
2	239465	23946.4	1
2	239485	23948.4	4
2	239489	23948.8	1
2	239595	23959.4	1
2	239665	23966.4	1
2	239701	23970	1
2	239767	23976.6	1
2	239795	23979.4	1
2	239829	23982.8	8
2	240033	24003.2	2
2	240181	24018	1
2	240211	24021	2
2	240275	24027.4	2
2	240309	24030.8	1
2	240449	24044.8	1
2	240583	24058.2	1
2	240607	24060.6	1
2	240617	24061.6	4
2	240751	24075	1
2	240763	24076.2	1
2	240791	24079	1
2	240843	24084.2	22
2	241035	24103.4	10
2	241037	24103.6	1
2	241093	24109.2	5
2	241183	24118.2	1
2	241297	24129.6	4
2	241343	24134.2	1
2	241421	24142	1
2	241429	24142.8	2
2	241501	24150	8
2	241515	24151.4	1
2	241705	24170.4	7
2	241717	24171.6	5
2	241731	24173	4
2	241765	24176.4	1
2	241785	24178.4	16
2	241817	24181.6	8
2	241915	24191.4	8
2	241979	24197.8	3
2	242041	24204	2
2	242101	24210	2
2	242151	24215	4
2	242175	24217.4	1
2	242199	24219.8	4
2	242365	24236.4	3
2	242513	24251.2	13
2	242545	24254.4	6
2	242605	24260.4	1
2	242665	24266.4	1
2	242667	24266.6	1
2	242677	24267.6	2
2	242687	24268.6	6
2	242701	24270	1
2	242829	24282.8	6
2	242905	24290.4	1
2	242923	24292.2	1
2	243041	24304	2
2	243051	24305	1
2	243053	24305.2	1
2	243093	24309.2	1
2	243105	24310.4	11
2	243197	24319.6	1
2	243219	24321.8	6
2	243243	24324.2	12
2	243259	24325.8	1
2	243417	24341.6	1
2	243437	24343.6	19
2	243491	24349	16
2	243541	24354	1
2	243593	24359.2	10
2	243601	24360	3
2	243803	24380.2	1
2	243809	24380.8	1
2	243813	24381.2	1
2	243861	24386	3
2	243895	24389.4	1
2	243995	24399.4	1
2	244005	24400.4	8
2	244015	24401.4	4
2	244027	24402.6	1
2	244213	24421.2	1
2	244267	24426.6	19
2	244299	24429.8	1
2	244357	24435.6	4
2	244359	24435.8	1
2	244375	24437.4	11
2	244391	24439	6
2	244437	24443.6	1
2	244573	24457.2	6
2	244585	24458.4	1
2	244621	24462	1
2	244639	24463.8	2
2	244683	24468.2	1
2	244821	24482	1
2	244843	24484.2	10
2	244889	24488.8	3
2	244935	24493.4	8
2	244941	24494	1
2	244947	24494.6	2
2	244949	24494.8	1
2	245013	24501.2	2
2	245021	24502	1
2	245133	24513.2	1
2	245157	24515.6	1
2	245161	24516	1
2	245179	24517.8	2
2	245195	24519.4	2
2	245295	24529.4	16
2	245345	24534.4	14
2	245441	24544	4
2	245593	24559.2	13
2	245599	24559.8	2
2	245677	24567.6	6
2	245719	24571.8	12
2	245787	24578.6	1
2	245851	24585	1
2	245853	24585.2	1
2	245923	24592.2	1
2	245945	24594.4	2
2	245995	24599.4	1
2	246075	24607.4	1
2	246087	24608.6	6
2	246091	24609	3
2	246111	24611	1
2	246137	24613.6	1
2	246181	24618	2
2	246197	24619.6	7
2	246383	24638.2	12
2	246403	24640.2	1
2	246409	24640.8	1
2	246503	24650.2	6
2	246549	24654.8	2
2	246595	24659.4	2
2	246637	24663.6	1
2	246691	24669	1
2	246871	24687	1
2	246873	24687.2	1
2	246931	24693	1
2	247063	24706.2	1
2	247225	24722.4	1
2	247265	24726.4	1
2	247347	24734.6	8
2	247361	24736	1
2	247435	24743.4	4
2	247475	24747.4	1
2	247533	24753.2	1
2	247605	24760.4	1
2	247609	24760.8	1
2	247659	24765.8	1
2	247679	24767.8	13
2	247773	24777.2	2
2	247779	24777.8	2
2	247785	24778.4	2
2	247797	24779.6	7
2	247879	24787.8	8
2	247905	24790.4	1
2	247925	24792.4	2
2	247957	24795.6	12
2	247967	24796.6	1
2	248001	24800	1
2	248071	24807	3
2	248111	24811	10
2	248145	24814.4	1
2	248215	24821.4	4
2	248243	24824.2	1
2	248259	24825.8	9
2	248283	24828.2	1
2	248317	24831.6	1
2	248349	24834.8	8
2	248431	24843	6
2	248487	24848.6	1
2	248579	24857.8	16
2	248591	24859	1
2	248631	24863	1
2	248683	24868.2	3
2	248733	24873.2	4
2	248749	24874.8	8
2	248825	24882.4	12
2	248831	24883	2
2	248839	24883.8	2
2	248919	24891.8	1
2	248961	24896	2
2	248977	24897.6	6
2	248983	24898.2	1
2	248999	24899.8	9
2	249003	24900.2	1
2	249273	24927.2	6
2	249357	24935.6	2
2	249393	24939.2	1
2	249407	24940.6	1
2	249453	24945.2	8
2	249743	24974.2	1
2	249757	24975.6	7
2	249841	24984	1
2	249905	24990.4	2
2	250131	25013	4
2	250193	25019.2	5
2	250219	25021.8	1
2	250273	25027.2	1
2	250279	25027.8	1
2	250423	25042.2	1
2	250541	25054	1
2	250591	25059	1
2	250643	25064.2	8
2	250781	25078	9
2	250911	25091	3
2	250935	25093.4	1
2	251081	25108	5
2	251159	25115.8	18
2	251181	25118	1
2	251237	25123.6	1
2	251271	25127	1
2	251353	25135.2	1
2	251371	25137	10
2	251429	25142.8	27
2	251455	25145.4	2
2	251627	25162.6	6
2	251771	25177	8
2	251781	25178	1
2	251833	25183.2	6
2	251835	25183.4	1
2	251881	25188	7
2	252033	25203.2	6
2	252103	25210.2	11
2	252199	25219.8	1
2	252201	25220	1
2	252207	25220.6	3
2	252215	25221.4	1
2	252233	25223.2	1
2	252383	25238.2	1
2	252435	25243.4	1
2	252605	25260.4	1
2	252631	25263	1
2	252715	25271.4	1
2	252753	25275.2	10
2	252765	25276.4	1
2	252767	25276.6	1
2	252791	25279	8
2	252829	25282.8	10
2	252861	25286	2
2	252917	25291.6	1
2	252961	25296	1
2	252987	25298.6	1
2	253017	25301.6	10
2	253099	25309.8	4
2	253185	25318.4	1
2	253305	25330.4	4
2	253315	25331.4	4
2	253617	25361.6	2
2	253627	25362.6	6
2	253693	25369.2	8
2	253715	25371.4	1
2	253775	25377.4	1
2	253829	25382.8	5
2	253839	25383.8	1
2	253841	25384	1
2	253851	25385	3
2	253859	25385.8	6
2	253879	25387.8	1
2	254169	25416.8	1
2	254203	25420.2	2
2	254205	25420.4	1
2	254221	25422	1
2	254225	25422.4	1
2	254257	25425.6	1
2	254327	25432.6	9
2	254381	25438	11
2	254557	25455.6	7
2	254639	25463.8	2
2	254667	25466.6	1
2	254715	25471.4	1
2	254723	25472.2	2
2	254745	25474.4	6
2	254771	25477	1
2	254901	25490	2
2	255021	25502	1
2	255045	25504.4	7
2	255055	25505.4	1
2	255091	25509	1
2	255225	25522.4	1
2	255283	25528.2	8
2	255345	25534.4	1
2	255455	25545.4	1
2	255531	25553	1
2	255537	25553.6	2
2	255541	25554	2
2	255557	25555.6	1
2	255567	25556.6	2
2	255641	25564	7
2	255651	25565	2
2	255699	25569.8	5
2	255719	25571.8	9
2	255819	25581.8	2
2	255983	25598.2	1
2	256161	25616	4
2	256177	25617.6	2
2	256203	25620.2	6
2	256261	25626	1
2	256333	25633.2	1
2	256375	25637.4	1
2	256385	25638.4	5
2	256395	25639.4	1
2	256415	25641.4	1
2	256573	25657.2	6
2	256599	25659.8	1
2	256607	25660.6	1
2	256839	25683.8	1
2	256859	25685.8	6
2	256921	25692	19
2	256925	25692.4	1
2	256957	25695.6	1
2	256961	25696	1
2	257051	25705	1
2	257091	25709	1
2	257101	25710	1
2	257117	25711.6	6
2	257129	25712.8	4
2	257143	25714.2	1
2	257177	25717.6	1
2	257213	25721.2	1
2	257265	25726.4	4
2	257407	25740.6	1
2	257549	25754.8	6
2	257557	25755.6	1
2	257609	25760.8	10
2	257639	25763.8	1
2	257699	25769.8	2
2	257845	25784.4	2
2	257893	25789.2	6
2	257911	25791	2
2	257951	25795	6
2	258191	25819	1
2	258357	25835.6	1
2	258393	25839.2	2
2	258477	25847.6	12
2	258505	25850.4	1
2	258577	25857.6	20
2	258585	25858.4	7
2	258655	25865.4	1
2	258695	25869.4	8
2	258723	25872.2	24
2	258783	25878.2	1
2	258805	25880.4	1
2	258819	25881.8	1
2	258859	25885.8	4
2	258877	25887.6	1
2	258897	25889.6	2
2	258943	25894.2	2
2	258953	25895.2	4
2	259039	25903.8	1
2	259109	25910.8	1
2	259111	25911	1
2	259119	25911.8	1
2	259131	25913	2
2	259167	25916.6	1
2	259173	25917.2	3
2	259207	25920.6	2
2	259311	25931	1
2	259369	25936.8	1
2	259407	25940.6	3
2	259427	25942.6	1
2	259473	25947.2	2
2	259553	25955.2	17
2	259619	25961.8	1
2	259641	25964	4
2	259709	25970.8	1
2	259821	25982	1
2	259837	25983.6	3
2	259845	25984.4	1
2	259877	25987.6	4
2	259883	25988.2	4
2	259907	25990.6	1
2	259961	25996	2
2	260101	26010	22
2	260195	26019.4	8
2	260197	26019.6	1
2	260281	26028	1
2	260307	26030.6	1
2	260315	26031.4	2
2	260393	26039.2	1
2	260453	26045.2	1
2	260503	26050.2	1
2	260513	26051.2	1
2	260539	26053.8	1
2	260657	26065.6	1
2	260669	26066.8	2
2	260701	26070	12
2	260707	26070.6	1
2	260711	26071	1
2	260731	26073	5
2	260759	26075.8	1
2	260773	26077.2	1
2	260837	26083.6	1
2	261059	26105.8	1
2	261159	26115.8	1
2	261219	26121.8	8
2	261297	26129.6	1
2	261407	26140.6	12
2	261427	26142.6	8
2	261455	26145.4	12
2	261513	26151.2	14
2	261719	26171.8	1
2	261781	26178	1
2	261797	26179.6	1
2	261815	26181.4	1
2	261817	26181.6	1
2	261965	26196.4	1
2	261969	26196.8	1
2	261983	26198.2	1
2	262087	26208.6	2
2	262131	26213	4
2	262145	26214.4	8
2	262159	26215.8	4
2	262213	26221.2	4
2	262427	26242.6	1
2	262551	26255	28
2	262619	26261.8	1
2	262725	26272.4	2
2	262831	26283	14
2	262947	26294.6	7
2	263199	26319.8	1
2	263259	26325.8	1
2	263311	26331	1
2	263321	26332	6
2	263367	26336.6	2
2	263383	26338.2	2
2	263425	26342.4	1
2	263493	26349.2	1
2	263499	26349.8	1
2	263611	26361	2
2	263613	26361.2	1
2	263657	26365.6	18
2	263713	26371.2	1
2	263715	26371.4	1
2	263721	26372	1
2	263723	26372.2	1
2	263799	26379.8	1
2	263849	26384.8	1
2	263933	26393.2	1
2	263941	26394	2
2	264073	26407.2	1
2	264135	26413.4	1
2	264179	26417.8	10
2	264191	26419	1
2	264299	26429.8	2
2	264389	26438.8	6
2	264593	26459.2	5
2	264633	26463.2	6
2	264731	26473	14
2	264815	26481.4	5
2	264973	26497.2	5
2	265045	26504.4	1
2	265063	26506.2	1
2	265263	26526.2	4
2	265287	26528.6	3
2	265341	26534	1
2	265459	26545.8	1
2	265501	26550	1
2	265535	26553.4	1
2	265645	26564.4	10
2	265777	26577.6	4
2	265835	26583.4	2
2	265911	26591	1
2	266015	26601.4	1
2	266055	26605.4	2
2	266105	26610.4	2
2	266149	26614.8	2
2	266199	26619.8	2
2	266201	26620	1
2	266223	26622.2	1
2	266239	26623.8	7
2	266249	26624.8	2
2	266269	26626.8	4
2	266281	26628	4
2	266329	26632.8	3
2	266365	26636.4	4
2	266429	26642.8	8
2	266469	26646.8	3
2	266473	26647.2	1
2	266503	26650.2	3
2	266521	26652	1
2	266553	26655.2	4
2	266591	26659	1
2	266881	26688	1
2	267007	26700.6	1
2	267073	26707.2	1
2	267111	26711	4
2	267131	26713	12
2	267199	26719.8	16
2	267221	26722	1
2	267231	26723	1
2	267301	26730	3
2	267313	26731.2	2
2	267343	26734.2	1
2	267441	26744	2
2	267455	26745.4	11
2	267469	26746.8	1
2	267479	26747.8	2
2	267517	26751.6	12
2	267579	26757.8	2
2	267591	26759	1
2	267623	26762.2	6
2	267659	26765.8	10
2	267661	26766	1
2	267751	26775	1
2	267759	26775.8	1
2	267925	26792.4	6
2	268039	26803.8	2
2	268079	26807.8	1
2	268287	26828.6	1
2	268317	26831.6	1
2	268329	26832.8	3
2	268429	26842.8	16
2	268491	26849	12
2	268569	26856.8	7
2	268713	26871.2	1
2	269123	26912.2	1
2	269211	26921	16
2	269439	26943.8	1
2	269453	26945.2	1
2	269463	26946.2	4
2	269747	26974.6	1
2	269767	26976.6	4
2	270019	27001.8	4
2	270049	27004.8	14
2	270213	27021.2	2
2	270231	27023	1
2	270273	27027.2	3
2	270375	27037.4	14
2	270377	27037.6	1
2	270409	27040.8	1
2	270461	27046	1
2	270469	27046.8	6
2	270485	27048.4	1
2	270535	27053.4	1
2	270555	27055.4	1
2	270605	27060.4	1
2	270643	27064.2	8
2	270699	27069.8	2
2	270739	27073.8	1
2	270775	27077.4	3
2	270793	27079.2	1
2	270827	27082.6	1
2	271023	27102.2	2
2	271043	27104.2	11
2	271067	27106.6	8
2	271101	27110	1
2	271239	27123.8	5
2	271287	27128.6	1
2	271331	27133	1
2	271377	27137.6	15
2	271409	27140.8	1
2	271429	27142.8	5
2	271529	27152.8	2
2	271553	27155.2	18
2	271589	27158.8	12
2	271629	27162.8	4
2	271675	27167.4	1
2	271739	27173.8	5
2	271879	27187.8	1
2	272095	27209.4	10
2	272187	27218.6	8
2	272231	27223	1
2	272271	27227	6
2	272285	27228.4	2
2	272309	27230.8	1
2	272397	27239.6	1
2	272407	27240.6	3
2	272473	27247.2	3
2	272507	27250.6	1
2	272509	27250.8	1
2	272513	27251.2	3
2	272681	27268	2
2	272951	27295	6
2	273057	27305.6	4
2	273077	27307.6	8
2	273119	27311.8	1
2	273165	27316.4	1
2	273197	27319.6	1
2	273203	27320.2	3
2	273213	27321.2	1
2	273235	27323.4	1
2	273267	27326.6	1
2	273281	27328	1
2	273403	27340.2	2
2	273479	27347.8	1
2	273565	27356.4	6
2	273595	27359.4	1
2	273649	27364.8	1
2	273727	27372.6	1
2	273739	27373.8	2
2	273743	27374.2	1
2	273773	27377.2	1
2	273849	27384.8	1
2	273857	27385.6	4
2	273903	27390.2	1
2	274019	27401.8	1
2	274071	27407	2
2	274137	27413.6	2
2	274179	27417.8	1
2	274201	27420	4
2	274281	27428	1
2	274295	27429.4	1
2	274355	27435.4	1
2	274363	27436.2	1
2	274381	27438	1
2	274397	27439.6	1
2	274503	27450.2	1
2	274517	27451.6	1
2	274535	27453.4	9
2	274579	27457.8	1
2	274611	27461	1
2	274645	27464.4	1
2	274667	27466.6	1
2	274707	27470.6	1
2	274727	27472.6	1
2	274909	27490.8	1
2	274913	27491.2	1
2	274977	27497.6	1
2	275045	27504.4	1
2	275077	27507.6	4
2	275177	27517.6	1
2	275205	27520.4	1
2	275421	27542	1
2	275479	27547.8	1
2	275567	27556.6	1
2	275587	27558.6	1
2	275625	27562.4	12
2	275759	27575.8	1
2	275795	27579.4	1
2	275901	27590	5
2	275993	27599.2	1
2	276017	27601.6	4
2	276207	27620.6	3
2	276241	27624	2
2	276329	27632.8	6
2	276391	27639	6
2	276395	27639.4	1
2	276411	27641	6
2	276465	27646.4	4
2	276473	27647.2	1
2	276483	27648.2	7
2	276485	27648.4	1
2	276547	27654.6	1
2	276671	27667	1
2	276771	27677	1
2	276841	27684	1
2	276955	27695.4	6
2	276997	27699.6	1
2	277037	27703.6	2
2	277081	27708	1
2	277133	27713.2	6
2	277155	27715.4	1
2	277201	27720	7
2	277221	27722	2
2	277345	27734.4	5
2	277375	27737.4	1
2	277393	27739.2	7
2	277463	27746.2	13
2	277489	27748.8	18
2	277513	27751.2	1
2	277575	27757.4	4
2	277593	27759.2	1
2	277639	27763.8	3
2	277679	27767.8	1
2	277697	27769.6	4
2	277833	27783.2	8
2	277851	27785	1
2	278045	27804.4	1
2	278069	27806.8	1
2	278239	27823.8	4
2	278241	27824	1
2	278279	27827.8	1
2	278289	27828.8	2
2	278297	27829.6	4
2	278385	27838.4	1
2	278471	27847	6
2	278579	27857.8	1
2	278613	27861.2	1
2	278705	27870.4	1
2	278759	27875.8	1
2	278801	27880	2
2	278909	27890.8	8
2	278977	27897.6	1
2	278999	27899.8	1
2	279053	27905.2	6
2	279067	27906.6	1
2	279089	27908.8	1
2	279121	27912	1
2	279275	27927.4	8
2	279397	27939.6	5
2	279483	27948.2	4
2	279499	27949.8	8
2	279509	27950.8	2
2	279661	27966	1
2	279673	27967.2	1
2	279683	27968.2	8
2	279701	27970	1
2	279737	27973.6	1
2	279751	27975	2
2	279789	27978.8	1
2	279809	27980.8	1
2	279849	27984.8	2
2	279887	27988.6	14
2	279945	27994.4	1
2	279989	27998.8	1
2	280013	28001.2	1
2	280063	28006.2	2
2	280077	28007.6	1
2	280151	28015	1
2	280185	28018.4	4
2	280233	28023.2	1
2	280479	28047.8	1
2	280497	28049.6	6
2	280507	28050.6	1
2	280517	28051.6	4
2	280543	28054.2	2
2	280561	28056	2
2	280563	28056.2	1
2	280581	28058	6
2	280631	28063	1
2	280755	28075.4	1
2	280765	28076.4	7
2	280795	28079.4	2
2	280821	28082	2
2	280843	28084.2	3
2	280851	28085	4
2	280855	28085.4	1
2	281005	28100.4	1
2	281065	28106.4	1
2	281083	28108.2	4
2	281157	28115.6	10
2	281189	28118.8	1
2	281203	28120.2	1
2	281341	28134	1
2	281347	28134.6	1
2	281559	28155.8	1
2	281569	28156.8	4
2	281599	28159.8	1
2	281615	28161.4	3
2	281647	28164.6	1
2	281811	28181	1
2	281815	28181.4	1
2	281915	28191.4	7
2	281991	28199	6
2	282055	28205.4	4
2	282063	28206.2	1
2	282243	28224.2	1
2	282245	28224.4	1
2	282315	28231.4	2
2	282369	28236.8	10
2	282433	28243.2	8
2	282485	28248.4	5
2	282557	28255.6	2
2	282655	28265.4	10
2	282733	28273.2	2
2	282793	28279.2	2
2	282833	28283.2	6
2	282853	28285.2	11
2	282883	28288.2	6
2	282885	28288.4	1
2	282971	28297	8
2	283235	28323.4	1
2	283279	28327.8	1
2	283295	28329.4	9
2	283327	28332.6	2
2	283421	28342	6
2	283493	28349.2	3
2	283599	28359.8	1
2	283619	28361.8	6
2	283663	28366.2	1
2	283729	28372.8	4
2	283811	28381	1
2	283833	28383.2	2
2	283893	28389.2	1
2	283991	28399	8
2	284079	28407.8	7
2	284119	28411.8	2
2	284139	28413.8	10
2	284199	28419.8	2
2	284211	28421	8
2	284283	28428.2	4
2	284315	28431.4	4
2	284367	28436.6	5
2	284411	28441	1
2	284423	28442.2	1
2	284443	28444.2	1
2	284525	28452.4	1
2	284595	28459.4	6
2	284623	28462.2	14
2	284633	28463.2	4
2	284645	28464.4	6
2	284777	28477.6	18
2	284925	28492.4	1
2	284953	28495.2	1
2	284969	28496.8	8
2	285059	28505.8	2
2	285207	28520.6	3
2	285267	28526.6	1
2	285343	28534.2	1
2	285371	28537	9
2	285697	28569.6	1
2	285797	28579.6	1
2	285823	28582.2	12
2	285917	28591.6	6
2	286003	28600.2	1
2	286075	28607.4	1
2	286239	28623.8	1
2	286333	28633.2	1
2	286347	28634.6	6
2	286429	28642.8	6
2	286581	28658	3
2	286589	28658.8	1
2	286669	28666.8	1
2	286703	28670.2	1
2	286733	28673.2	4
2	286735	28673.4	1
2	287011	28701	15
2	287143	28714.2	19
2	287195	28719.4	1
2	287221	28722	12
2	287285	28728.4	1
2	287345	28734.4	6
2	287555	28755.4	1
2	287701	28770	2
2	287775	28777.4	38
2	287991	28799	1
2	288307	28830.6	1
2	288337	28833.6	8
2	288341	28834	1
2	288545	28854.4	4
2	288645	28864.4	3
2	288699	28869.8	1
2	288763	28876.2	5
2	288811	28881	2
2	288829	28882.8	2
2	289083	28908.2	4
2	289207	28920.6	16
2	289249	28924.8	3
2	289265	28926.4	8
2	289267	28926.6	1
2	289289	28928.8	1
2	289301	28930	2
2	289347	28934.6	1
2	289359	28935.8	1
2	289435	28943.4	1
2	289507	28950.6	1
2	289511	28951	2
2	289539	28953.8	12
2	289573	28957.2	14
2	289639	28963.8	1
2	289695	28969.4	1
2	289785	28978.4	8
2	289933	28993.2	4
2	289967	28996.6	6
2	290015	29001.4	3
2	290047	29004.6	1
2	290141	29014	1
2	290219	29021.8	1
2	290257	29025.6	1
2	290405	29040.4	12
2	290475	29047.4	1
2	290621	29062	1
2	290665	29066.4	1
2	290723	29072.2	11
2	290769	29076.8	1
2	290803	29080.2	22
2	290945	29094.4	1
2	290969	29096.8	3
2	291023	29102.2	2
2	291031	29103	6
2	291069	29106.8	1
2	291079	29107.8	8
2	291081	29108	1
2	291093	29109.2	2
2	291197	29119.6	1
2	291253	29125.2	1
2	291263	29126.2	3
2	291273	29127.2	2
2	291291	29129	1
2	291357	29135.6	2
2	291383	29138.2	8
2	291443	29144.2	1
2	291563	29156.2	1
2	291581	29158	1
2	291619	29161.8	1
2	291625	29162.4	5
2	291699	29169.8	1
2	291791	29179	6
2	291831	29183	16
2	291931	29193	22
2	291975	29197.4	1
2	291979	29197.8	2
2	292023	29202.2	6
2	292047	29204.6	2
2	292061	29206	2
2	292073	29207.2	2
2	292193	29219.2	1
2	292201	29220	1
2	292401	29240	1
2	292439	29243.8	1
2	292453	29245.2	3
2	292619	29261.8	2
2	292697	29269.6	1
2	292705	29270.4	1
2	292787	29278.6	4
2	292805	29280.4	2
2	292827	29282.6	12
2	292853	29285.2	4
2	292973	29297.2	1
2	293023	29302.2	1
2	293083	29308.2	20
2	293353	29335.2	4
2	293507	29350.6	1
2	293581	29358	4
2	293659	29365.8	1
2	293923	29392.2	2
2	294099	29409.8	14
2	294183	29418.2	1
2	294309	29430.8	1
2	294355	29435.4	2
2	294365	29436.4	5
2	294517	29451.6	2
2	294533	29453.2	1
2	294713	29471.2	4
2	294743	29474.2	1
2	294757	29475.6	4
2	294863	29486.2	1
2	294877	29487.6	2
2	294891	29489	8
2	294921	29492	12
2	294935	29493.4	10
2	295003	29500.2	1
2	295025	29502.4	1
2	295169	29516.8	1
2	295237	29523.6	1
2	295255	29525.4	11
2	295297	29529.6	1
2	295397	29539.6	2
2	295441	29544	1
2	295451	29545	1
2	295479	29547.8	2
2	295483	29548.2	1
2	295507	29550.6	2
2	295517	29551.6	3
2	295651	29565	5
2	295725	29572.4	2
2	295741	29574	10
2	295779	29577.8	2
2	295799	29579.8	1
2	295811	29581	8
2	295829	29582.8	2
2	295835	29583.4	2
2	295847	29584.6	2
2	295923	29592.2	4
2	296121	29612	1
2	296151	29615	1
2	296255	29625.4	2
2	296493	29649.2	1
2	296507	29650.6	7
2	296577	29657.6	10
2	296597	29659.6	1
2	296617	29661.6	1
2	296639	29663.8	2
2	296693	29669.2	10
2	296795	29679.4	11
2	296821	29682	20
2	296837	29683.6	1
2	296925	29692.4	1
2	296989	29698.8	1
2	297103	29710.2	14
2	297233	29723.2	6
2	297251	29725	1
2	297279	29727.8	1
2	297379	29737.8	6
2	297415	29741.4	1
2	297435	29743.4	1
2	297471	29747	1
2	297493	29749.2	3
2	297559	29755.8	3
2	297581	29758	4
2	297599	29759.8	1
2	297683	29768.2	8
2	297729	29772.8	1
2	297739	29773.8	5
2	297745	29774.4	5
2	297799	29779.8	8
2	297823	29782.2	1
2	297901	29790	8
2	297973	29797.2	1
2	298017	29801.6	2
2	298025	29802.4	6
2	298035	29803.4	7
2	298055	29805.4	4
2	298087	29808.6	1
2	298091	29809	1
2	298151	29815	1
2	298291	29829	10
2	298375	29837.4	1
2	298415	29841.4	8
2	298425	29842.4	1
2	298475	29847.4	7
2	298509	29850.8	2
2	298535	29853.4	2
2	298559	29855.8	1
2	298721	29872	18
2	298877	29887.6	1
2	298893	29889.2	8
2	298979	29897.8	1
2	299021	29902	1
2	299059	29905.8	1
2	299159	29915.8	1
2	299165	29916.4	2
2	299209	29920.8	1
2	299289	29928.8	7
2	299293	29929.2	2
2	299389	29938.8	10
2	299415	29941.4	2
2	299427	29942.6	1
2	299443	29944.2	1
2	299465	29946.4	1
2	299547	29954.6	6
2	299561	29956	6
2	299607	29960.6	10
2	299659	29965.8	16
2	299713	29971.2	4
2	299747	29974.6	4
2	299749	29974.8	1
2	299785	29978.4	2
2	299823	29982.2	1
2	299869	29986.8	2
2	299871	29987	1
2	299921	29992	2
2	300163	30016.2	4
2	300257	30025.6	2
2	300285	30028.4	1
2	300315	30031.4	1
2	300333	30033.2	1
2	300397	30039.6	1
2	300413	30041.2	1
2	300495	30049.4	1
2	300553	30055.2	1
2	300633	30063.2	8
2	300765	30076.4	9
2	300777	30077.6	2
2	300789	30078.8	1
2	300913	30091.2	26
2	300973	30097.2	8
2	300979	30097.8	2
2	300993	30099.2	2
2	301053	30105.2	2
2	301079	30107.8	2
2	301127	30112.6	8
2	301263	30126.2	3
2	301289	30128.8	1
2	301291	30129	1
2	301357	30135.6	4
2	301515	30151.4	4
2	301639	30163.8	1
2	301745	30174.4	1
2	301783	30178.2	1
2	301899	30189.8	9
2	301933	30193.2	8
2	302169	30216.8	8
2	302181	30218	1
2	302183	30218.2	1
2	302191	30219	3
2	302263	30226.2	1
2	302333	30233.2	6
2	302339	30233.8	1
2	302405	30240.4	7
2	302427	30242.6	1
2	302445	30244.4	1
2	302471	30247	21
2	302521	30252	1
2	302573	30257.2	4
2	302671	30267	6
2	302711	30271	2
2	302779	30277.8	1
2	302793	30279.2	4
2	302799	30279.8	5
2	302871	30287	1
2	302919	30291.8	2
2	302943	30294.2	1
2	303011	30301	1
2	303025	30302.4	4
2	303067	30306.6	8
2	303097	30309.6	1
2	303169	30316.8	1
2	303259	30325.8	2
2	303337	30333.6	4
2	303423	30342.2	1
2	303437	30343.6	6
2	303493	30349.2	4
2	303515	30351.4	1
2	303681	30368	10
2	303789	30378.8	10
2	303805	30380.4	4
2	303813	30381.2	2
2	303817	30381.6	2
2	303879	30387.8	1
2	303919	30391.8	4
2	304005	30400.4	3
2	304043	30404.2	2
2	304139	30413.8	3
2	304239	30423.8	1
2	304297	30429.6	2
2	304305	30430.4	1
2	304341	30434	18
2	304373	30437.2	1
2	304481	30448	2
2	304625	30462.4	1
2	304687	30468.6	1
2	304711	30471	6
2	304799	30479.8	12
2	304823	30482.2	3
2	304841	30484	1
2	304865	30486.4	8
2	304949	30494.8	2
2	304955	30495.4	2
2	305001	30500	10
2	305093	30509.2	1
2	305175	30517.4	1
2	305213	30521.2	1
2	305265	30526.4	3
2	305367	30536.6	1
2	305431	30543	4
2	305473	30547.2	2
2	305617	30561.6	1
2	305711	30571	1
2	305777	30577.6	1
2	305825	30582.4	2
2	305871	30587	1
2	305993	30599.2	14
2	306089	30608.8	10
2	306117	30611.6	5
2	306141	30614	2
2	306163	30616.2	1
2	306185	30618.4	1
2	306191	30619	5
2	306251	30625	18
2	306361	30636	1
2	306401	30640	1
2	306421	30642	3
2	306455	30645.4	6
2	306479	30647.8	16
2	306523	30652.2	10
2	306635	30663.4	1
2	306701	30670	1
2	306819	30681.8	16
2	306823	30682.2	1
2	306867	30686.6	9
2	306947	30694.6	4
2	306961	30696	7
2	307051	30705	1
2	307153	30715.2	4
2	307207	30720.6	1
2	307265	30726.4	2
2	307289	30728.8	11
2	307485	30748.4	1
2	307489	30748.8	1
2	307545	30754.4	1
2	307723	30772.2	1
2	307743	30774.2	3
2	307817	30781.6	10
2	308027	30802.6	2
2	308061	30806	1
2	308067	30806.6	1
2	308133	30813.2	3
2	308179	30817.8	1
2	308209	30820.8	6
2	308291	30829	1
2	308345	30834.4	1
2	308373	30837.2	8
2	308395	30839.4	2
2	308397	30839.6	1
2	308413	30841.2	4
2	308451	30845	6
2	308481	30848	2
2	308577	30857.6	1
2	308773	30877.2	2
2	308967	30896.6	18
2	309013	30901.2	1
2	309211	30921	1
2	309249	30924.8	1
2	309255	30925.4	1
2	309369	30936.8	2
2	309381	30938	8
2	309389	30938.8	2
2	309471	30947	2
2	309585	30958.4	9
2	309595	30959.4	5
2	309609	30960.8	2
2	309625	30962.4	1
2	309643	30964.2	3
2	309717	30971.6	1
2	309719	30971.8	1
2	309733	30973.2	1
2	309755	30975.4	4
2	309837	30983.6	9
2	309887	30988.6	6
2	309935	30993.4	1
2	309949	30994.8	1
2	309955	30995.4	1
2	310107	31010.6	16
2	310147	31014.6	4
2	310215	31021.4	12
2	310245	31024.4	1
2	310303	31030.2	2
2	310363	31036.2	6
2	310395	31039.4	1
2	310405	31040.4	2
2	310407	31040.6	1
2	310421	31042	11
2	310425	31042.4	3
2	310433	31043.2	1
2	310477	31047.6	1
2	310555	31055.4	1
2	310677	31067.6	4
2	310783	31078.2	2
2	310811	31081	1
2	310855	31085.4	29
2	310867	31086.6	2
2	310931	31093	1
2	311125	31112.4	1
2	311167	31116.6	3
2	311357	31135.6	1
2	311425	31142.4	1
2	311437	31143.6	2
2	311593	31159.2	1
2	311659	31165.8	5
2	311671	31167	1
2	311681	31168	2
2	311781	31178	8
2	311817	31181.6	3
2	312047	31204.6	1
2	312069	31206.8	1
2	312243	31224.2	12
2	312255	31225.4	7
2	312259	31225.8	1
2	312289	31228.8	2
2	312367	31236.6	1
2	312381	31238	1
2	312441	31244	1
2	312563	31256.2	8
2	312595	31259.4	1
2	312615	31261.4	1
2	312681	31268	1
2	312731	31273	3
2	312801	31280	9
2	312819	31281.8	3
2	312827	31282.6	1
2	312979	31297.8	4
2	313187	31318.6	1
2	313239	31323.8	1
2	313259	31325.8	1
2	313331	31333	1
2	313413	31341.2	1
2	313471	31347	1
2	313479	31347.8	6
2	313527	31352.6	6
2	313569	31356.8	1
2	313657	31365.6	7
2	313677	31367.6	10
2	313711	31371	1
2	313891	31389	3
2	313993	31399.2	11
2	314063	31406.2	1
2	314113	31411.2	1
2	314161	31416	16
2	314317	31431.6	1
2	314361	31436	1
2	314375	31437.4	8
2	314503	31450.2	1
2	314563	31456.2	5
2	314675	31467.4	2
2	314757	31475.6	2
2	314845	31484.4	5
2	314855	31485.4	6
2	314877	31487.6	1
2	314897	31489.6	7
2	314911	31491	6
2	314913	31491.2	1
2	315109	31510.8	2
2	315189	31518.8	4
2	315335	31533.4	4
2	315493	31549.2	5
2	315507	31550.6	4
2	315511	31551	1
2	315523	31552.2	4
2	315605	31560.4	1
2	315669	31566.8	4
2	315677	31567.6	1
2	315701	31570	5
2	315837	31583.6	2
2	315867	31586.6	14
2	315913	31591.2	22
2	315955	31595.4	7
2	315967	31596.6	6
2	315977	31597.6	2
2	316107	31610.6	4
2	316269	31626.8	1
2	316307	31630.6	4
2	316369	31636.8	1
2	316419	31641.8	1
2	316425	31642.4	2
2	316721	31672	2
2	316763	31676.2	1
2	316845	31684.4	10
2	316901	31690	1
2	316903	31690.2	1
2	316911	31691	2
2	316941	31694	20
2	317059	31705.8	1
2	317069	31706.8	1
2	317087	31708.6	2
2	317185	31718.4	8
2	317343	31734.2	6
2	317387	31738.6	1
2	317403	31740.2	2
2	317541	31754	4
2	317567	31756.6	7
2	317611	31761	8
2	317623	31762.2	1
2	317677	31767.6	1
2	317683	31768.2	2
2	317755	31775.4	1
2	317825	31782.4	2
2	317907	31790.6	1
2	317977	31797.6	5
2	317985	31798.4	6
2	317987	31798.6	1
2	318019	31801.8	1
2	318159	31815.8	4
2	318179	31817.8	2
2	318211	31821	5
2	318217	31821.6	4
2	318247	31824.6	2
2	318273	31827.2	10
2	318387	31838.6	2
2	318449	31844.8	2
2	318455	31845.4	1
2	318565	31856.4	2
2	318567	31856.6	1
2	318583	31858.2	4
2	318585	31858.4	1
2	318629	31862.8	1
2	318689	31868.8	1
2	318737	31873.6	4
2	318753	31875.2	1
2	318965	31896.4	7
2	318975	31897.4	8
2	319015	31901.4	1
2	319029	31902.8	2
2	319107	31910.6	6
2	319265	31926.4	1
2	319371	31937	1
2	319393	31939.2	1
2	319429	31942.8	1
2	319515	31951.4	3
2	319549	31954.8	6
2	319633	31963.2	22
2	319671	31967	1
2	319697	31969.6	2
2	319733	31973.2	10
2	319745	31974.4	5
2	319833	31983.2	2
2	319873	31987.2	26
2	319943	31994.2	1
2	320013	32001.2	4
2	320081	32008	1
2	320153	32015.2	9
2	320231	32023	1
2	320335	32033.4	1
2	320379	32037.8	1
2	320413	32041.2	2
2	320531	32053	8
2	320553	32055.2	1
2	320625	32062.4	3
2	320627	32062.6	1
2	320691	32069	1
2	320743	32074.2	2
2	320783	32078.2	10
2	320839	32083.8	5
2	320863	32086.2	1
2	320893	32089.2	4
2	320901	32090	1
2	320931	32093	1
2	320939	32093.8	2
2	320957	32095.6	6
2	320991	32099	1
2	321055	32105.4	6
2	321085	32108.4	1
2	321219	32121.8	7
2	321221	32122	1
2	321339	32133.8	2
2	321407	32140.6	4
2	321417	32141.6	1
2	321443	32144.2	2
2	321659	32165.8	3
2	321801	32180	1
2	321851	32185	1
2	321955	32195.4	1
2	321961	32196	2
2	322011	32201	16
2	322025	32202.4	11
2	322071	32207	2
2	322089	32208.8	1
2	322109	32210.8	1
2	322159	32215.8	1
2	322239	32223.8	1
2	322245	32224.4	4
2	322277	32227.6	2
2	322347	32234.6	11
2	322561	32256	4
2	322577	32257.6	1
2	322633	32263.2	1
2	322737	32273.6	4
2	322797	32279.6	4
2	322803	32280.2	2
2	322809	32280.8	1
2	322841	32284	2
2	322867	32286.6	1
2	322983	32298.2	1
2	323013	32301.2	1
2	323057	32305.6	10
2	323135	32313.4	7
2	323235	32323.4	1
2	323345	32334.4	2
2	323375	32337.4	1
2	323467	32346.6	1
2	323539	32353.8	1
2	323623	32362.2	6
2	323749	32374.8	1
2	323791	32379	1
2	323913	32391.2	4
2	324009	32400.8	1
2	324073	32407.2	1
2	324081	32408	7
2	324109	32410.8	1
2	324515	32451.4	2
2	324613	32461.2	1
2	324649	32464.8	18
2	324703	32470.2	3
2	324717	32471.6	4
2	324725	32472.4	1
2	324867	32486.6	1
2	324925	32492.4	4
2	325075	32507.4	10
2	325079	32507.8	1
2	325409	32540.8	6
2	325457	32545.6	1
2	325609	32560.8	4
2	325621	32562	1
2	325723	32572.2	14
2	325735	32573.4	1
2	325799	32579.8	1
2	325883	32588.2	2
2	325889	32588.8	2
2	326041	32604	2
2	326093	32609.2	1
2	326349	32634.8	6
2	326355	32635.4	5
2	326375	32637.4	1
2	326439	32643.8	8
2	326445	32644.4	1
2	326473	32647.2	1
2	326543	32654.2	1
2	326579	32657.8	10
2	326619	32661.8	10
2	326645	32664.4	22
2	326775	32677.4	16
2	326779	32677.8	1
2	326827	32682.6	1
2	326861	32686	1
2	326899	32689.8	1
2	326933	32693.2	2
2	326949	32694.8	11
2	327067	32706.6	1
2	327091	32709	1
2	327103	32710.2	2
2	327207	32720.6	1
2	327221	32722	1
2	327267	32726.6	10
2	327303	32730.2	2
2	327347	32734.6	2
2	327375	32737.4	3
2	327377	32737.6	1
2	327423	32742.2	15
2	327449	32744.8	6
2	327459	32745.8	3
2	327475	32747.4	1
2	327549	32754.8	1
2	327617	32761.6	1
2	327657	32765.6	1
2	327699	32769.8	8
2	327775	32777.4	4
2	327919	32791.8	1
2	327931	32793	4
2	328011	32801	2
2	328067	32806.6	5
2	328079	32807.8	2
2	328087	32808.6	1
2	328127	32812.6	4
2	328161	32816	2
2	328177	32817.6	3
2	328321	32832	1
2	328341	32834	15
2	328391	32839	5
2	328403	32840.2	8
2	328421	32842	1
2	328483	32848.2	12
2	328553	32855.2	4
2	328579	32857.8	4
2	328623	32862.2	2
2	328729	32872.8	1
2	328737	32873.6	2
2	328809	32880.8	1
2	328823	32882.2	10
2	328855	32885.4	1
2	328863	32886.2	3
2	328895	32889.4	2
2	328911	32891	15
2	329123	32912.2	4
2	329129	32912.8	2
2	329147	32914.6	4
2	329167	32916.6	1
2	329171	32917	3
2	329183	32918.2	5
2	329237	32923.6	5
2	329265	32926.4	1
2	329351	32935	1
2	329385	32938.4	1
2	329543	32954.2	4
2	329591	32959	16
2	329635	32963.4	42
2	329671	32967	2
2	329681	32968	1
2	329751	32975	1
2	329775	32977.4	14
2	329895	32989.4	1
2	329953	32995.2	3
2	329957	32995.6	1
2	329987	32998.6	1
2	330061	33006	1
2	330069	33006.8	2
2	330113	33011.2	1
2	330167	33016.6	2
2	330179	33017.8	1
2	330223	33022.2	14
2	330327	33032.6	4
2	330345	33034.4	2
2	330421	33042	12
2	330437	33043.6	1
2	330483	33048.2	1
2	330707	33070.6	10
2	330727	33072.6	1
2	330739	33073.8	1
2	330763	33076.2	13
2	330819	33081.8	1
2	330821	33082	1
2	330857	33085.6	6
2	330915	33091.4	14
2	330979	33097.8	1
2	331003	33100.2	13
2	331057	33105.6	6
2	331159	33115.8	6
2	331185	33118.4	1
2	331215	33121.4	10
2	331291	33129	1
2	331311	33131	1
2	331391	33139	1
2	331417	33141.6	1
2	331521	33152	2
2	331547	33154.6	1
2	331557	33155.6	1
2	331633	33163.2	1
2	331659	33165.8	2
2	331799	33179.8	1
2	331891	33189	1
2	331909	33190.8	4
2	331923	33192.2	11
2	332035	33203.4	8
2	332055	33205.4	1
2	332079	33207.8	10
2	332133	33213.2	16
2	332239	33223.8	1
2	332241	33224	1
2	332291	33229	1
2	332411	33241	12
2	332449	33244.8	1
2	332519	33251.8	2
2	332547	33254.6	4
2	332549	33254.8	1
2	332563	33256.2	1
2	332609	33260.8	3
2	332739	33273.8	3
2	332785	33278.4	1
2	332881	33288	1
2	332903	33290.2	3
2	332917	33291.6	2
2	333079	33307.8	6
2	333217	33321.6	12
2	333283	33328.2	3
2	333289	33328.8	1
2	333309	33330.8	2
2	333333	33333.2	4
2	333371	33337	1
2	333399	33339.8	8
2	333463	33346.2	3
2	333515	33351.4	7
2	333561	33356	6
2	333563	33356.2	1
2	333633	33363.2	1
2	333653	33365.2	1
2	333687	33368.6	1
2	333705	33370.4	8
2	333877	33387.6	1
2	333949	33394.8	1
2	334015	33401.4	1
2	334065	33406.4	4
2	334093	33409.2	2
2	334129	33412.8	7
2	334199	33419.8	38
2	334229	33422.8	1
2	334271	33427	4
2	334369	33436.8	2
2	334435	33443.4	7
2	334477	33447.6	1
2	334517	33451.6	1
2	334617	33461.6	6
2	334677	33467.6	1
2	334711	33471	7
2	334775	33477.4	1
2	334837	33483.6	1
2	334865	33486.4	6
2	334975	33497.4	13
2	335061	33506	12
2	335097	33509.6	1
2	335197	33519.6	4
2	335439	33543.8	2
2	335443	33544.2	1
2	335451	33545	2
2	335605	33560.4	5
2	335619	33561.8	2
2	335817	33581.6	7
2	335823	33582.2	2
2	335849	33584.8	4
2	335869	33586.8	4
2	335873	33587.2	1
2	335939	33593.8	1
2	336027	33602.6	4
2	336081	33608	10
2	336097	33609.6	1
2	336103	33610.2	1
2	336159	33615.8	1
2	336273	33627.2	2
2	336277	33627.6	1
2	336279	33627.8	1
2	336391	33639	4
2	336403	33640.2	9
2	336417	33641.6	6
2	336547	33654.6	3
2	336571	33657	1
2	336597	33659.6	10
2	336661	33666	6
2	336685	33668.4	2
2	336795	33679.4	16
2	336839	33683.8	3
2	336943	33694.2	1
2	337005	33700.4	12
2	337143	33714.2	3
2	337453	33745.2	1
2	337639	33763.8	7
2	337711	33771	1
2	337819	33781.8	1
2	337871	33787	4
2	337945	33794.4	1
2	337967	33796.6	1
2	337977	33797.6	2
2	337979	33797.8	1
2	338019	33801.8	2
2	338089	33808.8	1
2	338135	33813.4	1
2	338165	33816.4	2
2	338181	33818	12
2	338191	33819	4
2	338209	33820.8	2
2	338215	33821.4	1
2	338275	33827.4	1
2	338279	33827.8	1
2	338435	33843.4	20
2	338525	33852.4	9
2	338613	33861.2	1
2	338679	33867.8	1
2	338733	33873.2	4
2	338959	33895.8	6
2	338989	33898.8	6
2	339065	33906.4	1
2	339091	33909	5
2	339141	33914	14
2	339247	33924.6	4
2	339303	33930.2	1
2	339347	33934.6	2
2	339349	33934.8	1
2	339439	33943.8	14
2	339529	33952.8	1
2	339543	33954.2	1
2	339597	33959.6	1
2	339631	33963	1
2	339673	33967.2	1
2	339675	33967.4	1
2	339691	33969	4
2	339785	33978.4	4
2	339789	33978.8	1
2	339857	33985.6	2
2	339923	33992.2	1
2	339943	33994.2	3
2	340065	34006.4	6
2	340247	34024.6	1
2	340269	34026.8	4
2	340457	34045.6	2
2	340493	34049.2	1
2	340545	34054.4	1
2	340573	34057.2	4
2	340577	34057.6	1
2	340633	34063.2	1
2	340769	34076.8	1
2	340789	34078.8	5
2	340811	34081	4
2	340837	34083.6	6
2	340911	34091	1
2	341021	34102	2
2	341129	34112.8	1
2	341135	34113.4	5
2	341155	34115.4	13
2	341183	34118.2	1
2	341187	34118.6	3
2	341397	34139.6	2
2	341461	34146	4
2	341649	34164.8	1
2	341651	34165	1
2	341971	34197	1
2	341995	34199.4	1
2	342037	34203.6	10
2	342229	34222.8	1
2	342295	34229.4	4
2	342303	34230.2	6
2	342353	34235.2	1
2	342369	34236.8	10
2	342371	34237	1
2	342445	34244.4	4
2	342449	34244.8	1
2	342499	34249.8	5
2	342713	34271.2	5
2	342763	34276.2	2
2	342809	34280.8	1
2	342815	34281.4	2
2	342843	34284.2	6
2	342845	34284.4	1
2	342977	34297.6	1
2	342979	34297.8	1
2	343025	34302.4	1
2	343047	34304.6	1
2	343095	34309.4	1
2	343137	34313.6	1
2	343181	34318	1
2	343233	34323.2	1
2	343311	34331	5
2	343375	34337.4	1
2	343407	34340.6	6
2	343411	34341	3
2	343467	34346.6	2
2	343681	34368	2
2	343695	34369.4	2
2	343705	34370.4	1
2	343725	34372.4	12
2	343859	34385.8	3
2	343921	34392	2
2	344105	34410.4	1
2	344143	34414.2	6
2	344163	34416.2	6
2	344169	34416.8	1
2	344171	34417	1
2	344189	34418.8	1
2	344203	34420.2	12
2	344215	34421.4	1
2	344247	34424.6	1
2	344251	34425	1
2	344289	34428.8	1
2	344305	34430.4	10
2	344317	34431.6	4
2	344335	34433.4	1
2	344377	34437.6	25
2	344389	34438.8	1
2	344413	34441.2	15
2	344439	34443.8	1
2	344543	34454.2	6
2	344677	34467.6	2
2	344681	34468	1
2	344735	34473.4	4
2	344799	34479.8	1
2	344819	34481.8	2
2	344931	34493	2
2	344945	34494.4	1
2	345055	34505.4	1
2	345105	34510.4	1
2	345149	34514.8	1
2	345189	34518.8	3
2	345381	34538	4
2	345593	34559.2	4
2	345625	34562.4	4
2	345753	34575.2	5
2	345907	34590.6	5
2	345921	34592	1
2	345979	34597.8	2
2	346003	34600.2	1
2	346097	34609.6	1
2	346167	34616.6	9
2	346177	34617.6	4
2	346193	34619.2	1
2	346209	34620.8	1
2	346227	34622.6	12
2	346555	34655.4	1
2	346571	34657	4
2	346631	34663	1
2	346743	34674.2	2
2	346869	34686.8	1
2	346901	34690	8
2	346937	34693.6	6
2	347111	34711	1
2	347123	34712.2	1
2	347141	34714	2
2	347169	34716.8	1
2	347287	34728.6	1
2	347295	34729.4	7
2	347623	34762.2	8
2	347629	34762.8	1
2	347651	34765	1
2	347665	34766.4	1
2	347735	34773.4	1
2	347791	34779	4
2	348073	34807.2	24
2	348143	34814.2	1
2	348197	34819.6	8
2	348211	34821	6
2	348323	34832.2	16
2	348383	34838.2	1
2	348481	34848	2
2	348513	34851.2	1
2	348629	34862.8	1
2	348721	34872	1
2	348725	34872.4	1
2	348763	34876.2	1
2	348793	34879.2	19
2	348803	34880.2	4
2	348843	34884.2	2
2	348991	34899	1
2	349037	34903.6	1
2	349105	34910.4	4
2	349121	34912	1
2	349143	34914.2	10
2	349177	34917.6	4
2	349207	34920.6	8
2	349209	34920.8	1
2	349305	34930.4	1
2	349309	34930.8	1
2	349365	34936.4	4
2	349527	34952.6	2
2	349533	34953.2	2
2	349557	34955.6	9
2	349585	34958.4	1
2	349643	34964.2	1
2	349675	34967.4	1
2	349713	34971.2	1
2	349727	34972.6	6
2	349871	34987	1
2	349923	34992.2	3
2	350031	35003	2
2	350085	35008.4	1
2	350127	35012.6	3
2	350145	35014.4	2
2	350179	35017.8	1
2	350195	35019.4	1
2	350201	35020	1
2	350273	35027.2	1
2	350283	35028.2	1
2	350317	35031.6	8
2	350419	35041.8	1
2	350453	35045.2	2
2	350487	35048.6	3
2	350555	35055.4	1
2	350577	35057.6	1
2	350621	35062	10
2	350667	35066.6	1
2	350689	35068.8	15
2	350711	35071	1
2	350719	35071.8	1
2	350733	35073.2	1
2	350747	35074.6	6
2	350753	35075.2	1
2	350797	35079.6	1
2	350831	35083	8
2	350871	35087	7
2	350951	35095	34
2	350993	35099.2	2
2	351011	35101	6
2	351169	35116.8	1
2	351183	35118.2	1
2	351197	35119.6	1
2	351345	35134.4	1
2	351383	35138.2	1
2	351417	35141.6	1
2	351431	35143	2
2	351551	35155	12
2	351709	35170.8	3
2	351757	35175.6	1
2	351821	35182	1
2	351889	35188.8	6
2	351903	35190.2	2
2	351919	35191.8	2
2	351923	35192.2	2
2	351927	35192.6	1
2	351955	35195.4	1
2	351957	35195.6	1
2	351977	35197.6	10
2	352015	35201.4	4
2	352021	35202	1
2	352071	35207	1
2	352141	35214	10
2	352199	35219.8	4
2	352207	35220.6	1
2	352305	35230.4	1
2	352405	35240.4	1
2	352407	35240.6	1
2	352445	35244.4	6
2	352479	35247.8	1
2	352497	35249.6	1
2	352567	35256.6	2
2	352631	35263	6
2	352655	35265.4	20
2	352789	35278.8	5
2	352791	35279	1
2	352799	35279.8	1
2	352807	35280.6	4
2	352911	35291	1
2	352979	35297.8	6
2	353129	35312.8	14
2	353173	35317.2	12
2	353231	35323	3
2	353265	35326.4	2
2	353267	35326.6	1
2	353301	35330	1
2	353319	35331.8	2
2	353339	35333.8	2
2	353363	35336.2	3
2	353445	35344.4	1
2	353501	35350	6
2	353529	35352.8	4
2	353651	35365	8
2	353807	35380.6	1
2	353939	35393.8	1
2	353973	35397.2	1
2	354007	35400.6	1
2	354011	35401	1
2	354029	35402.8	8
2	354133	35413.2	1
2	354229	35422.8	1
2	354377	35437.6	17
2	354439	35443.8	12
2	354581	35458	2
2	354583	35458.2	1
2	354591	35459	1
2	354671	35467	5
2	354799	35479.8	1
2	354827	35482.6	2
2	354873	35487.2	5
2	354987	35498.6	1
2	355181	35518	1
2	355187	35518.6	2
2	355189	35518.8	1
2	355387	35538.6	1
2	355407	35540.6	1
2	355453	35545.2	1
2	355459	35545.8	4
2	355567	35556.6	1
2	355593	35559.2	3
2	355669	35566.8	1
2	355731	35573	1
2	355793	35579.2	14
2	355817	35581.6	5
2	355827	35582.6	1
2	355899	35589.8	1
2	355969	35596.8	1
2	356051	35605	5
2	356171	35617	6
2	356275	35627.4	1
2	356373	35637.2	1
2	356407	35640.6	1
2	356445	35644.4	1
2	356533	35653.2	6
2	356557	35655.6	1
2	356593	35659.2	4
2	356603	35660.2	1
2	356699	35669.8	2
2	356743	35674.2	1
2	356763	35676.2	2
2	356811	35681	1
2	356819	35681.8	5
2	356837	35683.6	8
2	356873	35687.2	13
2	357033	35703.2	1
2	357113	35711.2	4
2	357115	35711.4	1
2	357281	35728	14
2	357529	35752.8	3
2	357557	35755.6	11
2	357619	35761.8	1
2	357709	35770.8	4
2	357743	35774.2	1
2	357907	35790.6	15
2	357921	35792	10
2	357945	35794.4	1
2	357951	35795	5
2	358035	35803.4	9
2	358151	35815	2
2	358153	35815.2	1
2	358169	35816.8	13
2	358239	35823.8	4
2	358249	35824.8	1
2	358293	35829.2	1
2	358323	35832.2	1
2	358357	35835.6	1
2	358377	35837.6	3
2	358397	35839.6	1
2	358439	35843.8	2
2	358485	35848.4	8
2	358541	35854	1
2	358621	35862	16
2	358635	35863.4	7
2	358643	35864.2	1
2	358667	35866.6	10
2	358669	35866.8	1
2	358821	35882	1
2	358885	35888.4	6
2	358903	35890.2	4
2	358941	35894	18
2	359033	35903.2	1
2	359041	35904	6
2	359067	35906.6	1
2	359077	35907.6	5
2	359151	35915	3
2	359183	35918.2	5
2	359221	35922	4
2	359267	35926.6	1
2	359303	35930.2	4
2	359307	35930.6	3
2	359335	35933.4	5
2	359367	35936.6	5
2	359379	35937.8	1
2	359405	35940.4	4
2	359583	35958.2	5
2	359719	35971.8	6
2	359733	35973.2	2
2	359873	35987.2	4
2	359895	35989.4	1
2	359991	35999	8
2	360119	36011.8	3
2	360195	36019.4	4
2	360241	36024	1
2	360243	36024.2	1
2	360269	36026.8	1
2	360283	36028.2	4
2	360335	36033.4	2
2	360351	36035	1
2	360447	36044.6	2
2	360497	36049.6	1
2	360635	36063.4	11
2	360669	36066.8	9
2	360803	36080.2	3
2	360805	36080.4	1
2	360817	36081.6	1
2	360823	36082.2	3
2	360843	36084.2	12
2	360901	36090	1
2	360927	36092.6	1
2	361021	36102	22
2	361071	36107	8
2	361093	36109.2	13
2	361325	36132.4	8
2	361367	36136.6	1
2	361469	36146.8	1
2	361481	36148	2
2	361489	36148.8	1
2	361521	36152	1
2	361537	36153.6	4
2	361579	36157.8	2
2	361613	36161.2	10
2	361695	36169.4	5
2	361723	36172.2	8
2	361753	36175.2	2
2	361827	36182.6	1
2	361843	36184.2	9
2	361867	36186.6	1
2	362043	36204.2	1
2	362083	36208.2	8
2	362111	36211	1
2	362159	36215.8	4
2	362249	36224.8	1
2	362369	36236.8	1
2	362425	36242.4	12
2	362461	36246	1
2	362465	36246.4	1
2	362531	36253	4
2	362559	36255.8	1
2	362641	36264	1
2	362675	36267.4	12
2	362689	36268.8	1
2	362709	36270.8	5
2	362733	36273.2	3
2	362741	36274	2
2	362787	36278.6	3
2	362815	36281.4	11
2	362977	36297.6	4
2	363113	36311.2	1
2	363139	36313.8	1
2	363147	36314.6	4
2	363149	36314.8	1
2	363187	36318.6	1
2	363521	36352	5
2	363547	36354.6	10
2	363599	36359.8	1
2	363619	36361.8	2
2	363621	36362	1
2	363709	36370.8	1
2	363825	36382.4	1
2	363859	36385.8	1
2	364021	36402	8
2	364025	36402.4	1
2	364089	36408.8	1
2	364227	36422.6	1
2	364297	36429.6	4
2	364335	36433.4	1
2	364397	36439.6	1
2	364425	36442.4	2
2	364523	36452.2	1
2	364707	36470.6	2
2	364733	36473.2	1
2	364797	36479.6	4
2	364941	36494	8
2	364951	36495	6
2	364999	36499.8	10
2	365031	36503	2
2	365077	36507.6	1
2	365131	36513	4
2	365189	36518.8	4
2	365219	36521.8	1
2	365257	36525.6	8
2	365291	36529	6
2	365303	36530.2	7
2	365355	36535.4	10
2	365367	36536.6	1
2	365411	36541	8
2	365553	36555.2	4
2	365563	36556.2	7
2	365583	36558.2	9
2	365699	36569.8	1
2	365723	36572.2	4
2	365765	36576.4	2
2	365797	36579.6	1
2	365827	36582.6	16
2	365839	36583.8	2
2	365877	36587.6	2
2	365881	36588	1
2	366023	36602.2	21
2	366055	36605.4	2
2	366075	36607.4	2
2	366137	36613.6	1
2	366227	36622.6	5
2	366355	36635.4	1
2	366389	36638.8	1
2	366487	36648.6	1
2	366543	36654.2	1
2	366605	36660.4	11
2	366627	36662.6	6
2	366643	36664.2	1
2	366719	36671.8	1
2	366737	36673.6	8
2	366807	36680.6	10
2	366981	36698	2
2	367033	36703.2	1
2	367043	36704.2	4
2	367337	36733.6	1
2	367351	36735	4
2	367409	36740.8	10
2	367415	36741.4	1
2	367457	36745.6	1
2	367461	36746	1
2	367527	36752.6	2
2	367587	36758.6	22
2	367759	36775.8	1
2	367843	36784.2	1
2	367889	36788.8	1
2	368029	36802.8	1
2	368041	36804	4
2	368137	36813.6	12
2	368351	36835	1
2	368357	36835.6	5
2	368383	36838.2	2
2	368449	36844.8	9
2	368609	36860.8	1
2	368629	36862.8	8
2	368659	36865.8	1
2	368669	36866.8	8
2	368709	36870.8	15
2	368739	36873.8	1
2	368819	36881.8	1
2	368841	36884	1
2	368849	36884.8	1
2	368871	36887	1
2	368911	36891	1
2	369055	36905.4	4
2	369057	36905.6	1
2	369073	36907.2	1
2	369233	36923.2	2
2	369301	36930	12
2	369313	36931.2	2
2	369345	36934.4	4
2	369361	36936	10
2	369507	36950.6	8
2	369575	36957.4	1
2	369713	36971.2	1
2	369831	36983	2
2	369869	36986.8	1
2	369881	36988	2
2	369981	36998	6
2	370031	37003	20
2	370125	37012.4	9
2	370151	37015	12
2	370159	37015.8	7
2	370269	37026.8	10
2	370329	37032.8	1
2	370645	37064.4	9
2	370675	37067.4	6
2	370783	37078.2	13
2	370867	37086.6	1
2	370961	37096	7
2	370965	37096.4	1
2	371055	37105.4	6
2	371155	37115.4	3
2	371163	37116.2	1
2	371197	37119.6	1
2	371213	37121.2	4
2	371313	37131.2	2
2	371383	37138.2	4
2	371389	37138.8	1
2	371413	37141.2	14
2	371449	37144.8	8
2	371473	37147.2	4
2	371487	37148.6	11
2	371505	37150.4	12
2	371573	37157.2	1
2	371593	37159.2	1
2	371611	37161	4
2	371649	37164.8	2
2	371747	37174.6	2
2	371891	37189	5
2	371957	37195.6	2
2	371959	37195.8	1
2	372039	37203.8	16
2	372075	37207.4	4
2	372095	37209.4	3
2	372187	37218.6	8
2	372195	37219.4	4
2	372231	37223	1
2	372243	37224.2	1
2	372283	37228.2	1
2	372467	37246.6	1
2	372487	37248.6	4
2	372607	37260.6	20
2	372651	37265	8
2	372707	37270.6	1
2	372737	37273.6	4
2	372747	37274.6	1
2	372817	37281.6	4
2	372895	37289.4	2
2	372927	37292.6	8
2	372939	37293.8	3
2	372977	37297.6	2
2	372985	37298.4	1
2	373029	37302.8	1
2	373053	37305.2	8
2	373057	37305.6	1
2	373229	37322.8	3
2	373255	37325.4	1
2	373267	37326.6	1
2	373289	37328.8	7
2	373509	37350.8	1
2	373529	37352.8	14
2	373533	37353.2	1
2	373549	37354.8	12
2	373571	37357	1
2	373747	37374.6	22
2	373815	37381.4	17
2	373821	37382	2
2	374009	37400.8	6
2	374019	37401.8	3
2	374023	37402.2	1
2	374107	37410.6	1
2	374267	37426.6	2
2	374325	37432.4	8
2	374385	37438.4	1
2	374403	37440.2	14
2	374449	37444.8	1
2	374467	37446.6	6
2	374495	37449.4	1
2	374523	37452.2	2
2	374533	37453.2	8
2	374633	37463.2	6
2	374697	37469.6	1
2	374743	37474.2	2
2	374787	37478.6	1
2	374837	37483.6	6
2	374857	37485.6	1
2	375025	37502.4	10
2	375075	37507.4	1
2	375097	37509.6	20
2	375119	37511.8	3
2	375143	37514.2	1
2	375175	37517.4	2
2	375179	37517.8	1
2	375199	37519.8	1
2	375237	37523.6	1
2	375261	37526	6
2	375337	37533.6	3
2	375387	37538.6	1
2	375447	37544.6	1
2	375459	37545.8	2
2	375523	37552.2	11
2	375651	37565	1
2	375749	37574.8	1
2	375797	37579.6	2
2	375855	37585.4	1
2	375895	37589.4	7
2	375977	37597.6	4
2	376089	37608.8	8
2	376133	37613.2	1
2	376309	37630.8	1
2	376345	37634.4	6
2	376371	37637	1
2	376399	37639.8	13
2	376403	37640.2	1
2	376593	37659.2	2
2	376647	37664.6	1
2	376679	37667.8	4
2	376705	37670.4	1
2	376813	37681.2	1
2	376843	37684.2	10
2	376925	37692.4	8
2	376949	37694.8	1
2	377017	37701.6	3
2	377035	37703.4	1
2	377051	37705	9
2	377095	37709.4	1
2	377119	37711.8	1
2	377343	37734.2	1
2	377373	37737.2	2
2	377403	37740.2	1
2	377519	37751.8	1
2	377589	37758.8	1
2	377619	37761.8	1
2	377635	37763.4	4
2	377671	37767	8
2	377709	37770.8	1
2	377785	37778.4	6
2	377801	37780	3
2	377803	37780.2	1
2	377867	37786.6	25
2	377931	37793	1
2	378027	37802.6	8
2	378035	37803.4	3
2	378053	37805.2	1
2	378063	37806.2	2
2	378089	37808.8	23
2	378111	37811	1
2	378139	37813.8	1
2	378195	37819.4	2
2	378239	37823.8	6
2	378275	37827.4	7
2	378311	37831	1
2	378369	37836.8	4
2	378417	37841.6	12
2	378477	37847.6	1
2	378555	37855.4	1
2	378767	37876.6	4
2	378823	37882.2	1
2	378875	37887.4	1
2	378883	37888.2	5
2	378905	37890.4	1
2	378921	37892	1
2	378937	37893.6	6
2	379139	37913.8	2
2	379157	37915.6	2
2	379265	37926.4	16
2	379313	37931.2	12
2	379415	37941.4	1
2	379709	37970.8	1
2	379793	37979.2	12
2	379823	37982.2	1
2	379909	37990.8	2
2	379913	37991.2	1
2	379945	37994.4	1
2	380001	38000	2
2	380033	38003.2	20
2	380119	38011.8	4
2	380151	38015	1
2	380231	38023	1
2	380307	38030.6	1
2	380315	38031.4	1
2	380355	38035.4	2
2	380399	38039.8	1
2	380565	38056.4	7
2	380653	38065.2	22
2	380679	38067.8	10
2	380727	38072.6	4
2	380747	38074.6	7
2	380857	38085.6	1
2	380921	38092	1
2	381011	38101	2
2	381073	38107.2	1
2	381105	38110.4	1
2	381115	38111.4	1
2	381177	38117.6	1
2	381195	38119.4	4
2	381247	38124.6	1
2	381285	38128.4	13
2	381313	38131.2	1
2	381415	38141.4	6
2	381427	38142.6	4
2	381443	38144.2	1
2	381571	38157	1
2	381581	38158	3
2	381595	38159.4	3
2	381643	38164.2	1
2	382165	38216.4	4
2	382193	38219.2	1
2	382201	38220	4
2	382267	38226.6	6
2	382327	38232.6	7
2	382371	38237	4
2	382393	38239.2	6
2	382435	38243.4	7
2	382475	38247.4	1
2	382505	38250.4	1
2	382515	38251.4	6
2	382529	38252.8	3
2	382545	38254.4	1
2	382641	38264	1
2	382651	38265	9
2	382655	38265.4	1
2	382693	38269.2	1
2	382823	38282.2	2
2	382829	38282.8	1
2	382851	38285	2
2	382903	38290.2	1
2	382957	38295.6	1
2	382967	38296.6	6
2	382979	38297.8	1
2	383083	38308.2	4
2	383097	38309.6	6
2	383127	38312.6	1
2	383137	38313.6	4
2	383185	38318.4	6
2	383193	38319.2	1
2	383207	38320.6	1
2	383257	38325.6	3
2	383301	38330	3
2	383415	38341.4	11
2	383705	38370.4	1
2	383717	38371.6	3
2	383795	38379.4	4
2	383817	38381.6	6
2	383841	38384	1
2	383843	38384.2	1
2	383891	38389	1
2	383969	38396.8	12
2	383977	38397.6	1
2	384047	38404.6	2
2	384089	38408.8	1
2	384137	38413.6	1
2	384209	38420.8	1
2	384323	38432.2	2
2	384505	38450.4	1
2	384517	38451.6	1
2	384535	38453.4	1
2	384615	38461.4	1
2	384619	38461.8	1
2	384665	38466.4	8
2	384759	38475.8	6
2	384781	38478	1
2	384885	38488.4	2
2	384917	38491.6	8
2	384923	38492.2	1
2	385141	38514	2
2	385153	38515.2	1
2	385199	38519.8	22
2	385223	38522.2	1
2	385287	38528.6	1
2	385343	38534.2	1
2	385555	38555.4	2
2	385629	38562.8	8
2	385655	38565.4	6
2	385801	38580	1
2	385835	38583.4	1
2	385897	38589.6	1
2	386017	38601.6	6
2	386025	38602.4	4
2	386057	38605.6	16
2	386095	38609.4	5
2	386139	38613.8	1
2	386163	38616.2	2
2	386227	38622.6	5
2	386251	38625	1
2	386281	38628	17
2	386311	38631	5
2	386403	38640.2	1
2	386415	38641.4	1
2	386419	38641.8	1
2	386451	38645	1
2	386535	38653.4	1
2	386559	38655.8	12
2	386691	38669	1
2	386701	38670	3
2	386719	38671.8	7
2	386735	38673.4	1
2	386755	38675.4	12
2	386779	38677.8	4
2	386869	38686.8	8
2	386891	38689	1
2	386969	38696.8	6
2	386985	38698.4	1
2	387027	38702.6	2
2	387113	38711.2	12
2	387129	38712.8	2
2	387175	38717.4	2
2	387235	38723.4	1
2	387255	38725.4	2
2	387439	38743.8	5
2	387501	38750	8
2	387521	38752	18
2	387667	38766.6	1
2	387675	38767.4	6
2	387719	38771.8	1
2	387975	38797.4	5
2	388023	38802.2	1
2	388121	38812	1
2	388207	38820.6	2
2	388305	38830.4	1
2	388385	38838.4	18
2	388463	38846.2	1
2	388555	38855.4	2
2	388607	38860.6	1
2	388611	38861	2
2	388627	38862.6	5
2	388641	38864	4
2	388705	38870.4	14
2	388717	38871.6	9
2	388863	38886.2	1
2	388921	38892	5
2	388985	38898.4	4
2	389011	38901	3
2	389013	38901.2	1
2	389033	38903.2	2
2	389067	38906.6	11
2	389079	38907.8	7
2	389123	38912.2	1
2	389137	38913.6	8
2	389161	38916	1
2	389245	38924.4	1
2	389285	38928.4	3
2	389303	38930.2	17
2	389359	38935.8	2
2	389365	38936.4	3
2	389459	38945.8	1
2	389509	38950.8	4
2	389523	38952.2	1
2	389569	38956.8	1
2	389669	38966.8	1
2	389671	38967	1
2	389733	38973.2	1
2	389783	38978.2	2
2	389821	38982	1
2	389845	38984.4	2
2	389851	38985	1
2	389853	38985.2	1
2	389855	38985.4	1
2	389951	38995	1
2	390029	39002.8	4
2	390033	39003.2	1
2	390119	39011.8	2
2	390125	39012.4	1
2	390171	39017	1
2	390181	39018	8
2	390305	39030.4	12
2	390327	39032.6	2
2	390351	39035	8
2	390389	39038.8	1
2	390423	39042.2	4
2	390433	39043.2	1
2	390475	39047.4	1
2	390507	39050.6	1
2	390515	39051.4	3
2	390553	39055.2	1
2	390633	39063.2	1
2	390729	39072.8	1
2	390753	39075.2	2
2	390765	39076.4	4
2	390823	39082.2	2
2	390947	39094.6	2
2	390957	39095.6	1
2	391117	39111.6	4
2	391165	39116.4	1
2	391219	39121.8	6
2	391245	39124.4	1
2	391281	39128	4
2	391345	39134.4	1
2	391353	39135.2	1
2	391527	39152.6	1
2	391659	39165.8	8
2	391683	39168.2	6
2	391693	39169.2	4
2	391847	39184.6	1
2	391873	39187.2	4
2	391959	39195.8	1
2	391997	39199.6	2
2	392043	39204.2	10
2	392083	39208.2	4
2	392119	39211.8	1
2	392173	39217.2	8
2	392275	39227.4	1
2	392301	39230	8
2	392373	39237.2	2
2	392379	39237.8	1
2	392381	39238	1
2	392417	39241.6	6
2	392421	39242	1
2	392433	39243.2	1
2	392483	39248.2	23
2	392503	39250.2	1
2	392555	39255.4	1
2	392641	39264	15
2	392687	39268.6	1
2	392707	39270.6	2
2	392713	39271.2	2
2	392765	39276.4	1
2	392829	39282.8	10
2	392929	39292.8	1
2	392933	39293.2	2
2	392937	39293.6	1
2	392957	39295.6	2
2	393013	39301.2	4
2	393019	39301.8	1
2	393155	39315.4	1
2	393165	39316.4	2
2	393211	39321	4
2	393213	39321.2	1
2	393263	39326.2	14
2	393313	39331.2	2
2	393333	39333.2	1
2	393387	39338.6	4
2	393399	39339.8	1
2	393467	39346.6	6
2	393559	39355.8	8
2	393587	39358.6	4
2	393599	39359.8	7
2	393609	39360.8	1
2	393641	39364	8
2	393857	39385.6	16
2	393915	39391.4	4
2	393987	39398.6	6
2	393997	39399.6	1
2	394073	39407.2	1
2	394101	39410	1
2	394221	39422	1
2	394225	39422.4	1
2	394227	39422.6	1
2	394361	39436	1
2	394365	39436.4	1
2	394389	39438.8	1
2	394449	39444.8	28
2	394499	39449.8	1
2	394539	39453.8	4
2	394615	39461.4	12
2	394639	39463.8	6
2	394735	39473.4	8
2	394783	39478.2	1
2	394827	39482.6	1
2	394843	39484.2	2
2	394871	39487	10
2	395009	39500.8	5
2	395171	39517	9
2	395183	39518.2	4
2	395313	39531.2	1
2	395385	39538.4	1
2	395439	39543.8	4
2	395481	39548	25
2	395529	39552.8	4
2	395699	39569.8	1
2	395757	39575.6	1
2	395787	39578.6	4
2	395815	39581.4	6
2	395857	39585.6	6
2	395913	39591.2	1
2	395983	39598.2	6
2	396091	39609	10
2	396117	39611.6	10
2	396137	39613.6	1
2	396237	39623.6	1
2	396271	39627	2
2	396331	39633	2
2	396403	39640.2	12
2	396569	39656.8	11
2	396575	39657.4	1
2	396659	39665.8	1
2	396795	39679.4	1
2	396893	39689.2	1
2	396945	39694.4	1
2	396963	39696.2	1
2	396965	39696.4	1
2	397011	39701	36
2	397029	39702.8	1
2	397041	39704	1
2	397055	39705.4	9
2	397109	39710.8	1
2	397159	39715.8	3
2	397293	39729.2	22
2	397311	39731	1
2	397359	39735.8	4
2	397379	39737.8	1
2	397415	39741.4	2
2	397495	39749.4	4
2	397535	39753.4	6
2	397577	39757.6	4
2	397705	39770.4	2
2	397797	39779.6	16
2	397827	39782.6	1
2	397847	39784.6	1
2	397959	39795.8	20
2	397969	39796.8	3
2	398099	39809.8	2
2	398105	39810.4	5
2	398115	39811.4	2
2	398269	39826.8	4
2	398351	39835	4
2	398359	39835.8	2
2	398475	39847.4	2
2	398519	39851.8	2
2	398531	39853	8
2	398541	39854	9
2	398641	39864	1
2	398699	39869.8	6
2	398719	39871.8	4
2	398799	39879.8	10
2	398805	39880.4	1
2	398823	39882.2	5
2	398841	39884	1
2	398845	39884.4	1
2	398875	39887.4	2
2	398897	39889.6	20
2	398913	39891.2	2
2	399011	39901	1
2	399181	39918	3
2	399201	39920	1
2	399333	39933.2	4
2	399387	39938.6	1
2	399399	39939.8	4
2	399453	39945.2	17
2	399525	39952.4	1
2	399541	39954	1
2	399543	39954.2	1
2	399743	39974.2	1
2	399917	39991.6	12
2	399959	39995.8	1
2	400003	40000.2	10
2	400063	40006.2	1
2	400079	40007.8	1
2	400465	40046.4	1
2	400679	40067.8	4
2	400691	40069	2
2	400719	40071.8	1
2	400927	40092.6	3
2	400989	40098.8	3
2	401003	40100.2	2
2	401131	40113	1
2	401175	40117.4	1
2	401211	40121	10
2	401321	40132	1
2	401337	40133.6	1
2	401447	40144.6	8
2	401495	40149.4	1
2	401617	40161.6	14
2	401635	40163.4	1
2	401653	40165.2	5
2	401699	40169.8	1
2	401801	40180	2
2	401809	40180.8	1
2	401819	40181.8	1
2	401879	40187.8	9
2	401981	40198	1
2	402051	40205	2
2	402065	40206.4	4
2	402079	40207.8	7
2	402081	40208	1
2	402109	40210.8	1
2	402155	40215.4	4
2	402213	40221.2	1
2	402259	40225.8	1
2	402329	40232.8	1
2	402359	40235.8	1
2	402367	40236.6	4
2	402465	40246.4	4
2	402473	40247.2	6
2	402513	40251.2	4
2	402605	40260.4	2
2	402627	40262.6	2
2	402653	40265.2	5
2	402721	40272	7
2	402739	40273.8	1
2	402753	40275.2	1
2	402781	40278	1
2	402865	40286.4	4
2	402871	40287	1
2	402933	40293.2	1
2	402973	40297.2	1
2	403135	40313.4	1
2	403149	40314.8	1
2	403171	40317	1
2	403201	40320	8
2	403249	40324.8	20
2	403305	40330.4	7
2	403385	40338.4	6
2	403397	40339.6	1
2	403447	40344.6	2
2	403485	40348.4	1
2	403509	40350.8	1
2	403521	40352	2
2	403673	40367.2	1
2	403803	40380.2	6
2	403833	40383.2	1
2	403877	40387.6	6
2	403897	40389.6	4
2	403991	40399	1
2	404005	40400.4	2
2	404075	40407.4	8
2	404301	40430	1
2	404315	40431.4	1
2	404345	40434.4	6
2	404371	40437	1
2	404463	40446.2	7
2	404481	40448	3
2	404503	40450.2	1
2	404527	40452.6	5
2	404571	40457	1
2	404597	40459.6	1
2	404699	40469.8	1
2	404713	40471.2	1
2	404763	40476.2	10
2	404805	40480.4	1
2	405041	40504	1
2	405105	40510.4	1
2	405141	40514	5
2	405167	40516.6	1
2	405169	40516.8	1
2	405291	40529	3
2	405343	40534.2	2
2	405403	40540.2	1
2	405447	40544.6	3
2	405459	40545.8	1
2	405483	40548.2	1
2	405503	40550.2	1
2	405573	40557.2	1
2	405607	40560.6	10
2	405617	40561.6	8
2	405639	40563.8	4
2	405669	40566.8	1
2	405691	40569	1
2	405695	40569.4	3
2	405753	40575.2	1
2	405797	40579.6	7
2	405849	40584.8	13
2	405883	40588.2	1
2	405897	40589.6	11
2	405969	40596.8	1
2	405989	40598.8	2
2	406013	40601.2	1
2	406103	40610.2	26
2	406105	40610.4	1
2	406177	40617.6	10
2	406211	40621	2
2	406259	40625.8	4
2	406473	40647.2	6
2	406483	40648.2	1
2	406507	40650.6	9
2	406599	40659.8	1
2	406631	40663	8
2	406651	40665	2
2	406765	40676.4	2
2	406807	40680.6	4
2	406815	40681.4	3
2	406867	40686.6	5
2	406911	40691	1
2	406973	40697.2	1
2	407063	40706.2	1
2	407065	40706.4	1
2	407159	40715.8	11
2	407161	40716	1
2	407245	40724.4	5
2	407289	40728.8	6
2	407297	40729.6	1
2	407329	40732.8	1
2	407585	40758.4	1
2	407641	40764	18
2	407767	40776.6	1
2	407865	40786.4	4
2	407893	40789.2	1
2	407897	40789.6	1
2	407963	40796.2	2
2	407999	40799.8	10
2	408051	40805	2
2	408073	40807.2	2
2	408141	40814	6
2	408151	40815	1
2	408165	40816.4	1
2	408169	40816.8	1
2	408243	40824.2	2
2	408321	40832	4
2	408339	40833.8	15
2	408343	40834.2	1
2	408363	40836.2	1
2	408365	40836.4	1
2	408381	40838	3
2	408409	40840.8	1
2	408455	40845.4	8
2	408765	40876.4	2
2	408801	40880	3
2	408843	40884.2	1
2	408867	40886.6	1
2	408971	40897	2
2	409015	40901.4	6
2	409101	40910	16
2	409171	40917	12
2	409187	40918.6	9
2	409189	40918.8	1
2	409249	40924.8	1
2	409263	40926.2	1
2	409301	40930	20
2	409493	40949.2	5
2	409535	40953.4	1
2	409565	40956.4	1
2	409571	40957	1
2	409615	40961.4	1
2	409703	40970.2	4
2	409721	40972	15
2	409751	40975	1
2	409779	40977.8	2
2	409837	40983.6	4
2	409873	40987.2	6
2	409983	40998.2	11
2	409995	40999.4	1
2	410099	41009.8	1
2	410121	41012	4
2	410147	41014.6	1
2	410167	41016.6	1
2	410195	41019.4	2
2	410465	41046.4	4
2	410467	41046.6	1
2	410475	41047.4	7
2	410547	41054.6	1
2	410617	41061.6	2
2	410673	41067.2	16
2	410841	41084	1
2	411049	41104.8	10
2	411117	41111.6	1
2	411193	41119.2	1
2	411205	41120.4	1
2	411217	41121.6	7
2	411261	41126	1
2	411275	41127.4	1
2	411529	41152.8	2
2	411569	41156.8	2
2	411637	41163.6	2
2	411691	41169	1
2	411717	41171.6	4
2	411725	41172.4	2
2	411737	41173.6	1
2	411769	41176.8	1
2	411785	41178.4	9
2	411917	41191.6	4
2	411935	41193.4	10
2	411981	41198	9
2	412083	41208.2	1
2	412121	41212	3
2	412151	41215	1
2	412179	41217.8	2
2	412425	41242.4	1
2	412433	41243.2	1
2	412517	41251.6	15
2	412793	41279.2	20
2	412985	41298.4	2
2	413035	41303.4	2
2	413103	41310.2	10
2	413141	41314	26
2	413187	41318.6	2
2	413219	41321.8	15
2	413279	41327.8	1
2	413435	41343.4	7
2	413481	41348	1
2	413627	41362.6	1
2	413655	41365.4	1
2	413675	41367.4	6
2	413681	41368	1
2	413759	41375.8	19
2	413789	41378.8	4
2	413869	41386.8	1
2	413891	41389	3
2	413933	41393.2	18
2	413963	41396.2	1
2	414035	41403.4	2
2	414141	41414	1
2	414177	41417.6	2
2	414195	41419.4	1
2	414211	41421	10
2	414249	41424.8	3
2	414335	41433.4	1
2	414441	41444	1
2	414505	41450.4	16
2	414651	41465	5
2	414747	41474.6	4
2	414749	41474.8	1
2	414881	41488	1
2	414973	41497.2	16
2	415013	41501.2	4
2	415267	41526.6	3
2	415325	41532.4	18
2	415439	41543.8	1
2	415475	41547.4	1
2	415487	41548.6	8
2	415505	41550.4	1
2	415623	41562.2	1
2	415683	41568.2	1
2	415751	41575	1
2	415761	41576	9
2	415781	41578	12
2	415793	41579.2	3
2	415905	41590.4	6
2	415941	41594	6
2	415969	41596.8	1
2	416065	41606.4	1
2	416147	41614.6	16
2	416203	41620.2	7
2	416263	41626.2	4
2	416301	41630	3
2	416355	41635.4	2
2	416359	41635.8	1
2	416375	41637.4	2
2	416465	41646.4	8
2	416469	41646.8	2
2	416647	41664.6	6
2	416693	41669.2	1
2	416733	41673.2	4
2	416769	41676.8	2
2	416775	41677.4	5
2	416849	41684.8	1
2	416899	41689.8	1
2	416943	41694.2	8
2	417019	41701.8	10
2	417039	41703.8	17
2	417075	41707.4	10
2	417213	41721.2	6
2	417353	41735.2	8
2	417385	41738.4	7
2	417453	41745.2	5
2	417513	41751.2	6
2	417729	41772.8	1
2	417787	41778.6	1
2	417881	41788	1
2	417883	41788.2	1
2	417959	41795.8	12
2	418073	41807.2	3
2	418139	41813.8	6
2	418243	41824.2	6
2	418323	41832.2	1
2	418327	41832.6	1
2	418615	41861.4	16
2	418663	41866.2	12
2	418773	41877.2	1
2	418931	41893	2
2	418957	41895.6	4
2	419039	41903.8	2
2	419051	41905	2
2	419153	41915.2	8
2	419199	41919.8	5
2	419291	41929	6
2	419301	41930	5
2	419325	41932.4	9
2	419405	41940.4	1
2	419435	41943.4	3
2	419489	41948.8	4
2	419595	41959.4	5
2	419671	41967	1
2	419693	41969.2	1
2	419697	41969.6	3
2	419793	41979.2	1
2	419957	41995.6	4
2	419993	41999.2	1
2	420005	42000.4	1
2	420059	42005.8	16
2	420075	42007.4	5
2	420141	42014	1
2	420165	42016.4	1
2	420197	42019.6	10
2	420233	42023.2	1
2	420241	42024	4
2	420351	42035	1
2	420355	42035.4	1
2	420467	42046.6	9
2	420479	42047.8	4
2	420497	42049.6	2
2	420545	42054.4	16
2	420555	42055.4	1
2	420565	42056.4	1
2	420593	42059.2	1
2	420595	42059.4	1
2	420617	42061.6	1
2	420655	42065.4	1
2	420677	42067.6	1
2	420717	42071.6	1
2	420757	42075.6	4
2	420801	42080	1
2	420993	42099.2	4
2	421007	42100.6	12
2	421041	42104	1
2	421109	42110.8	1
2	421159	42115.8	2
2	421183	42118.2	3
2	421185	42118.4	1
2	421367	42136.6	8
2	421391	42139	6
2	421421	42142	1
2	421477	42147.6	1
2	421491	42149	1
2	421599	42159.8	7
2	421621	42162	1
2	421631	42163	4
2	421641	42164	9
2	421837	42183.6	4
2	421847	42184.6	6
2	421919	42191.8	2
2	422021	42202	12
2	422043	42204.2	1
2	422169	42216.8	1
2	422213	42221.2	1
2	422225	42222.4	2
2	422263	42226.2	16
2	422325	42232.4	1
2	422461	42246	1
2	422473	42247.2	1
2	422531	42253	1
2	422553	42255.2	5
2	422659	42265.8	8
2	422683	42268.2	1
2	422691	42269	1
2	422931	42293	1
2	423007	42300.6	1
2	423089	42308.8	1
2	423193	42319.2	1
2	423197	42319.6	2
2	423217	42321.6	2
2	423279	42327.8	1
2	423293	42329.2	1
2	423411	42341	2
2	423413	42341.2	1
2	423421	42342	5
2	423427	42342.6	3
2	423453	42345.2	4
2	423543	42354.2	4
2	423649	42364.8	1
2	423659	42365.8	3
2	423665	42366.4	1
2	423747	42374.6	1
2	423767	42376.6	5
2	423819	42381.8	4
2	423863	42386.2	2
2	423869	42386.8	1
2	423923	42392.2	11
2	423961	42396	2
2	423969	42396.8	1
2	424037	42403.6	1
2	424043	42404.2	1
2	424051	42405	4
2	424075	42407.4	2
2	424139	42413.8	3
2	424181	42418	26
2	424279	42427.8	1
2	424291	42429	1
2	424409	42440.8	1
2	424459	42445.8	1
2	424543	42454.2	4
2	424631	42463	10
2	424805	42480.4	22
2	424849	42484.8	1
2	424867	42486.6	6
2	424897	42489.6	4
2	424999	42499.8	2
2	425011	42501	1
2	425033	42503.2	2
2	425063	42506.2	2
2	425065	42506.4	1
2	425185	42518.4	6
2	425359	42535.8	2
2	425361	42536	1
2	425449	42544.8	10
2	425463	42546.2	1
2	425473	42547.2	1
2	425511	42551	2
2	425531	42553	1
2	425661	42566	12
2	425723	42572.2	1
2	425805	42580.4	11
2	425827	42582.6	1
2	425837	42583.6	2
2	425943	42594.2	1
2	425953	42595.2	1
2	426003	42600.2	1
2	426025	42602.4	1
2	426033	42603.2	1
2	426053	42605.2	8
2	426063	42606.2	1
2	426103	42610.2	2
2	426147	42614.6	4
2	426187	42618.6	6
2	426217	42621.6	2
2	426243	42624.2	3
2	426301	42630	1
2	426409	42640.8	1
2	426431	42643	4
2	426487	42648.6	13
2	426617	42661.6	7
2	426639	42663.8	2
2	426715	42671.4	1
2	426721	42672	1
2	426725	42672.4	1
2	426879	42687.8	4
2	426929	42692.8	1
2	426981	42698	2
2	427031	42703	14
2	427127	42712.6	1
2	427141	42714	4
2	427155	42715.4	1
2	427185	42718.4	1
2	427255	42725.4	6
2	427257	42725.6	1
2	427261	42726	2
2	427285	42728.4	19
2	427299	42729.8	5
2	427373	42737.2	1
2	427389	42738.8	2
2	427419	42741.8	2
2	427461	42746	2
2	427491	42749	6
2	427561	42756	10
2	427631	42763	10
2	427731	42773	1
2	427845	42784.4	4
2	427853	42785.2	1
2	427857	42785.6	1
2	427877	42787.6	8
2	427889	42788.8	2
2	427925	42792.4	4
2	427991	42799	16
2	428099	42809.8	10
2	428267	42826.6	4
2	428347	42834.6	4
2	428427	42842.6	18
2	428431	42843	1
2	428433	42843.2	1
2	428481	42848	1
2	428611	42861	4
2	428719	42871.8	6
2	428799	42879.8	1
2	428823	42882.2	6
2	428837	42883.6	1
2	428955	42895.4	1
2	429007	42900.6	8
2	429045	42904.4	1
2	429175	42917.4	14
2	429181	42918	1
2	429269	42926.8	2
2	429283	42928.2	2
2	429285	42928.4	1
2	429421	42942	2
2	429427	42942.6	4
2	429431	42943	1
2	429467	42946.6	6
2	429487	42948.6	2
2	429491	42949	1
2	429517	42951.6	5
2	429577	42957.6	1
2	429601	42960	1
2	429613	42961.2	1
2	429675	42967.4	1
2	429723	42972.2	1
2	429843	42984.2	2
2	429905	42990.4	8
2	430009	43000.8	6
2	430067	43006.6	1
2	430129	43012.8	7
2	430149	43014.8	6
2	430161	43016	6
2	430171	43017	1
2	430197	43019.6	4
2	430369	43036.8	2
2	430389	43038.8	1
2	430431	43043	4
2	430463	43046.2	1
2	430599	43059.8	1
2	430771	43077	6
2	430773	43077.2	1
2	431089	43108.8	1
2	431203	43120.2	26
2	431299	43129.8	2
2	431327	43132.6	5
2	431405	43140.4	1
2	431441	43144	1
2	431471	43147	16
2	431579	43157.8	8
2	431625	43162.4	26
2	431657	43165.6	17
2	431731	43173	1
2	431817	43181.6	1
2	431903	43190.2	1
2	431951	43195	1
2	432009	43200.8	6
2	432087	43208.6	9
2	432091	43209	1
2	432107	43210.6	1
2	432117	43211.6	1
2	432211	43221	6
2	432253	43225.2	10
2	432259	43225.8	3
2	432309	43230.8	9
2	432333	43233.2	1
2	432365	43236.4	1
2	432411	43241	1
2	432457	43245.6	1
2	432465	43246.4	2
2	432471	43247	1
2	432563	43256.2	1
2	432703	43270.2	4
2	432809	43280.8	1
2	432837	43283.6	2
2	432887	43288.6	4
2	432889	43288.8	1
2	432933	43293.2	1
2	432945	43294.4	5
2	432983	43298.2	6
2	432993	43299.2	1
2	432999	43299.8	4
2	433101	43310	1
2	433119	43311.8	3
2	433183	43318.2	1
2	433191	43319	2
2	433215	43321.4	2
2	433385	43338.4	4
2	433473	43347.2	1
2	433485	43348.4	2
2	433521	43352	2
2	433553	43355.2	2
2	433583	43358.2	12
2	433603	43360.2	6
2	433627	43362.6	2
2	433635	43363.4	7
2	433707	43370.6	1
2	433715	43371.4	3
2	433789	43378.8	3
2	433835	43383.4	1
2	433909	43390.8	6
2	433919	43391.8	5
2	433957	43395.6	1
2	433959	43395.8	1
2	433961	43396	1
2	433987	43398.6	1
2	434079	43407.8	1
2	434197	43419.6	4
2	434231	43423	1
2	434293	43429.2	14
2	434351	43435	2
2	434401	43440	1
2	434413	43441.2	2
2	434445	43444.4	2
2	434497	43449.6	6
2	434551	43455	1
2	434607	43460.6	1
2	434657	43465.6	1
2	434685	43468.4	1
2	434747	43474.6	6
2	434895	43489.4	1
2	434905	43490.4	2
2	434983	43498.2	1
2	435005	43500.4	1
2	435069	43506.8	2
2	435087	43508.6	5
2	435111	43511	6
2	435123	43512.2	2
2	435241	43524	1
2	435277	43527.6	1
2	435319	43531.8	1
2	435483	43548.2	4
2	435501	43550	1
2	435647	43564.6	1
2	435847	43584.6	2
2	436029	43602.8	1
2	436117	43611.6	14
2	436147	43614.6	1
2	436163	43616.2	7
2	436265	43626.4	1
2	436381	43638	4
2	436415	43641.4	10
2	436445	43644.4	2
2	436487	43648.6	1
2	436517	43651.6	2
2	436559	43655.8	8
2	436585	43658.4	3
2	436663	43666.2	2
2	436837	43683.6	1
2	436841	43684	1
2	436869	43686.8	1
2	436885	43688.4	1
2	436907	43690.6	5
2	436969	43696.8	1
2	436975	43697.4	1
2	437103	43710.2	13
2	437211	43721	1
2	437233	43723.2	3
2	437309	43730.8	1
2	437337	43733.6	3
2	437415	43741.4	3
2	437593	43759.2	2
2	437617	43761.6	1
2	437629	43762.8	9
2	437641	43764	1
2	437647	43764.6	1
2	437651	43765	1
2	437747	43774.6	1
2	437833	43783.2	1
2	437837	43783.6	1
2	437853	43785.2	10
2	437909	43790.8	4
2	437943	43794.2	1
2	438131	43813	1
2	438147	43814.6	1
2	438249	43824.8	1
2	438273	43827.2	8
2	438275	43827.4	1
2	438363	43836.2	9
2	438499	43849.8	1
2	438509	43850.8	2
2	438515	43851.4	1
2	438559	43855.8	14
2	438583	43858.2	5
2	438603	43860.2	2
2	438659	43865.8	1
2	438687	43868.6	16
2	438697	43869.6	1
2	438721	43872	1
2	438723	43872.2	1
2	438781	43878	2
2	438783	43878.2	1
2	438787	43878.6	1
2	438789	43878.8	1
2	438837	43883.6	14
2	438851	43885	1
2	439009	43900.8	1
2	439027	43902.6	1
2	439079	43907.8	1
2	439229	43922.8	1
2	439259	43925.8	2
2	439297	43929.6	1
2	439321	43932	1
2	439343	43934.2	6
2	439359	43935.8	6
2	439407	43940.6	1
2	439417	43941.6	4
2	439429	43942.8	6
2	439443	43944.2	1
2	439475	43947.4	7
2	439559	43955.8	1
2	439569	43956.8	1
2	439571	43957	1
2	439585	43958.4	1
2	439625	43962.4	18
2	439633	43963.2	1
2	439735	43973.4	1
2	439863	43986.2	15
2	439887	43988.6	4
2	439905	43990.4	2
2	439923	43992.2	6
2	439943	43994.2	3
2	439945	43994.4	1
2	439961	43996	2
2	439965	43996.4	1
2	440057	44005.6	10
2	440115	44011.4	13
2	440225	44022.4	1
2	440249	44024.8	4
2	440259	44025.8	1
2	440291	44029	1
2	440321	44032	2
2	440323	44032.2	1
2	440331	44033	5
2	440399	44039.8	1
2	440465	44046.4	1
2	440479	44047.8	1
2	440611	44061	2
2	440697	44069.6	1
2	440887	44088.6	1
2	440919	44091.8	1
2	441035	44103.4	4
2	441065	44106.4	10
2	441103	44110.2	1
2	441147	44114.6	3
2	441241	44124	1
2	441321	44132	13
2	441361	44136	6
2	441363	44136.2	1
2	441391	44139	1
2	441403	44140.2	1
2	441451	44145	1
2	441567	44156.6	4
2	441659	44165.8	8
2	441697	44169.6	1
2	441731	44173	1
2	441773	44177.2	16
2	441807	44180.6	4
2	441825	44182.4	4
2	442019	44201.8	2
2	442033	44203.2	1
2	442093	44209.2	1
2	442145	44214.4	1
2	442163	44216.2	5
2	442257	44225.6	4
2	442341	44234	4
2	442399	44239.8	1
2	442451	44245	1
2	442461	44246	6
2	442539	44253.8	1
2	442565	44256.4	2
2	442585	44258.4	1
2	442607	44260.6	2
2	442615	44261.4	2
2	442729	44272.8	31
2	442843	44284.2	1
2	442931	44293	1
2	442937	44293.6	1
2	443035	44303.4	6
2	443093	44309.2	10
2	443131	44313	10
2	443185	44318.4	1
2	443193	44319.2	4
2	443209	44320.8	8
2	443233	44323.2	1
2	443351	44335	1
2	443509	44350.8	1
2	443587	44358.6	2
2	443721	44372	1
2	443761	44376	2
2	443867	44386.6	22
2	443885	44388.4	3
2	443959	44395.8	1
2	443979	44397.8	6
2	444199	44419.8	1
2	444203	44420.2	1
2	444223	44422.2	2
2	444295	44429.4	1
2	444341	44434	1
2	444357	44435.6	1
2	444381	44438	1
2	444445	44444.4	2
2	444471	44447	2
2	444557	44455.6	8
2	444665	44466.4	14
2	444759	44475.8	5
2	444763	44476.2	3
2	444783	44478.2	2
2	444825	44482.4	1
2	444875	44487.4	4
2	444885	44488.4	1
2	444933	44493.2	1
2	445131	44513	1
2	445165	44516.4	1
2	445317	44531.6	1
2	445389	44538.8	3
2	445407	44540.6	1
2	445439	44543.8	2
2	445569	44556.8	1
2	445611	44561	1
2	445677	44567.6	12
2	445709	44570.8	2
2	445751	44575	6
2	445765	44576.4	1
2	445825	44582.4	1
2	445885	44588.4	1
2	445919	44591.8	2
2	445947	44594.6	5
2	445979	44597.8	4
2	446009	44600.8	6
2	446023	44602.2	7
2	446027	44602.6	2
2	446085	44608.4	4
2	446235	44623.4	1
2	446261	44626	2
2	446277	44627.6	1
2	446319	44631.8	4
2	446421	44642	8
2	446429	44642.8	6
2	446515	44651.4	4
2	446705	44670.4	1
2	446807	44680.6	1
2	446821	44682	10
2	446871	44687	7
2	446923	44692.2	1
2	446999	44699.8	1
2	447007	44700.6	5
2	447019	44701.8	2
2	447021	44702	1
2	447051	44705	1
2	447077	44707.6	13
2	447103	44710.2	5
2	447115	44711.4	8
2	447141	44714	4
2	447157	44715.6	1
2	447181	44718	6
2	447199	44719.8	2
2	447243	44724.2	8
2	447349	44734.8	6
2	447391	44739	1
2	447411	44741	3
2	447439	44743.8	1
2	447541	44754	1
2	447579	44757.8	19
2	447641	44764	4
2	447719	44771.8	3
2	447729	44772.8	2
2	447817	44781.6	1
2	447847	44784.6	1
2	447921	44792	18
2	447931	44793	1
2	447963	44796.2	1
2	448053	44805.2	1
2	448075	44807.4	5
2	448177	44817.6	2
2	448203	44820.2	1
2	448225	44822.4	10
2	448305	44830.4	1
2	448367	44836.6	10
2	448379	44837.8	3
2	448401	44840	1
2	448457	44845.6	4
2	448495	44849.4	1
2	448499	44849.8	1
2	448573	44857.2	1
2	448913	44891.2	1
2	448925	44892.4	1
2	449031	44903	1
2	449091	44909	6
2	449101	44910	4
2	449155	44915.4	1
2	449163	44916.2	1
2	449169	44916.8	1
2	449197	44919.6	1
2	449199	44919.8	1
2	449255	44925.4	1
2	449359	44935.8	1
2	449525	44952.4	10
2	449555	44955.4	1
2	449577	44957.6	15
2	449607	44960.6	1
2	449641	44964	3
2	449655	44965.4	3
2	449717	44971.6	1
2	449723	44972.2	1
2	449781	44978	1
2	449831	44983	1
2	449909	44990.8	1
2	449929	44992.8	4
2	449965	44996.4	1
2	450055	45005.4	10
2	450059	45005.8	1
2	450115	45011.4	5
2	450255	45025.4	5
2	450313	45031.2	1
2	450395	45039.4	8
2	450443	45044.2	1
2	450495	45049.4	2
2	450517	45051.6	1
2	450581	45058	1
2	450625	45062.4	8
2	450721	45072	9
2	450757	45075.6	1
2	450899	45089.8	1
2	451019	45101.8	21
2	451031	45103	5
2	451053	45105.2	1
2	451239	45123.8	2
2	451321	45132	1
2	451337	45133.6	1
2	451403	45140.2	24
2	451489	45148.8	1
2	451527	45152.6	1
2	451615	45161.4	1
2	451641	45164	1
2	451677	45167.6	3
2	451707	45170.6	23
2	451737	45173.6	4
2	451911	45191	3
2	452127	45212.6	1
2	452155	45215.4	3
2	452221	45222	1
2	452279	45227.8	4
2	452305	45230.4	2
2	452321	45232	1
2	452349	45234.8	8
2	452389	45238.8	5
2	452419	45241.8	24
2	452529	45252.8	1
2	452611	45261	5
2	452623	45262.2	5
2	452625	45262.4	1
2	452647	45264.6	6
2	452901	45290	6
2	452927	45292.6	10
2	452967	45296.6	14
2	453097	45309.6	1
2	453125	45312.4	9
2	453283	45328.2	1
2	453347	45334.6	4
2	453351	45335	1
2	453401	45340	11
2	453433	45343.2	11
2	453493	45349.2	2
2	453561	45356	6
2	453605	45360.4	6
2	453793	45379.2	1
2	453899	45389.8	1
2	453919	45391.8	6
2	453945	45394.4	12
2	454043	45404.2	2
2	454045	45404.4	1
2	454061	45406	8
2	454169	45416.8	1
2	454193	45419.2	1
2	454215	45421.4	1
2	454249	45424.8	1
2	454265	45426.4	1
2	454415	45441.4	8
3	140	13.9	1
3	160	15.9	1
3	190	18.9	1
3	252	25.1	1
3	282	28.1	4
3	304	30.3	13
3	330	32.9	1
3	360	35.9	9
3	384	38.3	1
3	394	39.3	1
3	422	42.1	4
3	430	42.9	2
3	448	44.7	2
3	564	56.3	6
3	718	71.7	1
3	806	80.5	18
3	886	88.5	2
3	944	94.3	5
3	950	94.9	1
3	1022	102.1	1
3	1104	110.3	14
3	1324	132.3	1
3	1332	133.1	2
3	1482	148.1	4
3	1540	153.9	1
3	1620	161.9	1
3	1704	170.3	34
3	1798	179.7	1
3	1800	179.9	1
3	1862	186.1	1
3	1894	189.3	10
3	1978	197.7	22
3	1982	198.1	2
3	2064	206.3	1
3	2168	216.7	1
3	2230	222.9	8
3	2244	224.3	2
3	2310	230.9	1
3	2424	242.3	1
3	2488	248.7	10
3	2556	255.5	1
3	2606	260.5	4
3	2636	263.5	1
3	2714	271.3	3
3	2736	273.5	1
3	2744	274.3	1
3	2812	281.1	2
3	2904	290.3	1
3	3152	315.1	3
3	3176	317.5	1
3	3214	321.3	10
3	3240	323.9	1
3	3274	327.3	27
3	3298	329.7	1
3	3338	333.7	1
3	3404	340.3	1
3	3458	345.7	1
3	3490	348.9	1
3	3564	356.3	13
3	3566	356.5	1
3	3642	364.1	1
3	3760	375.9	1
3	3864	386.3	1
3	3896	389.5	1
3	4014	401.3	2
3	4088	408.7	15
3	4106	410.5	3
3	4118	411.7	1
3	4134	413.3	1
3	4138	413.7	2
3	4172	417.1	1
3	4174	417.3	1
3	4214	421.3	2
3	4244	424.3	1
3	4390	438.9	3
3	4400	439.9	1
3	4550	454.9	12
3	4582	458.1	2
3	4724	472.3	1
3	4806	480.5	11
3	4848	484.7	1
3	4860	485.9	4
3	4870	486.9	1
3	4964	496.3	8
3	5040	503.9	6
3	5238	523.7	9
3	5248	524.7	2
3	5360	535.9	28
3	5412	541.1	1
3	5424	542.3	2
3	5442	544.1	6
3	5486	548.5	5
3	5534	553.3	39
3	5564	556.3	1
3	5580	557.9	2
3	5744	574.3	6
3	5752	575.1	1
3	5860	585.9	2
3	5924	592.3	13
3	5940	593.9	3
3	5964	596.3	6
3	5990	598.9	1
3	5994	599.3	1
3	6026	602.5	14
3	6038	603.7	6
3	6072	607.1	1
3	6236	623.5	6
3	6272	627.1	1
3	6342	634.1	2
3	6386	638.5	5
3	6476	647.5	1
3	6540	653.9	12
3	6758	675.7	1
3	6778	677.7	2
3	6782	678.1	2
3	6904	690.3	2
3	7034	703.3	4
3	7234	723.3	1
3	7272	727.1	1
3	7294	729.3	5
3	7360	735.9	1
3	7376	737.5	2
3	7428	742.7	12
3	7518	751.7	1
3	7600	759.9	2
3	7638	763.7	16
3	7830	782.9	18
3	7962	796.1	4
3	8048	804.7	8
3	8112	811.1	1
3	8164	816.3	13
3	8168	816.7	1
3	8312	831.1	8
3	8334	833.3	1
3	8482	848.1	1
3	8580	857.9	1
3	8606	860.5	1
3	8666	866.5	4
3	8676	867.5	1
3	8726	872.5	9
3	8746	874.5	1
3	8768	876.7	8
3	8792	879.1	8
3	8878	887.7	2
3	9074	907.3	6
3	9088	908.7	8
3	9108	910.7	1
3	9154	915.3	2
3	9156	915.5	1
3	9166	916.5	2
3	9176	917.5	6
3	9342	934.1	1
3	9360	935.9	8
3	9406	940.5	1
3	9408	940.7	1
3	9420	941.9	1
3	9590	958.9	2
3	9678	967.7	4
3	9742	974.1	1
3	9782	978.1	4
3	9858	985.7	1
3	10056	1005.5	1
3	10186	1018.5	6
3	10252	1025.1	1
3	10286	1028.5	22
3	10308	1030.7	1
3	10336	1033.5	8
3	10532	1053.1	6
3	10540	1053.9	1
3	10586	1058.5	4
3	10618	1061.7	2
3	10642	1064.1	1
3	10664	1066.3	1
3	10720	1071.9	1
3	10778	1077.7	1
3	10800	1079.9	15
3	10808	1080.7	1
3	10814	1081.3	2
3	10922	1092.1	10
3	10968	1096.7	2
3	10978	1097.7	1
3	11100	1109.9	8
3	11196	1119.5	1
3	11298	1129.7	3
3	11326	1132.5	5
3	11412	1141.1	9
3	11524	1152.3	8
3	11612	1161.1	6
3	11618	1161.7	2
3	11632	1163.1	8
3	11738	1173.7	5
3	11794	1179.3	1
3	11848	1184.7	1
3	12068	1206.7	1
3	12134	1213.3	1
3	12142	1214.1	1
3	12168	1216.7	4
3	12250	1224.9	1
3	12256	1225.5	1
3	12274	1227.3	1
3	12290	1228.9	6
3	12310	1230.9	15
3	12340	1233.9	10
3	12356	1235.5	4
3	12372	1237.1	7
3	12388	1238.7	10
3	12438	1243.7	1
3	12516	1251.5	6
3	12576	1257.5	1
3	12612	1261.1	1
3	12652	1265.1	16
3	12664	1266.3	4
3	12714	1271.3	1
3	12866	1286.5	1
3	12916	1291.5	5
3	13004	1300.3	1
3	13060	1305.9	2
3	13136	1313.5	7
3	13198	1319.7	8
3	13466	1346.5	2
3	13490	1348.9	1
3	13526	1352.5	1
3	13608	1360.7	1
3	13730	1372.9	1
3	13824	1382.3	4
3	13842	1384.1	1
3	13956	1395.5	6
3	13988	1398.7	2
3	14032	1403.1	1
3	14146	1414.5	1
3	14160	1415.9	3
3	14246	1424.5	1
3	14248	1424.7	1
3	14266	1426.5	1
3	14352	1435.1	1
3	14360	1435.9	5
3	14366	1436.5	5
3	14368	1436.7	1
3	14390	1438.9	9
3	14406	1440.5	1
3	14446	1444.5	1
3	14516	1451.5	2
3	14718	1471.7	1
3	14748	1474.7	1
3	14818	1481.7	1
3	14842	1484.1	6
3	14896	1489.5	7
3	14914	1491.3	1
3	14940	1493.9	1
3	15016	1501.5	19
3	15092	1509.1	4
3	15202	1520.1	8
3	15356	1535.5	1
3	15370	1536.9	1
3	15372	1537.1	1
3	15378	1537.7	1
3	15390	1538.9	8
3	15398	1539.7	5
3	15418	1541.7	7
3	15436	1543.5	1
3	15540	1553.9	1
3	15618	1561.7	1
3	15638	1563.7	3
3	15648	1564.7	4
3	15686	1568.5	4
3	15704	1570.3	2
3	15716	1571.5	1
3	15768	1576.7	8
3	15814	1581.3	6
3	15854	1585.3	2
3	15918	1591.7	1
3	15970	1596.9	2
3	16000	1599.9	15
3	16106	1610.5	4
3	16138	1613.7	6
3	16192	1619.1	1
3	16208	1620.7	4
3	16322	1632.1	1
3	16328	1632.7	4
3	16342	1634.1	2
3	16388	1638.7	6
3	16434	1643.3	1
3	16460	1645.9	2
3	16494	1649.3	2
3	16546	1654.5	8
3	16568	1656.7	1
3	16682	1668.1	6
3	16696	1669.5	2
3	16800	1679.9	10
3	16838	1683.7	1
3	16862	1686.1	6
3	16928	1692.7	1
3	17092	1709.1	1
3	17106	1710.5	1
3	17140	1713.9	9
3	17178	1717.7	1
3	17200	1719.9	5
3	17280	1727.9	2
3	17410	1740.9	1
3	17428	1742.7	1
3	17460	1745.9	6
3	17520	1751.9	4
3	17590	1758.9	1
3	17670	1766.9	1
3	17722	1772.1	4
3	17818	1781.7	12
3	17932	1793.1	2
3	17976	1797.5	2
3	18000	1799.9	4
3	18032	1803.1	1
3	18064	1806.3	1
3	18102	1810.1	1
3	18246	1824.5	2
3	18290	1828.9	1
3	18314	1831.3	11
3	18402	1840.1	1
3	18440	1843.9	6
3	18478	1847.7	2
3	18494	1849.3	8
3	18506	1850.5	8
3	18560	1855.9	1
3	18592	1859.1	8
3	18600	1859.9	1
3	18678	1867.7	1
3	18734	1873.3	14
3	18970	1896.9	1
3	19074	1907.3	4
3	19178	1917.7	1
3	19256	1925.5	3
3	19360	1935.9	1
3	19374	1937.3	1
3	19404	1940.3	4
3	19406	1940.5	1
3	19454	1945.3	1
3	19502	1950.1	1
3	19578	1957.7	2
3	19700	1969.9	1
3	19716	1971.5	2
3	19724	1972.3	1
3	19756	1975.5	1
3	19776	1977.5	1
3	19798	1979.7	1
3	19844	1984.3	6
3	19988	1998.7	1
3	19992	1999.1	1
3	20010	2000.9	1
3	20076	2007.5	8
3	20132	2013.1	2
3	20266	2026.5	1
3	20298	2029.7	1
3	20394	2039.3	1
3	20412	2041.1	1
3	20504	2050.3	3
3	20598	2059.7	4
3	20642	2064.1	1
3	20660	2065.9	2
3	20672	2067.1	4
3	20684	2068.3	3
3	20894	2089.3	1
3	20906	2090.5	1
3	20940	2093.9	1
3	21022	2102.1	26
3	21030	2102.9	1
3	21108	2110.7	1
3	21234	2123.3	2
3	21302	2130.1	14
3	21380	2137.9	1
3	21382	2138.1	1
3	21410	2140.9	1
3	21418	2141.7	6
3	21618	2161.7	16
3	21758	2175.7	1
3	21852	2185.1	4
3	21874	2187.3	1
3	21914	2191.3	2
3	21988	2198.7	1
3	22140	2213.9	1
3	22196	2219.5	1
3	22258	2225.7	2
3	22270	2226.9	2
3	22308	2230.7	1
3	22378	2237.7	1
3	22380	2237.9	1
3	22458	2245.7	1
3	22568	2256.7	1
3	22684	2268.3	1
3	22730	2272.9	18
3	22766	2276.5	1
3	22850	2284.9	19
3	22994	2299.3	26
3	23010	2300.9	4
3	23058	2305.7	2
3	23100	2309.9	1
3	23154	2315.3	1
3	23178	2317.7	2
3	23198	2319.7	3
3	23228	2322.7	8
3	23230	2322.9	1
3	23250	2324.9	4
3	23332	2333.1	2
3	23336	2333.5	1
3	23414	2341.3	7
3	23430	2342.9	1
3	23444	2344.3	1
3	23516	2351.5	32
3	23566	2356.5	2
3	23600	2359.9	1
3	23660	2365.9	5
3	23678	2367.7	2
3	23728	2372.7	1
3	23750	2374.9	1
3	23768	2376.7	2
3	23788	2378.7	6
3	23826	2382.5	1
3	23886	2388.5	6
3	23904	2390.3	6
3	23930	2392.9	11
3	24004	2400.3	1
3	24166	2416.5	2
3	24260	2425.9	2
3	24264	2426.3	2
3	24284	2428.3	1
3	24296	2429.5	1
3	24464	2446.3	1
3	24470	2446.9	1
3	24576	2457.5	1
3	24642	2464.1	6
3	24658	2465.7	2
3	24828	2482.7	2
3	24840	2483.9	1
3	24894	2489.3	1
3	24958	2495.7	1
3	25064	2506.3	19
3	25072	2507.1	1
3	25132	2513.1	2
3	25140	2513.9	1
3	25154	2515.3	9
3	25380	2537.9	1
3	25424	2542.3	1
3	25442	2544.1	1
3	25526	2552.5	2
3	25534	2553.3	5
3	25564	2556.3	1
3	25580	2557.9	4
3	25676	2567.5	1
3	25814	2581.3	1
3	25868	2586.7	1
3	25900	2589.9	10
3	25918	2591.7	8
3	25976	2597.5	2
3	25978	2597.7	1
3	25984	2598.3	2
3	26012	2601.1	8
3	26040	2603.9	6
3	26158	2615.7	1
3	26220	2621.9	2
3	26242	2624.1	14
3	26322	2632.1	5
3	26454	2645.3	1
3	26464	2646.3	2
3	26472	2647.1	2
3	26474	2647.3	1
3	26476	2647.5	1
3	26556	2655.5	1
3	26562	2656.1	1
3	26598	2659.7	1
3	26630	2662.9	1
3	26644	2664.3	2
3	26866	2686.5	1
3	26898	2689.7	1
3	27004	2700.3	2
3	27016	2701.5	2
3	27092	2709.1	3
3	27102	2710.1	7
3	27178	2717.7	1
3	27226	2722.5	2
3	27244	2724.3	4
3	27258	2725.7	9
3	27266	2726.5	2
3	27316	2731.5	1
3	27334	2733.3	15
3	27508	2750.7	1
3	27576	2757.5	2
3	27646	2764.5	4
3	27662	2766.1	1
3	27688	2768.7	3
3	27690	2768.9	1
3	27722	2772.1	1
3	27746	2774.5	1
3	27758	2775.7	8
3	27786	2778.5	5
3	27940	2793.9	1
3	27974	2797.3	2
3	28020	2801.9	4
3	28118	2811.7	1
3	28148	2814.7	8
3	28172	2817.1	1
3	28176	2817.5	1
3	28222	2822.1	4
3	28314	2831.3	10
3	28342	2834.1	6
3	28360	2835.9	4
3	28382	2838.1	10
3	28434	2843.3	2
3	28490	2848.9	10
3	28546	2854.5	1
3	28610	2860.9	1
3	28696	2869.5	1
3	28752	2875.1	10
3	28878	2887.7	8
3	28882	2888.1	1
3	28982	2898.1	14
3	29014	2901.3	8
3	29016	2901.5	1
3	29052	2905.1	1
3	29126	2912.5	1
3	29138	2913.7	1
3	29158	2915.7	1
3	29244	2924.3	1
3	29314	2931.3	12
3	29326	2932.5	1
3	29376	2937.5	1
3	29448	2944.7	2
3	29474	2947.3	1
3	29570	2956.9	1
3	29586	2958.5	1
3	29660	2965.9	1
3	29736	2973.5	1
3	29942	2994.1	4
3	29962	2996.1	1
3	29994	2999.3	1
3	30178	3017.7	1
3	30206	3020.5	1
3	30242	3024.1	1
3	30284	3028.3	24
3	30324	3032.3	1
3	30412	3041.1	1
3	30478	3047.7	4
3	30536	3053.5	8
3	30624	3062.3	1
3	30682	3068.1	4
3	30702	3070.1	1
3	30714	3071.3	1
3	30746	3074.5	6
3	30784	3078.3	2
3	30834	3083.3	1
3	30866	3086.5	14
3	30910	3090.9	23
3	30958	3095.7	2
3	30968	3096.7	1
3	31134	3113.3	7
3	31136	3113.5	1
3	31156	3115.5	1
3	31172	3117.1	4
3	31350	3134.9	9
3	31448	3144.7	6
3	31602	3160.1	1
3	31758	3175.7	2
3	31820	3181.9	1
3	31846	3184.5	1
3	31884	3188.3	1
3	31892	3189.1	7
3	31932	3193.1	9
3	31950	3194.9	1
3	32042	3204.1	1
3	32106	3210.5	2
3	32122	3212.1	1
3	32292	3229.1	3
3	32444	3244.3	8
3	32560	3255.9	1
3	32572	3257.1	2
3	32612	3261.1	4
3	32614	3261.3	1
3	32628	3262.7	6
3	32670	3266.9	1
3	32672	3267.1	1
3	32752	3275.1	1
3	32834	3283.3	1
3	32868	3286.7	2
3	32964	3296.3	10
3	33108	3310.7	1
3	33144	3314.3	23
3	33200	3319.9	4
3	33328	3332.7	1
3	33406	3340.5	1
3	33426	3342.5	4
3	33466	3346.5	14
3	33514	3351.3	1
3	33566	3356.5	4
3	33598	3359.7	1
3	33698	3369.7	1
3	33700	3369.9	1
3	33724	3372.3	6
3	33828	3382.7	2
3	33896	3389.5	1
3	33982	3398.1	1
3	34100	3409.9	11
3	34132	3413.1	2
3	34152	3415.1	4
3	34258	3425.7	16
3	34442	3444.1	1
3	34528	3452.7	1
3	34542	3454.1	2
3	34574	3457.3	3
3	34576	3457.5	1
3	34612	3461.1	1
3	34672	3467.1	1
3	34688	3468.7	1
3	34714	3471.3	1
3	34776	3477.5	2
3	34836	3483.5	1
3	34914	3491.3	1
3	34952	3495.1	3
3	34982	3498.1	20
3	35034	3503.3	18
3	35042	3504.1	4
3	35078	3507.7	1
3	35080	3507.9	1
3	35120	3511.9	1
3	35174	3517.3	10
3	35192	3519.1	7
3	35224	3522.3	1
3	35262	3526.1	6
3	35284	3528.3	5
3	35330	3532.9	3
3	35344	3534.3	1
3	35390	3538.9	2
3	35548	3554.7	15
3	35668	3566.7	1
3	35680	3567.9	1
3	35706	3570.5	2
3	35724	3572.3	1
3	35752	3575.1	3
3	35862	3586.1	4
3	35876	3587.5	1
3	35910	3590.9	1
3	35942	3594.1	2
3	35996	3599.5	1
3	36078	3607.7	1
3	36092	3609.1	7
3	36096	3609.5	1
3	36120	3611.9	6
3	36318	3631.7	1
3	36382	3638.1	1
3	36392	3639.1	1
3	36590	3658.9	1
3	36694	3669.3	1
3	36714	3671.3	2
3	36734	3673.3	13
3	36798	3679.7	2
3	36828	3682.7	11
3	36842	3684.1	1
3	36918	3691.7	1
3	36934	3693.3	1
3	36962	3696.1	1
3	37018	3701.7	1
3	37138	3713.7	1
3	37224	3722.3	2
3	37370	3736.9	14
3	37376	3737.5	5
3	37466	3746.5	1
3	37518	3751.7	1
3	37608	3760.7	3
3	37678	3767.7	2
3	37784	3778.3	1
3	37844	3784.3	2
3	37932	3793.1	1
3	38038	3803.7	1
3	38046	3804.5	3
3	38238	3823.7	7
3	38286	3828.5	3
3	38310	3830.9	21
3	38352	3835.1	1
3	38360	3835.9	2
3	38398	3839.7	2
3	38416	3841.5	5
3	38468	3846.7	10
3	38512	3851.1	1
3	38554	3855.3	4
3	38590	3858.9	1
3	38644	3864.3	2
3	38756	3875.5	4
3	38788	3878.7	7
3	38900	3889.9	18
3	38930	3892.9	1
3	38952	3895.1	3
3	39002	3900.1	10
3	39064	3906.3	1
3	39100	3909.9	4
3	39156	3915.5	16
3	39306	3930.5	5
3	39382	3938.1	8
3	39432	3943.1	2
3	39658	3965.7	10
3	39754	3975.3	14
3	39818	3981.7	1
3	39972	3997.1	1
3	40046	4004.5	2
3	40062	4006.1	6
3	40092	4009.1	1
3	40194	4019.3	9
3	40244	4024.3	32
3	40530	4052.9	1
3	40556	4055.5	8
3	40574	4057.3	5
3	40634	4063.3	4
3	40642	4064.1	5
3	40656	4065.5	9
3	40698	4069.7	1
3	40756	4075.5	1
3	40904	4090.3	1
3	40920	4091.9	2
3	40934	4093.3	11
3	41092	4109.1	16
3	41222	4122.1	3
3	41368	4136.7	2
3	41454	4145.3	1
3	41554	4155.3	10
3	41684	4168.3	1
3	41778	4177.7	1
3	41810	4180.9	1
3	41998	4199.7	11
3	42028	4202.7	12
3	42044	4204.3	1
3	42126	4212.5	2
3	42128	4212.7	1
3	42198	4219.7	1
3	42248	4224.7	1
3	42300	4229.9	1
3	42322	4232.1	1
3	42348	4234.7	3
3	42434	4243.3	1
3	42444	4244.3	1
3	42590	4258.9	1
3	42620	4261.9	5
3	42636	4263.5	12
3	42760	4275.9	1
3	42858	4285.7	4
3	42902	4290.1	1
3	42976	4297.5	1
3	43010	4300.9	1
3	43070	4306.9	2
3	43124	4312.3	2
3	43156	4315.5	1
3	43176	4317.5	1
3	43190	4318.9	6
3	43316	4331.5	6
3	43430	4342.9	2
3	43480	4347.9	10
3	43648	4364.7	8
3	43860	4385.9	1
3	43966	4396.5	1
3	43980	4397.9	1
3	43984	4398.3	1
3	44024	4402.3	14
3	44050	4404.9	1
3	44070	4406.9	1
3	44274	4427.3	5
3	44306	4430.5	2
3	44330	4432.9	1
3	44376	4437.5	2
3	44416	4441.5	1
3	44480	4447.9	6
3	44558	4455.7	1
3	44564	4456.3	1
3	44710	4470.9	6
3	44722	4472.1	11
3	44756	4475.5	8
3	44776	4477.5	1
3	44876	4487.5	3
3	44884	4488.3	5
3	44944	4494.3	4
3	44958	4495.7	1
3	44988	4498.7	6
3	45032	4503.1	5
3	45138	4513.7	12
3	45254	4525.3	1
3	45308	4530.7	2
3	45398	4539.7	11
3	45426	4542.5	1
3	45466	4546.5	4
3	45484	4548.3	8
3	45490	4548.9	3
3	45504	4550.3	4
3	45506	4550.5	1
3	45534	4553.3	1
3	45636	4563.5	1
3	45702	4570.1	1
3	45744	4574.3	1
3	45764	4576.3	6
3	45810	4580.9	13
3	45888	4588.7	9
3	45938	4593.7	8
3	45944	4594.3	1
3	45964	4596.3	2
3	45968	4596.7	1
3	46064	4606.3	4
3	46090	4608.9	6
3	46158	4615.7	1
3	46182	4618.1	1
3	46208	4620.7	1
3	46388	4638.7	10
3	46410	4640.9	4
3	46472	4647.1	8
3	46490	4648.9	10
3	46546	4654.5	3
3	46558	4655.7	1
3	46680	4667.9	15
3	46718	4671.7	8
3	46782	4678.1	12
3	46866	4686.5	1
3	46886	4688.5	1
3	46978	4697.7	1
3	46996	4699.5	1
3	47016	4701.5	2
3	47046	4704.5	16
3	47084	4708.3	1
3	47090	4708.9	1
3	47118	4711.7	5
3	47124	4712.3	2
3	47228	4722.7	1
3	47364	4736.3	8
3	47396	4739.5	1
3	47402	4740.1	3
3	47454	4745.3	2
3	47484	4748.3	1
3	47578	4757.7	1
3	47590	4758.9	2
3	47594	4759.3	2
3	47660	4765.9	1
3	47720	4771.9	8
3	47754	4775.3	1
3	47756	4775.5	1
3	47796	4779.5	1
3	47838	4783.7	1
3	47876	4787.5	4
3	47888	4788.7	1
3	47892	4789.1	1
3	47974	4797.3	1
3	47980	4797.9	4
3	48002	4800.1	1
3	48060	4805.9	2
3	48114	4811.3	1
3	48334	4833.3	8
3	48372	4837.1	2
3	48536	4853.5	24
3	48622	4862.1	10
3	48722	4872.1	4
3	48736	4873.5	10
3	48770	4876.9	1
3	48790	4878.9	2
3	48800	4879.9	1
3	48806	4880.5	1
3	48848	4884.7	1
3	48858	4885.7	1
3	48870	4886.9	1
3	48940	4893.9	1
3	48978	4897.7	2
3	48992	4899.1	1
3	49046	4904.5	12
3	49060	4905.9	2
3	49086	4908.5	6
3	49088	4908.7	1
3	49128	4912.7	3
3	49152	4915.1	1
3	49154	4915.3	1
3	49218	4921.7	1
3	49390	4938.9	3
3	49400	4939.9	1
3	49454	4945.3	16
3	49588	4958.7	7
3	49620	4961.9	6
3	49736	4973.5	6
3	49750	4974.9	5
3	49762	4976.1	1
3	49782	4978.1	1
3	50262	5026.1	2
3	50272	5027.1	1
3	50298	5029.7	10
3	50310	5030.9	1
3	50316	5031.5	1
3	50444	5044.3	1
3	50454	5045.3	1
3	50512	5051.1	1
3	50516	5051.5	1
3	50572	5057.1	1
3	50596	5059.5	2
3	50616	5061.5	6
3	50690	5068.9	2
3	50730	5072.9	1
3	50780	5077.9	1
3	50800	5079.9	3
3	50802	5080.1	1
3	50830	5082.9	2
3	50868	5086.7	1
3	50930	5092.9	1
3	50956	5095.5	9
3	50970	5096.9	6
3	50976	5097.5	4
3	50982	5098.1	4
3	51080	5107.9	1
3	51212	5121.1	6
3	51264	5126.3	4
3	51276	5127.5	5
3	51454	5145.3	1
3	51474	5147.3	1
3	51498	5149.7	1
3	51504	5150.3	1
3	51606	5160.5	1
3	51628	5162.7	1
3	51682	5168.1	4
3	51700	5169.9	8
3	51710	5170.9	2
3	52020	5201.9	1
3	52068	5206.7	1
3	52140	5213.9	2
3	52212	5221.1	1
3	52258	5225.7	2
3	52518	5251.7	16
3	52520	5251.9	1
3	52542	5254.1	20
3	52656	5265.5	1
3	52726	5272.5	1
3	53094	5309.3	2
3	53104	5310.3	3
3	53150	5314.9	3
3	53176	5317.5	11
3	53290	5328.9	1
3	53338	5333.7	7
3	53382	5338.1	1
3	53444	5344.3	20
3	53512	5351.1	2
3	53582	5358.1	1
3	53628	5362.7	1
3	53714	5371.3	1
3	53808	5380.7	1
3	53854	5385.3	6
3	54018	5401.7	1
3	54250	5424.9	2
3	54252	5425.1	1
3	54292	5429.1	6
3	54346	5434.5	2
3	54422	5442.1	5
3	54486	5448.5	8
3	54576	5457.5	2
3	54718	5471.7	12
3	54774	5477.3	2
3	54800	5479.9	1
3	54896	5489.5	1
3	55056	5505.5	6
3	55106	5510.5	6
3	55116	5511.5	1
3	55144	5514.3	7
3	55160	5515.9	7
3	55300	5529.9	17
3	55330	5532.9	3
3	55332	5533.1	1
3	55358	5535.7	18
3	55378	5537.7	1
3	55410	5540.9	3
3	55438	5543.7	14
3	55556	5555.5	8
3	55582	5558.1	1
3	55620	5561.9	1
3	55756	5575.5	1
3	55764	5576.3	4
3	55788	5578.7	1
3	55820	5581.9	1
3	55934	5593.3	16
3	55966	5596.5	1
3	56046	5604.5	3
3	56062	5606.1	1
3	56134	5613.3	1
3	56230	5622.9	1
3	56272	5627.1	1
3	56298	5629.7	1
3	56328	5632.7	4
3	56340	5633.9	1
3	56346	5634.5	1
3	56364	5636.3	17
3	56402	5640.1	1
3	56448	5644.7	4
3	56462	5646.1	1
3	56544	5654.3	1
3	56550	5654.9	1
3	56608	5660.7	1
3	56610	5660.9	1
3	56646	5664.5	1
3	56780	5677.9	1
3	56852	5685.1	1
3	57000	5699.9	1
3	57018	5701.7	4
3	57276	5727.5	1
3	57320	5731.9	3
3	57398	5739.7	2
3	57452	5745.1	5
3	57556	5755.5	2
3	57644	5764.3	1
3	57704	5770.3	2
3	57830	5782.9	1
3	57842	5784.1	8
3	57974	5797.3	18
3	58010	5800.9	1
3	58042	5804.1	1
3	58116	5811.5	14
3	58146	5814.5	5
3	58156	5815.5	5
3	58248	5824.7	5
3	58348	5834.7	7
3	58492	5849.1	1
3	58846	5884.5	2
3	58880	5887.9	10
3	58954	5895.3	1
3	59220	5921.9	6
3	59290	5928.9	1
3	59346	5934.5	4
3	59426	5942.5	2
3	59468	5946.7	10
3	59556	5955.5	1
3	59732	5973.1	1
3	59734	5973.3	1
3	59736	5973.5	1
3	59882	5988.1	1
3	59920	5991.9	1
3	59988	5998.7	1
3	60050	6004.9	3
3	60100	6009.9	1
3	60182	6018.1	17
3	60206	6020.5	1
3	60208	6020.7	1
3	60250	6024.9	7
3	60374	6037.3	1
3	60456	6045.5	1
3	60590	6058.9	11
3	60690	6068.9	1
3	60706	6070.5	7
3	60810	6080.9	4
3	60830	6082.9	6
3	60852	6085.1	18
3	60854	6085.3	1
3	60856	6085.5	1
3	60946	6094.5	18
3	61030	6102.9	14
3	61066	6106.5	8
3	61096	6109.5	14
3	61106	6110.5	1
3	61108	6110.7	1
3	61134	6113.3	1
3	61194	6119.3	3
3	61258	6125.7	1
3	61278	6127.7	10
3	61560	6155.9	3
3	61570	6156.9	1
3	61642	6164.1	1
3	61658	6165.7	1
3	61670	6166.9	5
3	61836	6183.5	1
3	61850	6184.9	1
3	61866	6186.5	1
3	61872	6187.1	1
3	61922	6192.1	1
3	61978	6197.7	1
3	62038	6203.7	2
3	62134	6213.3	1
3	62148	6214.7	10
3	62180	6217.9	18
3	62210	6220.9	5
3	62258	6225.7	7
3	62264	6226.3	2
3	62302	6230.1	11
3	62358	6235.7	1
3	62512	6251.1	11
3	62532	6253.1	8
3	62568	6256.7	5
3	62666	6266.5	2
3	62668	6266.7	1
3	62748	6274.7	1
3	62768	6276.7	1
3	62844	6284.3	1
3	62896	6289.5	2
3	62960	6295.9	5
3	63270	6326.9	1
3	63360	6335.9	10
3	63484	6348.3	8
3	63620	6361.9	2
3	63652	6365.1	4
3	63660	6365.9	1
3	63730	6372.9	2
3	63838	6383.7	10
3	64022	6402.1	6
3	64082	6408.1	6
3	64100	6409.9	1
3	64102	6410.1	1
3	64160	6415.9	2
3	64224	6422.3	7
3	64228	6422.7	1
3	64288	6428.7	4
3	64426	6442.5	12
3	64458	6445.7	1
3	64476	6447.5	1
3	64494	6449.3	1
3	64620	6461.9	8
3	64754	6475.3	4
3	64802	6480.1	1
3	64818	6481.7	1
3	64882	6488.1	1
3	65016	6501.5	1
3	65026	6502.5	2
3	65092	6509.1	9
3	65198	6519.7	1
3	65212	6521.1	2
3	65254	6525.3	2
3	65540	6553.9	4
3	65594	6559.3	1
3	65662	6566.1	1
3	65670	6566.9	1
3	65694	6569.3	22
3	65740	6573.9	1
3	65786	6578.5	4
3	65888	6588.7	1
3	65902	6590.1	7
3	65946	6594.5	2
3	65958	6595.7	1
3	66062	6606.1	1
3	66196	6619.5	1
3	66304	6630.3	2
3	66346	6634.5	6
3	66442	6644.1	7
3	66536	6653.5	1
3	66542	6654.1	1
3	66598	6659.7	1
3	66608	6660.7	1
3	66650	6664.9	1
3	66668	6666.7	5
3	66826	6682.5	1
3	66878	6687.7	1
3	66932	6693.1	20
3	66960	6695.9	1
3	66968	6696.7	1
3	66976	6697.5	5
3	66998	6699.7	7
3	67002	6700.1	1
3	67008	6700.7	2
3	67114	6711.3	13
3	67232	6723.1	15
3	67368	6736.7	4
3	67394	6739.3	1
3	67420	6741.9	21
3	67498	6749.7	6
3	67540	6753.9	2
3	67552	6755.1	1
3	67614	6761.3	2
3	67632	6763.1	1
3	67706	6770.5	8
3	67718	6771.7	1
3	67754	6775.3	1
3	67794	6779.3	1
3	67818	6781.7	1
3	67824	6782.3	3
3	67862	6786.1	1
3	67890	6788.9	1
3	67898	6789.7	1
3	67912	6791.1	2
3	67990	6798.9	1
3	68038	6803.7	1
3	68066	6806.5	20
3	68252	6825.1	1
3	68284	6828.3	1
3	68348	6834.7	2
3	68378	6837.7	1
3	68390	6838.9	1
3	68506	6850.5	1
3	68534	6853.3	5
3	68544	6854.3	1
3	68550	6854.9	4
3	68728	6872.7	8
3	68808	6880.7	8
3	68848	6884.7	16
3	68916	6891.5	2
3	68946	6894.5	2
3	68968	6896.7	19
3	69104	6910.3	2
3	69164	6916.3	2
3	69224	6922.3	2
3	69242	6924.1	1
3	69244	6924.3	1
3	69328	6932.7	1
3	69378	6937.7	36
3	69380	6937.9	1
3	69412	6941.1	2
3	69436	6943.5	1
3	69482	6948.1	1
3	69542	6954.1	11
3	69562	6956.1	1
3	69648	6964.7	1
3	69940	6993.9	29
3	70004	7000.3	1
3	70114	7011.3	4
3	70238	7023.7	5
3	70266	7026.5	5
3	70272	7027.1	2
3	70334	7033.3	2
3	70344	7034.3	6
3	70362	7036.1	8
3	70410	7040.9	2
3	70460	7045.9	3
3	70532	7053.1	1
3	70638	7063.7	1
3	70660	7065.9	11
3	70718	7071.7	18
3	70892	7089.1	1
3	70930	7092.9	1
3	70974	7097.3	1
3	71152	7115.1	6
3	71206	7120.5	1
3	71300	7129.9	1
3	71306	7130.5	4
3	71392	7139.1	1
3	71404	7140.3	3
3	71418	7141.7	2
3	71476	7147.5	1
3	71550	7154.9	2
3	71568	7156.7	10
3	71672	7167.1	1
3	71752	7175.1	1
3	71938	7193.7	18
3	71990	7198.9	2
3	71996	7199.5	2
3	72026	7202.5	1
3	72066	7206.5	2
3	72096	7209.5	3
3	72116	7211.5	1
3	72138	7213.7	5
3	72142	7214.1	1
3	72162	7216.1	19
3	72178	7217.7	6
3	72266	7226.5	1
3	72272	7227.1	4
3	72328	7232.7	4
3	72382	7238.1	10
3	72400	7239.9	1
3	72446	7244.5	9
3	72478	7247.7	4
3	72502	7250.1	3
3	72604	7260.3	1
3	72626	7262.5	6
3	72684	7268.3	9
3	72770	7276.9	3
3	73026	7302.5	1
3	73072	7307.1	1
3	73074	7307.3	1
3	73198	7319.7	1
3	73214	7321.3	4
3	73216	7321.5	1
3	73230	7322.9	1
3	73262	7326.1	6
3	73290	7328.9	1
3	73330	7332.9	1
3	73356	7335.5	1
3	73366	7336.5	1
3	73408	7340.7	2
3	73438	7343.7	1
3	73572	7357.1	1
3	73716	7371.5	1
3	73752	7375.1	1
3	73788	7378.7	1
3	73796	7379.5	4
3	73810	7380.9	1
3	73816	7381.5	1
3	73834	7383.3	2
3	73866	7386.5	1
3	73898	7389.7	1
3	73918	7391.7	5
3	73930	7392.9	9
3	73934	7393.3	1
3	74036	7403.5	6
3	74098	7409.7	1
3	74148	7414.7	1
3	74166	7416.5	12
3	74388	7438.7	1
3	74486	7448.5	4
3	74562	7456.1	1
3	74594	7459.3	1
3	74646	7464.5	10
3	74648	7464.7	1
3	74650	7464.9	1
3	74674	7467.3	12
3	74684	7468.3	5
3	74690	7468.9	1
3	74692	7469.1	1
3	74760	7475.9	1
3	74766	7476.5	4
3	74774	7477.3	3
3	74908	7490.7	2
3	74928	7492.7	1
3	74938	7493.7	5
3	74962	7496.1	4
3	74976	7497.5	1
3	75050	7504.9	1
3	75214	7521.3	6
3	75248	7524.7	3
3	75252	7525.1	2
3	75308	7530.7	1
3	75448	7544.7	4
3	75534	7553.3	2
3	75560	7555.9	8
3	75596	7559.5	2
3	75666	7566.5	8
3	75712	7571.1	1
3	75750	7574.9	1
3	75772	7577.1	5
3	75790	7578.9	7
3	75828	7582.7	7
3	75868	7586.7	1
3	75874	7587.3	1
3	75976	7597.5	3
3	76020	7601.9	8
3	76228	7622.7	12
3	76238	7623.7	4
3	76366	7636.5	2
3	76412	7641.1	3
3	76494	7649.3	6
3	76496	7649.5	1
3	76518	7651.7	8
3	76526	7652.5	1
3	76578	7657.7	11
3	76630	7662.9	1
3	76666	7666.5	1
3	76670	7666.9	3
3	76676	7667.5	2
3	76718	7671.7	3
3	76728	7672.7	1
3	76756	7675.5	2
3	76774	7677.3	1
3	76828	7682.7	1
3	76830	7682.9	1
3	76870	7686.9	1
3	76912	7691.1	4
3	76950	7694.9	1
3	76962	7696.1	2
3	76974	7697.3	2
3	77070	7706.9	1
3	77314	7731.3	1
3	77434	7743.3	22
3	77556	7755.5	1
3	77570	7756.9	3
3	77600	7759.9	1
3	77674	7767.3	12
3	77696	7769.5	5
3	77802	7780.1	1
3	78050	7804.9	6
3	78176	7817.5	9
3	78178	7817.7	1
3	78262	7826.1	2
3	78270	7826.9	5
3	78406	7840.5	6
3	78618	7861.7	2
3	78624	7862.3	5
3	78676	7867.5	1
3	78724	7872.3	4
3	78788	7878.7	5
3	78798	7879.7	6
3	78810	7880.9	1
3	78828	7882.7	8
3	78870	7886.9	1
3	79004	7900.3	1
3	79096	7909.5	6
3	79194	7919.3	1
3	79250	7924.9	1
3	79276	7927.5	1
3	79316	7931.5	8
3	79392	7939.1	2
3	79500	7949.9	1
3	79618	7961.7	16
3	79754	7975.3	1
3	79988	7998.7	2
3	80034	8003.3	1
3	80036	8003.5	1
3	80042	8004.1	1
3	80064	8006.3	2
3	80180	8017.9	1
3	80318	8031.7	6
3	80372	8037.1	9
3	80468	8046.7	1
3	80510	8050.9	23
3	80520	8051.9	1
3	80584	8058.3	1
3	80722	8072.1	4
3	80786	8078.5	4
3	80808	8080.7	12
3	81084	8108.3	8
3	81130	8112.9	10
3	81144	8114.3	5
3	81214	8121.3	1
3	81246	8124.5	1
3	81268	8126.7	1
3	81304	8130.3	1
3	81306	8130.5	1
3	81362	8136.1	1
3	81384	8138.3	6
3	81468	8146.7	2
3	81506	8150.5	1
3	81510	8150.9	1
3	81542	8154.1	1
3	81682	8168.1	2
3	81806	8180.5	2
3	81840	8183.9	1
3	81890	8188.9	1
3	82022	8202.1	2
3	82036	8203.5	1
3	82082	8208.1	1
3	82232	8223.1	11
3	82290	8228.9	1
3	82306	8230.5	4
3	82418	8241.7	20
3	82464	8246.3	3
3	82506	8250.5	1
3	82576	8257.5	1
3	82624	8262.3	8
3	82754	8275.3	1
3	82772	8277.1	16
3	82880	8287.9	1
3	82918	8291.7	1
3	82958	8295.7	8
3	83026	8302.5	1
3	83086	8308.5	6
3	83158	8315.7	1
3	83268	8326.7	1
3	83344	8334.3	6
3	83382	8338.1	18
3	83444	8344.3	6
3	83508	8350.7	1
3	83534	8353.3	1
3	83596	8359.5	6
3	83722	8372.1	1
3	83774	8377.3	5
3	83786	8378.5	1
3	83910	8390.9	5
3	83932	8393.1	1
3	84002	8400.1	6
3	84028	8402.7	16
3	84042	8404.1	2
3	84148	8414.7	1
3	84180	8417.9	2
3	84328	8432.7	6
3	84364	8436.3	2
3	84390	8438.9	1
3	84412	8441.1	2
3	84446	8444.5	1
3	84644	8464.3	6
3	84676	8467.5	13
3	84786	8478.5	18
3	84796	8479.5	1
3	84966	8496.5	1
3	85012	8501.1	1
3	85014	8501.3	1
3	85062	8506.1	1
3	85268	8526.7	1
3	85272	8527.1	1
3	85280	8527.9	1
3	85448	8544.7	14
3	85584	8558.3	2
3	85594	8559.3	8
3	85668	8566.7	12
3	85738	8573.7	1
3	85912	8591.1	1
3	85980	8597.9	2
3	86014	8601.3	6
3	86100	8609.9	4
3	86162	8616.1	22
3	86282	8628.1	7
3	86298	8629.7	1
3	86428	8642.7	10
3	86512	8651.1	1
3	86568	8656.7	1
3	86656	8665.5	2
3	86706	8670.5	4
3	86720	8671.9	5
3	86740	8673.9	1
3	86756	8675.5	1
3	87030	8702.9	1
3	87034	8703.3	1
3	87172	8717.1	1
3	87202	8720.1	1
3	87394	8739.3	1
3	87454	8745.3	8
3	87476	8747.5	13
3	87702	8770.1	4
3	87716	8771.5	1
3	87756	8775.5	4
3	87812	8781.1	1
3	87990	8798.9	2
3	88010	8800.9	7
3	88034	8803.3	1
3	88062	8806.1	1
3	88112	8811.1	1
3	88114	8811.3	1
3	88132	8813.1	8
3	88134	8813.3	1
3	88194	8819.3	2
3	88204	8820.3	2
3	88282	8828.1	8
3	88586	8858.5	3
3	88670	8866.9	6
3	88770	8876.9	5
3	88822	8882.1	1
3	88874	8887.3	8
3	88900	8889.9	1
3	88910	8890.9	7
3	88972	8897.1	7
3	89040	8903.9	2
3	89114	8911.3	1
3	89116	8911.5	1
3	89266	8926.5	4
3	89272	8927.1	2
3	89290	8928.9	8
3	89312	8931.1	14
3	89356	8935.5	1
3	89366	8936.5	7
3	89648	8964.7	2
3	89698	8969.7	3
3	89784	8978.3	10
3	89886	8988.5	16
3	89920	8991.9	1
3	89950	8994.9	1
3	89952	8995.1	1
3	90002	9000.1	2
3	90052	9005.1	1
3	90296	9029.5	1
3	90366	9036.5	1
3	90410	9040.9	5
3	90414	9041.3	2
3	90440	9043.9	4
3	90512	9051.1	2
3	90580	9057.9	4
3	90614	9061.3	10
3	90708	9070.7	1
3	90818	9081.7	16
3	90856	9085.5	1
3	90906	9090.5	2
3	90986	9098.5	1
3	91078	9107.7	21
3	91090	9108.9	1
3	91114	9111.3	1
3	91208	9120.7	18
3	91210	9120.9	1
3	91240	9123.9	1
3	91250	9124.9	4
3	91312	9131.1	22
3	91326	9132.5	1
3	91344	9134.3	4
3	91402	9140.1	8
3	91422	9142.1	1
3	91452	9145.1	8
3	91508	9150.7	1
3	91510	9150.9	1
3	91570	9156.9	2
3	91616	9161.5	1
3	91618	9161.7	1
3	91632	9163.1	1
3	91676	9167.5	1
3	91778	9177.7	2
3	91892	9189.1	6
3	91940	9193.9	14
3	92044	9204.3	1
3	92066	9206.5	1
3	92140	9213.9	2
3	92290	9228.9	1
3	92302	9230.1	10
3	92344	9234.3	10
3	92454	9245.3	1
3	92484	9248.3	1
3	92540	9253.9	1
3	92590	9258.9	16
3	92592	9259.1	1
3	92640	9263.9	10
3	92668	9266.7	2
3	92698	9269.7	1
3	92746	9274.5	3
3	92800	9279.9	2
3	92828	9282.7	1
3	92842	9284.1	5
3	92964	9296.3	1
3	93092	9309.1	1
3	93210	9320.9	4
3	93264	9326.3	1
3	93278	9327.7	1
3	93462	9346.1	1
3	93598	9359.7	1
3	93780	9377.9	1
3	93806	9380.5	1
3	93974	9397.3	11
3	94042	9404.1	4
3	94054	9405.3	7
3	94066	9406.5	3
3	94100	9409.9	7
3	94114	9411.3	4
3	94138	9413.7	1
3	94276	9427.5	2
3	94296	9429.5	1
3	94364	9436.3	1
3	94474	9447.3	1
3	94478	9447.7	1
3	94534	9453.3	1
3	94566	9456.5	2
3	94596	9459.5	4
3	94734	9473.3	1
3	94804	9480.3	11
3	94834	9483.3	1
3	95008	9500.7	1
3	95088	9508.7	1
3	95138	9513.7	13
3	95176	9517.5	1
3	95182	9518.1	1
3	95244	9524.3	1
3	95502	9550.1	4
3	95514	9551.3	1
3	95534	9553.3	5
3	95542	9554.1	1
3	95582	9558.1	1
3	95630	9562.9	1
3	95686	9568.5	2
3	95698	9569.7	1
3	95740	9573.9	2
3	95746	9574.5	1
3	95818	9581.7	9
3	95860	9585.9	1
3	95884	9588.3	3
3	95926	9592.5	21
3	96000	9599.9	6
3	96068	9606.7	2
3	96108	9610.7	6
3	96262	9626.1	3
3	96374	9637.3	1
3	96384	9638.3	1
3	96412	9641.1	1
3	96428	9642.7	1
3	96442	9644.1	7
3	96622	9662.1	18
3	96686	9668.5	18
3	96690	9668.9	1
3	96698	9669.7	3
3	96748	9674.7	6
3	96800	9679.9	7
3	96812	9681.1	8
3	96846	9684.5	11
3	96852	9685.1	2
3	96976	9697.5	3
3	96986	9698.5	1
3	97014	9701.3	1
3	97058	9705.7	1
3	97076	9707.5	10
3	97150	9714.9	1
3	97176	9717.5	2
3	97196	9719.5	9
3	97214	9721.3	12
3	97222	9722.1	1
3	97474	9747.3	6
3	97544	9754.3	4
3	97686	9768.5	7
3	97698	9769.7	1
3	97782	9778.1	6
3	97814	9781.3	1
3	97824	9782.3	7
3	97910	9790.9	1
3	97928	9792.7	9
3	97954	9795.3	1
3	98264	9826.3	11
3	98422	9842.1	12
3	98474	9847.3	46
3	98480	9847.9	3
3	98526	9852.5	2
3	98534	9853.3	7
3	98700	9869.9	1
3	98746	9874.5	9
3	98760	9875.9	2
3	98834	9883.3	2
3	98854	9885.3	1
3	98890	9888.9	14
3	98900	9889.9	2
3	98908	9890.7	1
3	98936	9893.5	1
3	98972	9897.1	4
3	98996	9899.5	1
3	99082	9908.1	30
3	99158	9915.7	4
3	99238	9923.7	1
3	99294	9929.3	4
3	99424	9942.3	1
3	99586	9958.5	2
3	99592	9959.1	1
3	99614	9961.3	20
3	99650	9964.9	1
3	99674	9967.3	1
3	99710	9970.9	8
3	99718	9971.7	1
3	99806	9980.5	1
3	99896	9989.5	4
3	99914	9991.3	1
3	99970	9996.9	1
3	100080	10007.9	2
3	100142	10014.1	8
3	100260	10025.9	2
3	100322	10032.1	1
3	100324	10032.3	1
3	100348	10034.7	3
3	100512	10051.1	1
3	100526	10052.5	4
3	100548	10054.7	1
3	100594	10059.3	6
3	100614	10061.3	2
3	100626	10062.5	1
3	100666	10066.5	1
3	100668	10066.7	1
3	100690	10068.9	2
3	100728	10072.7	4
3	100768	10076.7	1
3	100902	10090.1	16
3	100904	10090.3	1
3	100992	10099.1	23
3	101000	10099.9	1
3	101054	10105.3	1
3	101074	10107.3	7
3	101156	10115.5	2
3	101228	10122.7	3
3	101398	10139.7	12
3	101488	10148.7	4
3	101524	10152.3	1
3	101638	10163.7	2
3	101720	10171.9	5
3	101774	10177.3	2
3	101838	10183.7	1
3	101844	10184.3	1
3	101856	10185.5	7
3	101914	10191.3	2
3	101932	10193.1	9
3	101944	10194.3	2
3	101962	10196.1	1
3	102038	10203.7	18
3	102060	10205.9	13
3	102094	10209.3	2
3	102194	10219.3	4
3	102202	10220.1	2
3	102222	10222.1	9
3	102276	10227.5	1
3	102296	10229.5	7
3	102298	10229.7	1
3	102352	10235.1	6
3	102374	10237.3	1
3	102398	10239.7	1
3	102418	10241.7	1
3	102516	10251.5	3
3	102530	10252.9	9
3	102538	10253.7	4
3	102540	10253.9	1
3	102782	10278.1	17
3	102858	10285.7	2
3	103148	10314.7	3
3	103176	10317.5	17
3	103182	10318.1	1
3	103278	10327.7	1
3	103290	10328.9	2
3	103332	10333.1	1
3	103646	10364.5	6
3	103716	10371.5	1
3	103776	10377.5	4
3	103968	10396.7	1
3	103980	10397.9	11
3	103992	10399.1	1
3	104018	10401.7	1
3	104110	10410.9	12
3	104134	10413.3	2
3	104272	10427.1	1
3	104292	10429.1	1
3	104430	10442.9	6
3	104450	10444.9	2
3	104510	10450.9	2
3	104518	10451.7	4
3	104538	10453.7	1
3	104570	10456.9	3
3	104750	10474.9	6
3	104764	10476.3	2
3	104774	10477.3	6
3	104894	10489.3	1
3	104954	10495.3	2
3	104972	10497.1	1
3	105004	10500.3	2
3	105022	10502.1	2
3	105048	10504.7	1
3	105122	10512.1	1
3	105154	10515.3	2
3	105204	10520.3	1
3	105240	10523.9	2
3	105294	10529.3	1
3	105326	10532.5	1
3	105382	10538.1	1
3	105396	10539.5	2
3	105398	10539.7	1
3	105614	10561.3	4
3	105634	10563.3	1
3	105796	10579.5	2
3	105898	10589.7	1
3	105960	10595.9	2
3	106042	10604.1	1
3	106226	10622.5	1
3	106290	10628.9	1
3	106360	10635.9	1
3	106446	10644.5	7
3	106474	10647.3	13
3	106518	10651.7	6
3	106550	10654.9	24
3	106654	10665.3	1
3	106752	10675.1	1
3	106976	10697.5	8
3	107002	10700.1	1
3	107014	10701.3	5
3	107122	10712.1	1
3	107142	10714.1	1
3	107146	10714.5	1
3	107238	10723.7	1
3	107242	10724.1	2
3	107394	10739.3	1
3	107402	10740.1	2
3	107406	10740.5	3
3	107532	10753.1	1
3	107632	10763.1	1
3	107648	10764.7	1
3	107694	10769.3	6
3	107786	10778.5	8
3	107808	10780.7	3
3	107912	10791.1	6
3	107922	10792.1	2
3	107956	10795.5	1
3	107962	10796.1	2
3	107976	10797.5	3
3	108010	10800.9	8
3	108054	10805.3	1
3	108108	10810.7	1
3	108142	10814.1	3
3	108148	10814.7	3
3	108206	10820.5	1
3	108250	10824.9	1
3	108252	10825.1	1
3	108300	10829.9	1
3	108316	10831.5	6
3	108396	10839.5	1
3	108480	10847.9	1
3	108548	10854.7	1
3	108574	10857.3	1
3	108610	10860.9	2
3	108624	10862.3	6
3	108728	10872.7	7
3	108814	10881.3	4
3	108860	10885.9	12
3	108872	10887.1	6
3	108880	10887.9	2
3	108904	10890.3	1
3	108928	10892.7	10
3	108990	10898.9	4
3	109026	10902.5	8
3	109046	10904.5	2
3	109060	10905.9	1
3	109076	10907.5	5
3	109104	10910.3	2
3	109222	10922.1	1
3	109370	10936.9	1
3	109428	10942.7	1
3	109476	10947.5	4
3	109530	10952.9	1
3	109670	10966.9	1
3	109934	10993.3	1
3	110022	11002.1	1
3	110070	11006.9	1
3	110232	11023.1	1
3	110292	11029.1	1
3	110420	11041.9	1
3	110430	11042.9	1
3	110440	11043.9	1
3	110448	11044.7	1
3	110452	11045.1	1
3	110490	11048.9	10
3	110538	11053.7	2
3	110574	11057.3	1
3	110632	11063.1	12
3	110668	11066.7	5
3	110730	11072.9	5
3	110732	11073.1	1
3	110770	11076.9	1
3	110810	11080.9	1
3	110954	11095.3	3
3	110982	11098.1	1
3	110996	11099.5	6
3	111028	11102.7	1
3	111084	11108.3	11
3	111144	11114.3	6
3	111192	11119.1	2
3	111228	11122.7	1
3	111250	11124.9	2
3	111316	11131.5	2
3	111332	11133.1	1
3	111406	11140.5	1
3	111418	11141.7	1
3	111456	11145.5	4
3	111472	11147.1	6
3	111478	11147.7	2
3	111482	11148.1	3
3	111484	11148.3	1
3	111566	11156.5	4
3	111572	11157.1	1
3	111614	11161.3	3
3	111636	11163.5	8
3	111792	11179.1	1
3	111860	11185.9	1
3	111874	11187.3	10
3	111982	11198.1	2
3	111994	11199.3	1
3	112090	11208.9	9
3	112138	11213.7	4
3	112260	11225.9	1
3	112600	11259.9	10
3	112642	11264.1	2
3	112670	11266.9	7
3	112838	11283.7	1
3	112894	11289.3	1
3	113030	11302.9	1
3	113144	11314.3	6
3	113344	11334.3	3
3	113406	11340.5	14
3	113446	11344.5	1
3	113492	11349.1	13
3	113514	11351.3	5
3	113550	11354.9	2
3	113648	11364.7	12
3	113664	11366.3	1
3	113772	11377.1	4
3	113796	11379.5	4
3	113894	11389.3	1
3	114018	11401.7	1
3	114024	11402.3	1
3	114066	11406.5	1
3	114150	11414.9	1
3	114170	11416.9	8
3	114214	11421.3	4
3	114236	11423.5	1
3	114352	11435.1	6
3	114386	11438.5	2
3	114408	11440.7	1
3	114460	11445.9	16
3	114472	11447.1	5
3	114524	11452.3	6
3	114548	11454.7	1
3	114624	11462.3	1
3	114682	11468.1	1
3	114746	11474.5	16
3	114854	11485.3	2
3	115010	11500.9	3
3	115034	11503.3	18
3	115080	11507.9	1
3	115092	11509.1	8
3	115218	11521.7	1
3	115294	11529.3	1
3	115340	11533.9	1
3	115358	11535.7	4
3	115422	11542.1	22
3	115570	11556.9	7
3	115638	11563.7	1
3	115670	11566.9	1
3	115694	11569.3	1
3	115714	11571.3	2
3	115830	11582.9	1
3	115846	11584.5	8
3	115868	11586.7	6
3	115906	11590.5	14
3	115928	11592.7	1
3	116002	11600.1	1
3	116054	11605.3	1
3	116074	11607.3	1
3	116076	11607.5	1
3	116116	11611.5	1
3	116120	11611.9	1
3	116280	11627.9	8
3	116304	11630.3	8
3	116382	11638.1	1
3	116432	11643.1	1
3	116486	11648.5	1
3	116506	11650.5	2
3	116586	11658.5	1
3	116592	11659.1	3
3	116602	11660.1	1
3	116672	11667.1	8
3	116724	11672.3	3
3	116866	11686.5	1
3	116874	11687.3	1
3	117018	11701.7	10
3	117036	11703.5	1
3	117048	11704.7	6
3	117090	11708.9	6
3	117144	11714.3	2
3	117284	11728.3	1
3	117306	11730.5	2
3	117322	11732.1	1
3	117334	11733.3	5
3	117540	11753.9	1
3	117554	11755.3	1
3	117598	11759.7	8
3	117700	11769.9	1
3	117990	11798.9	4
3	118026	11802.5	2
3	118082	11808.1	1
3	118084	11808.3	1
3	118160	11815.9	1
3	118242	11824.1	8
3	118298	11829.7	5
3	118304	11830.3	3
3	118400	11839.9	2
3	118446	11844.5	1
3	118536	11853.5	6
3	118548	11854.7	4
3	118568	11856.7	1
3	118598	11859.7	1
3	118732	11873.1	1
3	118774	11877.3	1
3	118884	11888.3	1
3	118906	11890.5	5
3	118942	11894.1	10
3	119042	11904.1	1
3	119098	11909.7	19
3	119200	11919.9	4
3	119246	11924.5	2
3	119254	11925.3	1
3	119386	11938.5	1
3	119388	11938.7	1
3	119404	11940.3	1
3	119550	11954.9	1
3	119552	11955.1	1
3	119560	11955.9	1
3	119656	11965.5	4
3	119662	11966.1	1
3	119670	11966.9	4
3	119672	11967.1	1
3	119750	11974.9	20
3	119760	11975.9	4
3	119788	11978.7	4
3	119810	11980.9	1
3	119820	11981.9	7
3	119828	11982.7	4
3	119868	11986.7	1
3	119884	11988.3	2
3	119900	11989.9	2
3	120060	12005.9	1
3	120148	12014.7	18
3	120214	12021.3	1
3	120230	12022.9	1
3	120272	12027.1	8
3	120304	12030.3	2
3	120314	12031.3	1
3	120358	12035.7	8
3	120394	12039.3	3
3	120400	12039.9	1
3	120414	12041.3	6
3	120426	12042.5	1
3	120452	12045.1	4
3	120464	12046.3	1
3	120470	12046.9	1
3	120490	12048.9	1
3	120510	12050.9	14
3	120690	12068.9	2
3	120746	12074.5	7
3	120820	12081.9	1
3	120838	12083.7	1
3	120870	12086.9	6
3	120908	12090.7	7
3	120980	12097.9	2
3	121012	12101.1	1
3	121102	12110.1	2
3	121250	12124.9	2
3	121274	12127.3	3
3	121306	12130.5	1
3	121346	12134.5	1
3	121604	12160.3	1
3	121684	12168.3	1
3	121728	12172.7	1
3	121730	12172.9	1
3	121856	12185.5	6
3	121902	12190.1	1
3	122022	12202.1	3
3	122034	12203.3	1
3	122264	12226.3	1
3	122308	12230.7	1
3	122362	12236.1	1
3	122378	12237.7	1
3	122428	12242.7	6
3	122582	12258.1	1
3	122592	12259.1	4
3	122640	12263.9	1
3	122660	12265.9	9
3	122828	12282.7	1
3	122830	12282.9	1
3	122844	12284.3	4
3	122868	12286.7	1
3	122950	12294.9	8
3	123008	12300.7	1
3	123118	12311.7	2
3	123140	12313.9	6
3	123168	12316.7	2
3	123172	12317.1	1
3	123190	12318.9	1
3	123216	12321.5	1
3	123266	12326.5	6
3	123332	12333.1	2
3	123376	12337.5	4
3	123384	12338.3	1
3	123400	12339.9	4
3	123440	12343.9	2
3	123486	12348.5	6
3	123532	12353.1	1
3	123644	12364.3	8
3	123662	12366.1	2
3	123702	12370.1	1
3	123778	12377.7	4
3	123946	12394.5	1
3	123992	12399.1	1
3	123994	12399.3	1
3	124086	12408.5	4
3	124164	12416.3	1
3	124176	12417.5	2
3	124188	12418.7	2
3	124194	12419.3	1
3	124218	12421.7	9
3	124268	12426.7	5
3	124270	12426.9	1
3	124326	12432.5	1
3	124372	12437.1	1
3	124374	12437.3	1
3	124548	12454.7	1
3	124570	12456.9	6
3	124590	12458.9	1
3	124618	12461.7	1
3	124706	12470.5	1
3	124736	12473.5	1
3	124858	12485.7	18
3	124884	12488.3	1
3	124900	12489.9	1
3	124906	12490.5	1
3	124948	12494.7	1
3	124994	12499.3	1
3	125110	12510.9	3
3	125194	12519.3	1
3	125282	12528.1	12
3	125302	12530.1	1
3	125368	12536.7	1
3	125412	12541.1	1
3	125490	12548.9	1
3	125498	12549.7	1
3	125546	12554.5	2
3	125610	12560.9	8
3	125738	12573.7	2
3	125842	12584.1	4
3	125854	12585.3	2
3	125898	12589.7	4
3	125984	12598.3	4
3	126012	12601.1	1
3	126038	12603.7	1
3	126070	12606.9	4
3	126208	12620.7	1
3	126342	12634.1	1
3	126344	12634.3	1
3	126396	12639.5	1
3	126450	12644.9	1
3	126452	12645.1	1
3	126528	12652.7	4
3	126576	12657.5	1
3	126588	12658.7	11
3	126680	12667.9	4
3	126730	12672.9	1
3	126850	12684.9	9
3	126888	12688.7	1
3	126910	12690.9	1
3	126920	12691.9	4
3	126968	12696.7	5
3	126972	12697.1	1
3	126986	12698.5	2
3	127112	12711.1	4
3	127158	12715.7	6
3	127224	12722.3	1
3	127232	12723.1	1
3	127250	12724.9	1
3	127256	12725.5	2
3	127306	12730.5	10
3	127370	12736.9	1
3	127404	12740.3	1
3	127686	12768.5	4
3	127724	12772.3	1
3	127770	12776.9	6
3	127890	12788.9	6
3	127912	12791.1	1
3	128048	12804.7	1
3	128062	12806.1	1
3	128072	12807.1	1
3	128086	12808.5	12
3	128152	12815.1	1
3	128218	12821.7	8
3	128284	12828.3	8
3	128406	12840.5	1
3	128724	12872.3	3
3	128798	12879.7	8
3	128806	12880.5	5
3	128832	12883.1	4
3	128840	12883.9	5
3	128878	12887.7	1
3	128896	12889.5	2
3	129072	12907.1	10
3	129082	12908.1	2
3	129084	12908.3	1
3	129162	12916.1	1
3	129296	12929.5	1
3	129368	12936.7	1
3	129428	12942.7	1
3	129434	12943.3	1
3	129538	12953.7	4
3	129608	12960.7	1
3	129662	12966.1	10
3	129752	12975.1	6
3	129764	12976.3	1
3	129930	12992.9	8
3	129960	12995.9	1
3	130184	13018.3	8
3	130218	13021.7	2
3	130250	13024.9	4
3	130266	13026.5	1
3	130300	13029.9	1
3	130326	13032.5	1
3	130410	13040.9	4
3	130602	13060.1	1
3	130688	13068.7	1
3	130698	13069.7	2
3	130800	13079.9	1
3	130988	13098.7	1
3	131050	13104.9	1
3	131192	13119.1	4
3	131266	13126.5	4
3	131312	13131.1	1
3	131330	13132.9	4
3	131356	13135.5	1
3	131392	13139.1	1
3	131432	13143.1	1
3	131462	13146.1	10
3	131500	13149.9	2
3	131502	13150.1	1
3	131534	13153.3	1
3	131552	13155.1	1
3	131582	13158.1	1
3	131594	13159.3	1
3	131650	13164.9	12
3	131678	13167.7	1
3	131740	13173.9	1
3	131746	13174.5	1
3	131828	13182.7	1
3	131860	13185.9	2
3	131900	13189.9	1
3	131928	13192.7	1
3	131964	13196.3	1
3	132044	13204.3	1
3	132074	13207.3	1
3	132142	13214.1	6
3	132224	13222.3	1
3	132236	13223.5	1
3	132252	13225.1	1
3	132276	13227.5	3
3	132292	13229.1	13
3	132294	13229.3	1
3	132332	13233.1	1
3	132374	13237.3	3
3	132406	13240.5	1
3	132622	13262.1	1
3	132634	13263.3	4
3	132684	13268.3	1
3	132700	13269.9	1
3	132712	13271.1	4
3	132892	13289.1	6
3	132942	13294.1	2
3	132984	13298.3	6
3	133104	13310.3	8
3	133112	13311.1	2
3	133202	13320.1	6
3	133226	13322.5	1
3	133250	13324.9	1
3	133360	13335.9	1
3	133362	13336.1	1
3	133394	13339.3	6
3	133658	13365.7	4
3	133744	13374.3	4
3	133748	13374.7	1
3	133816	13381.5	4
3	133840	13383.9	5
3	133880	13387.9	5
3	133972	13397.1	10
3	134112	13411.1	9
3	134126	13412.5	1
3	134182	13418.1	1
3	134330	13432.9	4
3	134352	13435.1	1
3	134536	13453.5	2
3	134612	13461.1	3
3	134680	13467.9	15
3	134800	13479.9	6
3	134808	13480.7	5
3	134868	13486.7	1
3	134998	13499.7	9
3	135014	13501.3	1
3	135088	13508.7	2
3	135110	13510.9	4
3	135178	13517.7	1
3	135246	13524.5	2
3	135248	13524.7	1
3	135264	13526.3	1
3	135290	13528.9	1
3	135344	13534.3	2
3	135426	13542.5	9
3	135474	13547.3	8
3	135584	13558.3	1
3	135600	13559.9	1
3	135638	13563.7	1
3	135666	13566.5	2
3	135754	13575.3	8
3	135784	13578.3	9
3	135824	13582.3	1
3	135838	13583.7	3
3	135886	13588.5	1
3	135906	13590.5	5
3	135972	13597.1	9
3	136314	13631.3	7
3	136440	13643.9	5
3	136468	13646.7	1
3	136616	13661.5	14
3	136682	13668.1	2
3	136704	13670.3	6
3	136734	13673.3	4
3	136788	13678.7	1
3	136818	13681.7	6
3	136884	13688.3	1
3	136908	13690.7	3
3	136940	13693.9	2
3	137004	13700.3	8
3	137034	13703.3	1
3	137068	13706.7	12
3	137080	13707.9	2
3	137174	13717.3	12
3	137434	13743.3	5
3	137522	13752.1	1
3	137680	13767.9	1
3	137708	13770.7	4
3	137712	13771.1	1
3	137726	13772.5	3
3	137780	13777.9	7
3	137830	13782.9	1
3	137974	13797.3	1
3	137998	13799.7	1
3	138148	13814.7	1
3	138196	13819.5	1
3	138220	13821.9	4
3	138320	13831.9	1
3	138368	13836.7	1
3	138438	13843.7	7
3	138452	13845.1	8
3	138518	13851.7	1
3	138616	13861.5	1
3	138626	13862.5	2
3	138636	13863.5	2
3	138718	13871.7	1
3	138744	13874.3	1
3	138754	13875.3	3
3	138812	13881.1	6
3	138832	13883.1	5
3	139020	13901.9	1
3	139054	13905.3	30
3	139072	13907.1	1
3	139196	13919.5	1
3	139208	13920.7	3
3	139282	13928.1	2
3	139408	13940.7	3
3	139444	13944.3	1
3	139588	13958.7	4
3	139742	13974.1	1
3	139744	13974.3	1
3	139768	13976.7	15
3	139876	13987.5	1
3	140018	14001.7	9
3	140084	14008.3	1
3	140256	14025.5	6
3	140296	14029.5	6
3	140298	14029.7	1
3	140340	14033.9	2
3	140348	14034.7	1
3	140392	14039.1	7
3	140430	14042.9	6
3	140470	14046.9	2
3	140554	14055.3	2
3	140680	14067.9	1
3	140712	14071.1	1
3	140756	14075.5	4
3	140834	14083.3	1
3	140890	14088.9	3
3	141004	14100.3	25
3	141010	14100.9	1
3	141162	14116.1	1
3	141172	14117.1	2
3	141632	14163.1	3
3	141682	14168.1	1
3	141696	14169.5	1
3	141840	14183.9	1
3	141862	14186.1	3
3	141896	14189.5	1
3	141908	14190.7	1
3	141950	14194.9	5
3	141958	14195.7	2
3	141988	14198.7	15
3	142050	14204.9	1
3	142090	14208.9	1
3	142354	14235.3	6
3	142400	14239.9	11
3	142410	14240.9	6
3	142440	14243.9	1
3	142520	14251.9	6
3	142542	14254.1	1
3	142590	14258.9	1
3	142594	14259.3	1
3	142618	14261.7	1
3	142768	14276.7	8
3	142842	14284.1	1
3	143118	14311.7	1
3	143132	14313.1	1
3	143152	14315.1	1
3	143170	14316.9	13
3	143188	14318.7	2
3	143312	14331.1	5
3	143340	14333.9	27
3	143400	14339.9	2
3	143436	14343.5	1
3	143452	14345.1	4
3	143472	14347.1	7
3	143500	14349.9	6
3	143562	14356.1	8
3	143608	14360.7	1
3	143762	14376.1	1
3	143782	14378.1	2
3	143818	14381.7	4
3	144042	14404.1	1
3	144172	14417.1	1
3	144188	14418.7	3
3	144312	14431.1	1
3	144328	14432.7	3
3	144346	14434.5	1
3	144460	14445.9	1
3	144492	14449.1	1
3	144640	14463.9	1
3	144676	14467.5	5
3	144686	14468.5	7
3	144712	14471.1	1
3	144716	14471.5	3
3	144808	14480.7	4
3	144856	14485.5	1
3	145116	14511.5	6
3	145340	14533.9	2
3	145424	14542.3	11
3	145510	14550.9	2
3	145620	14561.9	2
3	145674	14567.3	1
3	145686	14568.5	1
3	145818	14581.7	18
3	145916	14591.5	2
3	145956	14595.5	10
3	146044	14604.3	2
3	146076	14607.5	1
3	146120	14611.9	2
3	146148	14614.7	1
3	146254	14625.3	5
3	146292	14629.1	14
3	146314	14631.3	9
3	146430	14642.9	1
3	146480	14647.9	1
3	146528	14652.7	4
3	146536	14653.5	6
3	146574	14657.3	1
3	146576	14657.5	1
3	146660	14665.9	2
3	146804	14680.3	1
3	146826	14682.5	6
3	146838	14683.7	1
3	146846	14684.5	3
3	146868	14686.7	2
3	146898	14689.7	1
3	146956	14695.5	1
3	146990	14698.9	11
3	147058	14705.7	1
3	147100	14709.9	1
3	147250	14724.9	3
3	147260	14725.9	3
3	147268	14726.7	2
3	147270	14726.9	1
3	147334	14733.3	1
3	147342	14734.1	6
3	147486	14748.5	4
3	147490	14748.9	1
3	147546	14754.5	1
3	147566	14756.5	4
3	147588	14758.7	1
3	147672	14767.1	26
3	147834	14783.3	2
3	147842	14784.1	2
3	147894	14789.3	1
3	147918	14791.7	1
3	147920	14791.9	1
3	148160	14815.9	2
3	148308	14830.7	10
3	148412	14841.1	1
3	148446	14844.5	2
3	148494	14849.3	1
3	148676	14867.5	1
3	148692	14869.1	1
3	148814	14881.3	1
3	148868	14886.7	11
3	148944	14894.3	1
3	148970	14896.9	14
3	148978	14897.7	2
3	149042	14904.1	1
3	149084	14908.3	20
3	149210	14920.9	1
3	149238	14923.7	8
3	149246	14924.5	1
3	149550	14954.9	1
3	149562	14956.1	2
3	149570	14956.9	2
3	149598	14959.7	3
3	149640	14963.9	12
3	149680	14967.9	1
3	149694	14969.3	7
3	149730	14972.9	8
3	149744	14974.3	4
3	149752	14975.1	5
3	149862	14986.1	9
3	149906	14990.5	1
3	149950	14994.9	2
3	149966	14996.5	6
3	149972	14997.1	5
3	150020	15001.9	2
3	150034	15003.3	4
3	150054	15005.3	8
3	150088	15008.7	1
3	150186	15018.5	12
3	150202	15020.1	4
3	150294	15029.3	9
3	150308	15030.7	1
3	150338	15033.7	2
3	150460	15045.9	10
3	150466	15046.5	1
3	150516	15051.5	1
3	150694	15069.3	6
3	150696	15069.5	1
3	150736	15073.5	12
3	150914	15091.3	1
3	150920	15091.9	1
3	150922	15092.1	1
3	150988	15098.7	1
3	151030	15102.9	2
3	151080	15107.9	4
3	151100	15109.9	1
3	151198	15119.7	1
3	151234	15123.3	16
3	151298	15129.7	1
3	151328	15132.7	1
3	151366	15136.5	4
3	151450	15144.9	2
3	151544	15154.3	2
3	151588	15158.7	8
3	151630	15162.9	6
3	151698	15169.7	9
3	151788	15178.7	4
3	151842	15184.1	1
3	151882	15188.1	2
3	151922	15192.1	2
3	151960	15195.9	8
3	151986	15198.5	3
3	152008	15200.7	1
3	152068	15206.7	8
3	152074	15207.3	1
3	152144	15214.3	9
3	152218	15221.7	1
3	152274	15227.3	2
3	152328	15232.7	4
3	152372	15237.1	1
3	152468	15246.7	8
3	152478	15247.7	1
3	152644	15264.3	3
3	152660	15265.9	5
3	152826	15282.5	1
3	152946	15294.5	1
3	152988	15298.7	1
3	153046	15304.5	1
3	153050	15304.9	2
3	153084	15308.3	6
3	153132	15313.1	4
3	153170	15316.9	13
3	153178	15317.7	4
3	153226	15322.5	1
3	153232	15323.1	1
3	153284	15328.3	1
3	153356	15335.5	1
3	153372	15337.1	4
3	153472	15347.1	1
3	153704	15370.3	2
3	153742	15374.1	1
3	153754	15375.3	4
3	153830	15382.9	1
3	153994	15399.3	5
3	154094	15409.3	1
3	154110	15410.9	5
3	154258	15425.7	10
3	154288	15428.7	2
3	154330	15432.9	1
3	154332	15433.1	1
3	154434	15443.3	4
3	154622	15462.1	1
3	154674	15467.3	8
3	154678	15467.7	1
3	155070	15506.9	1
3	155102	15510.1	1
3	155170	15516.9	2
3	155176	15517.5	1
3	155198	15519.7	4
3	155208	15520.7	1
3	155214	15521.3	1
3	155262	15526.1	6
3	155270	15526.9	6
3	155296	15529.5	7
3	155314	15531.3	6
3	155492	15549.1	1
3	155526	15552.5	1
3	155558	15555.7	1
3	155572	15557.1	2
3	155588	15558.7	5
3	155652	15565.1	9
3	155804	15580.3	6
3	156086	15608.5	12
3	156182	15618.1	6
3	156212	15621.1	1
3	156236	15623.5	1
3	156258	15625.7	1
3	156302	15630.1	4
3	156332	15633.1	1
3	156348	15634.7	2
3	156408	15640.7	1
3	156460	15645.9	4
3	156462	15646.1	1
3	156828	15682.7	3
3	156850	15684.9	10
3	156852	15685.1	1
3	156868	15686.7	1
3	156892	15689.1	1
3	156974	15697.3	1
3	156988	15698.7	3
3	156998	15699.7	1
3	157120	15711.9	1
3	157200	15719.9	2
3	157248	15724.7	1
3	157256	15725.5	1
3	157266	15726.5	1
3	157284	15728.3	1
3	157302	15730.1	1
3	157370	15736.9	4
3	157462	15746.1	1
3	157586	15758.5	17
3	157618	15761.7	1
3	157636	15763.5	15
3	157638	15763.7	1
3	157642	15764.1	1
3	157648	15764.7	5
3	157744	15774.3	9
3	157846	15784.5	1
3	157870	15786.9	5
3	157890	15788.9	6
3	158266	15826.5	1
3	158294	15829.3	2
3	158300	15829.9	1
3	158400	15839.9	1
3	158416	15841.5	6
3	158430	15842.9	1
3	158466	15846.5	1
3	158490	15848.9	9
3	158496	15849.5	1
3	158764	15876.3	1
3	158766	15876.5	1
3	158874	15887.3	1
3	158876	15887.5	1
3	159008	15900.7	2
3	159114	15911.3	1
3	159182	15918.1	12
3	159192	15919.1	1
3	159278	15927.7	6
3	159280	15927.9	1
3	159286	15928.5	3
3	159292	15929.1	1
3	159312	15931.1	12
3	159352	15935.1	4
3	159358	15935.7	4
3	159392	15939.1	22
3	159462	15946.1	1
3	159498	15949.7	1
3	159516	15951.5	8
3	159608	15960.7	1
3	159840	15983.9	1
3	159900	15989.9	14
3	159906	15990.5	1
3	159908	15990.7	1
3	159920	15991.9	1
3	159932	15993.1	1
3	159958	15995.7	6
3	160042	16004.1	20
3	160186	16018.5	1
3	160308	16030.7	4
3	160340	16033.9	3
3	160376	16037.5	2
3	160458	16045.7	1
3	160494	16049.3	1
3	160530	16052.9	2
3	160552	16055.1	6
3	160648	16064.7	1
3	160656	16065.5	4
3	160708	16070.7	1
3	160860	16085.9	6
3	160894	16089.3	10
3	161092	16109.1	3
3	161122	16112.1	1
3	161148	16114.7	2
3	161186	16118.5	1
3	161218	16121.7	1
3	161258	16125.7	1
3	161284	16128.3	1
3	161310	16130.9	1
3	161378	16137.7	10
3	161406	16140.5	2
3	161440	16143.9	1
3	161450	16144.9	1
3	161538	16153.7	1
3	161550	16154.9	4
3	161612	16161.1	6
3	161644	16164.3	1
3	161656	16165.5	1
3	161690	16168.9	1
3	161748	16174.7	3
3	161774	16177.3	13
3	161792	16179.1	1
3	161822	16182.1	1
3	161852	16185.1	6
3	161858	16185.7	5
3	161976	16197.5	4
3	162042	16204.1	1
3	162056	16205.5	5
3	162154	16215.3	12
3	162278	16227.7	4
3	162324	16232.3	1
3	162340	16233.9	12
3	162398	16239.7	1
3	162464	16246.3	4
3	162500	16249.9	8
3	162578	16257.7	1
3	162624	16262.3	3
3	162650	16264.9	5
3	162688	16268.7	6
3	162692	16269.1	1
3	162772	16277.1	1
3	162846	16284.5	1
3	162900	16289.9	4
3	163094	16309.3	1
3	163184	16318.3	2
3	163208	16320.7	10
3	163218	16321.7	4
3	163340	16333.9	6
3	163550	16354.9	1
3	163556	16355.5	1
3	163670	16366.9	1
3	163686	16368.5	3
3	163712	16371.1	1
3	163926	16392.5	3
3	163944	16394.3	2
3	164054	16405.3	4
3	164116	16411.5	8
3	164134	16413.3	15
3	164178	16417.7	21
3	164200	16419.9	2
3	164214	16421.3	8
3	164396	16439.5	9
3	164412	16441.1	3
3	164432	16443.1	1
3	164518	16451.7	2
3	164708	16470.7	1
3	164782	16478.1	1
3	164788	16478.7	1
3	164826	16482.5	1
3	164860	16485.9	1
3	164890	16488.9	25
3	164896	16489.5	1
3	164904	16490.3	1
3	164918	16491.7	6
3	164934	16493.3	1
3	164944	16494.3	2
3	164998	16499.7	2
3	165046	16504.5	3
3	165088	16508.7	1
3	165138	16513.7	1
3	165196	16519.5	12
3	165240	16523.9	4
3	165300	16529.9	2
3	165324	16532.3	1
3	165366	16536.5	2
3	165412	16541.1	4
3	165462	16546.1	1
3	165528	16552.7	4
3	165658	16565.7	1
3	165668	16566.7	2
3	165688	16568.7	5
3	165750	16574.9	1
3	165800	16579.9	1
3	165826	16582.5	1
3	165836	16583.5	1
3	165976	16597.5	8
3	166034	16603.3	1
3	166052	16605.1	4
3	166108	16610.7	5
3	166194	16619.3	1
3	166298	16629.7	5
3	166386	16638.5	8
3	166388	16638.7	1
3	166434	16643.3	1
3	166474	16647.3	8
3	166502	16650.1	4
3	166554	16655.3	8
3	166586	16658.5	8
3	166654	16665.3	3
3	166804	16680.3	12
3	166820	16681.9	6
3	166826	16682.5	1
3	166852	16685.1	1
3	167090	16708.9	1
3	167140	16713.9	2
3	167254	16725.3	4
3	167272	16727.1	8
3	167368	16736.7	3
3	167458	16745.7	2
3	167486	16748.5	3
3	167506	16750.5	4
3	167520	16751.9	8
3	167546	16754.5	17
3	167778	16777.7	8
3	167834	16783.3	1
3	167846	16784.5	3
3	167878	16787.7	1
3	168068	16806.7	12
3	168070	16806.9	1
3	168072	16807.1	1
3	168096	16809.5	5
3	168116	16811.5	1
3	168180	16817.9	1
3	168278	16827.7	18
3	168314	16831.3	1
3	168324	16832.3	3
3	168326	16832.5	1
3	168480	16847.9	1
3	168514	16851.3	2
3	168730	16872.9	1
3	168778	16877.7	4
3	168966	16896.5	1
3	169052	16905.1	6
3	169126	16912.5	2
3	169216	16921.5	1
3	169266	16926.5	1
3	169336	16933.5	1
3	169408	16940.7	2
3	169448	16944.7	2
3	169500	16949.9	17
3	169616	16961.5	2
3	169660	16965.9	10
3	169666	16966.5	3
3	169680	16967.9	8
3	169726	16972.5	1
3	169864	16986.3	4
3	169874	16987.3	1
3	169938	16993.7	1
3	169976	16997.5	1
3	170006	17000.5	6
3	170094	17009.3	11
3	170162	17016.1	1
3	170344	17034.3	1
3	170372	17037.1	3
3	170400	17039.9	14
3	170440	17043.9	1
3	170444	17044.3	1
3	170482	17048.1	6
3	170498	17049.7	1
3	170550	17054.9	1
3	170642	17064.1	8
3	170698	17069.7	5
3	170714	17071.3	4
3	170790	17078.9	1
3	170904	17090.3	4
3	170918	17091.7	1
3	170944	17094.3	4
3	170956	17095.5	1
3	171000	17099.9	1
3	171022	17102.1	1
3	171056	17105.5	3
3	171094	17109.3	1
3	171122	17112.1	1
3	171244	17124.3	12
3	171346	17134.5	10
3	171416	17141.5	1
3	171420	17141.9	1
3	171434	17143.3	1
3	171456	17145.5	8
3	171576	17157.5	1
3	171624	17162.3	2
3	171804	17180.3	2
3	171828	17182.7	1
3	171860	17185.9	4
3	171968	17196.7	1
3	172136	17213.5	1
3	172144	17214.3	1
3	172436	17243.5	2
3	172474	17247.3	4
3	172476	17247.5	1
3	172478	17247.7	1
3	172484	17248.3	1
3	172582	17258.1	1
3	172622	17262.1	1
3	172638	17263.7	4
3	172658	17265.7	2
3	172674	17267.3	8
3	172692	17269.1	15
3	172804	17280.3	6
3	172806	17280.5	1
3	172846	17284.5	1
3	172902	17290.1	1
3	173026	17302.5	1
3	173060	17305.9	6
3	173154	17315.3	1
3	173196	17319.5	6
3	173202	17320.1	4
3	173274	17327.3	9
3	173338	17333.7	9
3	173424	17342.3	1
3	173478	17347.7	2
3	173492	17349.1	1
3	173502	17350.1	1
3	173566	17356.5	1
3	173576	17357.5	2
3	173586	17358.5	3
3	173678	17367.7	3
3	173688	17368.7	1
3	173886	17388.5	2
3	173972	17397.1	1
3	173984	17398.3	2
3	174042	17404.1	4
3	174098	17409.7	1
3	174202	17420.1	1
3	174270	17426.9	4
3	174288	17428.7	11
3	174356	17435.5	5
3	174384	17438.3	1
3	174568	17456.7	1
3	174616	17461.5	1
3	174620	17461.9	1
3	174658	17465.7	4
3	174686	17468.5	1
3	174718	17471.7	1
3	174768	17476.7	4
3	174806	17480.5	1
3	174868	17486.7	1
3	174890	17488.9	1
3	174938	17493.7	1
3	175006	17500.5	1
3	175062	17506.1	1
3	175122	17512.1	2
3	175148	17514.7	10
3	175408	17540.7	4
3	175414	17541.3	2
3	175416	17541.5	1
3	175488	17548.7	11
3	175538	17553.7	2
3	175568	17556.7	1
3	175696	17569.5	1
3	175706	17570.5	7
3	175744	17574.3	6
3	175756	17575.5	1
3	175820	17581.9	6
3	175842	17584.1	3
3	175858	17585.7	5
3	175970	17596.9	1
3	175994	17599.3	8
3	176046	17604.5	6
3	176120	17611.9	1
3	176124	17612.3	1
3	176132	17613.1	1
3	176252	17625.1	1
3	176424	17642.3	5
3	176542	17654.1	6
3	176554	17655.3	1
3	176580	17657.9	1
3	176598	17659.7	1
3	176612	17661.1	1
3	176614	17661.3	1
3	176656	17665.5	4
3	176808	17680.7	4
3	176868	17686.7	1
3	176872	17687.1	3
3	177112	17711.1	4
3	177156	17715.5	1
3	177318	17731.7	2
3	177336	17733.5	1
3	177368	17736.7	1
3	177388	17738.7	8
3	177478	17747.7	2
3	177592	17759.1	6
3	177672	17767.1	27
3	177700	17769.9	2
3	177732	17773.1	2
3	177756	17775.5	1
3	177782	17778.1	4
3	177954	17795.3	14
3	177998	17799.7	1
3	178038	17803.7	14
3	178042	17804.1	1
3	178048	17804.7	3
3	178058	17805.7	3
3	178062	17806.1	1
3	178080	17807.9	2
3	178124	17812.3	6
3	178182	17818.1	1
3	178274	17827.3	10
3	178294	17829.3	1
3	178298	17829.7	1
3	178354	17835.3	4
3	178458	17845.7	10
3	178534	17853.3	1
3	178610	17860.9	18
3	178628	17862.7	6
3	178650	17864.9	6
3	178702	17870.1	1
3	178704	17870.3	1
3	178746	17874.5	1
3	178750	17874.9	1
3	178828	17882.7	14
3	178858	17885.7	22
3	178868	17886.7	9
3	178936	17893.5	7
3	178996	17899.5	4
3	179046	17904.5	5
3	179104	17910.3	1
3	179240	17923.9	1
3	179402	17940.1	12
3	179406	17940.5	1
3	179500	17949.9	6
3	179532	17953.1	18
3	179564	17956.3	7
3	179654	17965.3	1
3	179688	17968.7	7
3	179710	17970.9	16
3	179816	17981.5	1
3	179888	17988.7	13
3	179908	17990.7	4
3	179982	17998.1	6
3	179984	17998.3	1
3	179990	17998.9	1
3	180048	18004.7	2
3	180052	18005.1	1
3	180066	18006.5	8
3	180100	18009.9	10
3	180102	18010.1	1
3	180150	18014.9	1
3	180162	18016.1	1
3	180184	18018.3	1
3	180196	18019.5	1
3	180212	18021.1	3
3	180270	18026.9	1
3	180342	18034.1	4
3	180456	18045.5	4
3	180460	18045.9	1
3	180500	18049.9	4
3	180544	18054.3	2
3	180646	18064.5	1
3	180736	18073.5	1
3	180738	18073.7	1
3	180840	18083.9	8
3	180880	18087.9	1
3	180918	18091.7	1
3	180944	18094.3	1
3	180982	18098.1	5
3	180984	18098.3	1
3	181000	18099.9	6
3	181028	18102.7	1
3	181034	18103.3	1
3	181078	18107.7	2
3	181088	18108.7	2
3	181092	18109.1	1
3	181100	18109.9	1
3	181158	18115.7	4
3	181204	18120.3	1
3	181280	18127.9	6
3	181354	18135.3	1
3	181382	18138.1	8
3	181432	18143.1	1
3	181452	18145.1	2
3	181456	18145.5	1
3	181498	18149.7	6
3	181556	18155.5	7
3	181588	18158.7	14
3	181676	18167.5	38
3	181716	18171.5	14
3	181722	18172.1	1
3	181740	18173.9	1
3	181784	18178.3	1
3	181846	18184.5	1
3	181862	18186.1	2
3	181888	18188.7	3
3	182024	18202.3	1
3	182150	18214.9	2
3	182256	18225.5	1
3	182288	18228.7	4
3	182310	18230.9	1
3	182326	18232.5	8
3	182332	18233.1	1
3	182336	18233.5	2
3	182344	18234.3	4
3	182402	18240.1	1
3	182432	18243.1	2
3	182558	18255.7	1
3	182806	18280.5	1
3	182844	18284.3	6
3	182864	18286.3	1
3	182882	18288.1	1
3	183030	18302.9	2
3	183114	18311.3	5
3	183156	18315.5	6
3	183198	18319.7	1
3	183222	18322.1	8
3	183298	18329.7	4
3	183434	18343.3	1
3	183440	18343.9	3
3	183466	18346.5	1
3	183536	18353.5	1
3	183602	18360.1	12
3	183630	18362.9	3
3	183786	18378.5	1
3	183886	18388.5	1
3	183888	18388.7	1
3	183984	18398.3	1
3	184030	18402.9	4
3	184060	18405.9	1
3	184106	18410.5	6
3	184126	18412.5	5
3	184230	18422.9	2
3	184232	18423.1	1
3	184286	18428.5	24
3	184310	18430.9	6
3	184312	18431.1	1
3	184324	18432.3	2
3	184426	18442.5	4
3	184462	18446.1	1
3	184500	18449.9	4
3	184544	18454.3	1
3	184564	18456.3	7
3	184576	18457.5	1
3	184590	18458.9	2
3	184600	18459.9	4
3	184648	18464.7	4
3	184684	18468.3	4
3	184724	18472.3	2
3	184742	18474.1	1
3	184814	18481.3	5
3	184854	18485.3	10
3	184860	18485.9	1
3	184868	18486.7	1
3	185060	18505.9	10
3	185142	18514.1	1
3	185170	18516.9	2
3	185222	18522.1	5
3	185248	18524.7	1
3	185308	18530.7	12
3	185332	18533.1	6
3	185350	18534.9	1
3	185370	18536.9	2
3	185404	18540.3	1
3	185434	18543.3	2
3	185460	18545.9	9
3	185462	18546.1	1
3	185502	18550.1	1
3	185512	18551.1	1
3	185682	18568.1	2
3	185726	18572.5	12
3	185744	18574.3	1
3	185822	18582.1	6
3	185824	18582.3	1
3	185916	18591.5	1
3	185928	18592.7	3
3	185934	18593.3	1
3	185956	18595.5	1
3	185962	18596.1	1
3	186010	18600.9	4
3	186072	18607.1	1
3	186094	18609.3	1
3	186126	18612.5	6
3	186200	18619.9	2
3	186276	18627.5	1
3	186316	18631.5	1
3	186326	18632.5	1
3	186340	18633.9	3
3	186374	18637.3	5
3	186468	18646.7	3
3	186476	18647.5	1
3	186504	18650.3	17
3	186558	18655.7	1
3	186654	18665.3	1
3	186680	18667.9	1
3	186776	18677.5	1
3	186814	18681.3	1
3	186820	18681.9	1
3	186906	18690.5	2
3	187066	18706.5	1
3	187130	18712.9	1
3	187138	18713.7	3
3	187206	18720.5	8
3	187234	18723.3	1
3	187342	18734.1	2
3	187400	18739.9	6
3	187512	18751.1	1
3	187620	18761.9	18
3	187710	18770.9	1
3	187732	18773.1	6
3	187906	18790.5	10
3	187928	18792.7	1
3	187960	18795.9	1
3	188044	18804.3	3
3	188072	18807.1	16
3	188236	18823.5	1
3	188292	18829.1	4
3	188326	18832.5	3
3	188360	18835.9	4
3	188466	18846.5	2
3	188546	18854.5	1
3	188556	18855.5	2
3	188570	18856.9	1
3	188650	18864.9	1
3	188852	18885.1	1
3	188918	18891.7	1
3	188976	18897.5	1
3	189140	18913.9	4
3	189222	18922.1	3
3	189386	18938.5	8
3	189400	18939.9	2
3	189444	18944.3	1
3	189452	18945.1	2
3	189566	18956.5	2
3	189632	18963.1	1
3	189698	18969.7	1
3	189940	18993.9	2
3	189960	18995.9	2
3	189962	18996.1	1
3	189984	18998.3	2
3	190002	19000.1	3
3	190052	19005.1	8
3	190118	19011.7	2
3	190126	19012.5	5
3	190150	19014.9	1
3	190160	19015.9	2
3	190172	19017.1	10
3	190178	19017.7	1
3	190254	19025.3	1
3	190286	19028.5	1
3	190330	19032.9	1
3	190410	19040.9	1
3	190422	19042.1	7
3	190460	19045.9	1
3	190550	19054.9	1
3	190552	19055.1	1
3	190610	19060.9	1
3	190698	19069.7	1
3	190718	19071.7	2
3	190728	19072.7	1
3	190770	19076.9	1
3	190802	19080.1	3
3	190814	19081.3	1
3	190898	19089.7	1
3	190910	19090.9	3
3	191034	19103.3	2
3	191040	19103.9	1
3	191100	19109.9	4
3	191216	19121.5	1
3	191234	19123.3	10
3	191314	19131.3	1
3	191318	19131.7	1
3	191356	19135.5	1
3	191410	19140.9	3
3	191524	19152.3	1
3	191534	19153.3	3
3	191590	19158.9	1
3	191624	19162.3	2
3	191628	19162.7	1
3	191720	19171.9	1
3	191730	19172.9	4
3	191734	19173.3	1
3	191886	19188.5	1
3	191984	19198.3	10
3	192020	19201.9	2
3	192082	19208.1	1
3	192092	19209.1	2
3	192134	19213.3	6
3	192168	19216.7	20
3	192198	19219.7	1
3	192206	19220.5	1
3	192218	19221.7	1
3	192230	19222.9	3
3	192306	19230.5	1
3	192370	19236.9	3
3	192374	19237.3	1
3	192492	19249.1	1
3	192516	19251.5	4
3	192568	19256.7	1
3	192726	19272.5	4
3	192880	19287.9	1
3	192892	19289.1	2
3	192904	19290.3	2
3	192912	19291.1	1
3	192994	19299.3	8
3	193218	19321.7	6
3	193274	19327.3	2
3	193360	19335.9	2
3	193430	19342.9	1
3	193434	19343.3	1
3	193556	19355.5	2
3	193566	19356.5	6
3	193692	19369.1	1
3	193716	19371.5	4
3	193746	19374.5	6
3	193754	19375.3	3
3	193768	19376.7	1
3	193810	19380.9	13
3	193844	19384.3	1
3	193934	19393.3	1
3	193970	19396.9	2
3	194072	19407.1	1
3	194128	19412.7	1
3	194158	19415.7	7
3	194164	19416.3	3
3	194166	19416.5	1
3	194172	19417.1	1
3	194288	19428.7	1
3	194316	19431.5	1
3	194334	19433.3	1
3	194438	19443.7	10
3	194552	19455.1	1
3	194614	19461.3	2
3	194666	19466.5	10
3	194924	19492.3	1
3	194940	19493.9	1
3	194944	19494.3	1
3	195014	19501.3	1
3	195046	19504.5	1
3	195078	19507.7	1
3	195094	19509.3	2
3	195172	19517.1	1
3	195260	19525.9	1
3	195264	19526.3	1
3	195314	19531.3	10
3	195404	19540.3	2
3	195478	19547.7	10
3	195594	19559.3	6
3	195622	19562.1	6
3	195706	19570.5	3
3	195760	19575.9	4
3	195780	19577.9	4
3	195848	19584.7	1
3	195858	19585.7	8
3	195952	19595.1	1
3	195988	19598.7	2
3	195992	19599.1	1
3	196030	19602.9	6
3	196040	19603.9	4
3	196044	19604.3	3
3	196108	19610.7	20
3	196138	19613.7	1
3	196186	19618.5	1
3	196242	19624.1	1
3	196278	19627.7	17
3	196284	19628.3	1
3	196334	19633.3	6
3	196356	19635.5	6
3	196374	19637.3	3
3	196378	19637.7	1
3	196476	19647.5	10
3	196498	19649.7	4
3	196588	19658.7	3
3	196674	19667.3	4
3	196758	19675.7	1
3	196786	19678.5	1
3	196810	19680.9	3
3	196842	19684.1	2
3	196856	19685.5	12
3	196858	19685.7	1
3	196894	19689.3	5
3	196930	19692.9	10
3	196978	19697.7	11
3	197002	19700.1	1
3	197050	19704.9	2
3	197084	19708.3	1
3	197224	19722.3	11
3	197282	19728.1	1
3	197326	19732.5	2
3	197338	19733.7	4
3	197392	19739.1	8
3	197426	19742.5	8
3	197480	19747.9	2
3	197522	19752.1	2
3	197526	19752.5	1
3	197548	19754.7	7
3	197644	19764.3	2
3	197750	19774.9	1
3	197758	19775.7	2
3	197878	19787.7	2
3	197964	19796.3	1
3	197978	19797.7	2
3	198006	19800.5	1
3	198052	19805.1	2
3	198058	19805.7	1
3	198152	19815.1	2
3	198272	19827.1	6
3	198276	19827.5	1
3	198298	19829.7	1
3	198302	19830.1	3
3	198316	19831.5	4
3	198334	19833.3	4
3	198428	19842.7	5
3	198490	19848.9	1
3	198504	19850.3	1
3	198540	19853.9	1
3	198598	19859.7	1
3	198742	19874.1	12
3	198792	19879.1	1
3	198820	19881.9	6
3	198836	19883.5	2
3	198908	19890.7	2
3	198964	19896.3	1
3	198990	19898.9	10
3	199058	19905.7	2
3	199092	19909.1	3
3	199174	19917.3	6
3	199210	19920.9	1
3	199256	19925.5	1
3	199302	19930.1	2
3	199380	19937.9	1
3	199464	19946.3	2
3	199622	19962.1	1
3	199768	19976.7	11
3	199802	19980.1	4
3	199826	19982.5	3
3	199906	19990.5	1
3	199960	19995.9	2
3	200046	20004.5	1
3	200070	20006.9	1
3	200168	20016.7	1
3	200174	20017.3	1
3	200364	20036.3	4
3	200682	20068.1	1
3	200730	20072.9	1
3	200776	20077.5	5
3	200964	20096.3	4
3	201000	20099.9	1
3	201026	20102.5	1
3	201040	20103.9	2
3	201046	20104.5	1
3	201050	20104.9	1
3	201102	20110.1	1
3	201208	20120.7	1
3	201306	20130.5	1
3	201430	20142.9	10
3	201464	20146.3	1
3	201606	20160.5	4
3	201714	20171.3	2
3	201744	20174.3	3
3	201794	20179.3	1
3	201828	20182.7	1
3	201842	20184.1	4
3	201878	20187.7	6
3	202010	20200.9	1
3	202020	20201.9	2
3	202050	20204.9	4
3	202202	20220.1	1
3	202262	20226.1	4
3	202330	20232.9	1
3	202568	20256.7	14
3	202584	20258.3	5
3	202618	20261.7	1
3	202676	20267.5	6
3	202716	20271.5	1
3	202756	20275.5	1
3	202802	20280.1	1
3	202822	20282.1	1
3	203034	20303.3	5
3	203048	20304.7	1
3	203156	20315.5	6
3	203234	20323.3	1
3	203288	20328.7	4
3	203310	20330.9	4
3	203332	20333.1	1
3	203396	20339.5	9
3	203478	20347.7	1
3	203538	20353.7	1
3	203634	20363.3	1
3	203658	20365.7	14
3	203688	20368.7	2
3	203806	20380.5	7
3	203834	20383.3	4
3	203906	20390.5	1
3	203920	20391.9	2
3	203958	20395.7	1
3	204008	20400.7	1
3	204064	20406.3	7
3	204114	20411.3	1
3	204120	20411.9	5
3	204170	20416.9	6
3	204272	20427.1	1
3	204452	20445.1	10
3	204494	20449.3	1
3	204524	20452.3	2
3	204642	20464.1	8
3	204654	20465.3	7
3	204680	20467.9	11
3	204718	20471.7	10
3	204796	20479.5	5
3	204858	20485.7	4
3	204940	20493.9	16
3	204948	20494.7	2
3	205012	20501.1	4
3	205096	20509.5	1
3	205114	20511.3	1
3	205122	20512.1	4
3	205224	20522.3	10
3	205264	20526.3	8
3	205332	20533.1	2
3	205348	20534.7	1
3	205368	20536.7	1
3	205444	20544.3	10
3	205690	20568.9	1
3	205718	20571.7	4
3	205762	20576.1	1
3	205800	20579.9	4
3	205842	20584.1	1
3	205906	20590.5	8
3	205922	20592.1	1
3	205960	20595.9	2
3	205962	20596.1	1
3	205994	20599.3	3
3	206050	20604.9	6
3	206080	20607.9	4
3	206246	20624.5	1
3	206450	20644.9	10
3	206466	20646.5	4
3	206470	20646.9	1
3	206510	20650.9	1
3	206534	20653.3	10
3	206788	20678.7	1
3	206806	20680.5	3
3	206814	20681.3	2
3	206832	20683.1	3
3	206840	20683.9	3
3	206970	20696.9	1
3	207002	20700.1	15
3	207088	20708.7	1
3	207118	20711.7	2
3	207188	20718.7	1
3	207198	20719.7	2
3	207256	20725.5	5
3	207278	20727.7	10
3	207332	20733.1	2
3	207364	20736.3	21
3	207390	20738.9	4
3	207408	20740.7	4
3	207448	20744.7	13
3	207530	20752.9	2
3	207550	20754.9	4
3	207558	20755.7	1
3	207632	20763.1	8
3	207694	20769.3	1
3	207764	20776.3	2
3	207782	20778.1	6
3	207822	20782.1	4
3	207926	20792.5	2
3	207954	20795.3	6
3	207970	20796.9	6
3	208016	20801.5	1
3	208104	20810.3	7
3	208204	20820.3	4
3	208294	20829.3	1
3	208354	20835.3	1
3	208418	20841.7	1
3	208546	20854.5	1
3	208558	20855.7	5
3	208670	20866.9	1
3	208788	20878.7	3
3	209012	20901.1	6
3	209092	20909.1	1
3	209180	20917.9	1
3	209184	20918.3	1
3	209290	20928.9	1
3	209366	20936.5	4
3	209420	20941.9	16
3	209462	20946.1	2
3	209620	20961.9	3
3	209680	20967.9	1
3	209920	20991.9	1
3	209950	20994.9	1
3	209960	20995.9	9
3	210004	21000.3	9
3	210080	21007.9	1
3	210266	21026.5	4
3	210308	21030.7	19
3	210408	21040.7	20
3	210450	21044.9	1
3	210514	21051.3	16
3	210630	21062.9	1
3	210650	21064.9	1
3	210794	21079.3	4
3	210798	21079.7	1
3	210846	21084.5	2
3	210878	21087.7	1
3	210884	21088.3	3
3	210922	21092.1	7
3	211078	21107.7	1
3	211088	21108.7	1
3	211142	21114.1	3
3	211192	21119.1	4
3	211248	21124.7	6
3	211266	21126.5	1
3	211276	21127.5	1
3	211284	21128.3	5
3	211316	21131.5	22
3	211334	21133.3	2
3	211336	21133.5	1
3	211486	21148.5	1
3	211502	21150.1	13
3	211600	21159.9	2
3	211608	21160.7	1
3	211670	21166.9	2
3	211738	21173.7	1
3	211830	21182.9	15
3	211858	21185.7	1
3	211992	21199.1	15
3	212200	21219.9	1
3	212286	21228.5	1
3	212292	21229.1	4
3	212388	21238.7	1
3	212398	21239.7	1
3	212416	21241.5	1
3	212572	21257.1	8
3	212628	21262.7	1
3	212672	21267.1	2
3	212918	21291.7	1
3	212928	21292.7	4
3	212992	21299.1	1
3	213022	21302.1	1
3	213278	21327.7	1
3	213346	21334.5	1
3	213438	21343.7	1
3	213510	21350.9	4
3	213568	21356.7	15
3	213654	21365.3	1
3	213710	21370.9	1
3	213742	21374.1	2
3	213744	21374.3	1
3	213812	21381.1	2
3	213902	21390.1	2
3	213970	21396.9	1
3	214138	21413.7	2
3	214160	21415.9	1
3	214248	21424.7	10
3	214320	21431.9	8
3	214366	21436.5	8
3	214442	21444.1	7
3	214444	21444.3	1
3	214468	21446.7	12
3	214618	21461.7	1
3	214620	21461.9	1
3	214640	21463.9	2
3	214652	21465.1	10
3	214656	21465.5	2
3	214704	21470.3	1
3	214814	21481.3	8
3	214838	21483.7	14
3	215006	21500.5	12
3	215112	21511.1	1
3	215118	21511.7	1
3	215242	21524.1	16
3	215350	21534.9	13
3	215474	21547.3	11
3	215480	21547.9	5
3	215488	21548.7	3
3	215612	21561.1	6
3	215626	21562.5	1
3	215664	21566.3	16
3	215744	21574.3	1
3	215816	21581.5	1
3	215876	21587.5	1
3	215928	21592.7	1
3	216062	21606.1	1
3	216070	21606.9	1
3	216182	21618.1	2
3	216194	21619.3	1
3	216200	21619.9	1
3	216246	21624.5	1
3	216264	21626.3	2
3	216274	21627.3	8
3	216300	21629.9	1
3	216332	21633.1	4
3	216364	21636.3	3
3	216368	21636.7	1
3	216414	21641.3	2
3	216592	21659.1	6
3	216768	21676.7	2
3	216854	21685.3	1
3	217014	21701.3	4
3	217044	21704.3	1
3	217140	21713.9	1
3	217192	21719.1	2
3	217226	21722.5	2
3	217286	21728.5	1
3	217344	21734.3	1
3	217442	21744.1	2
3	217472	21747.1	7
3	217594	21759.3	24
3	217670	21766.9	1
3	217686	21768.5	4
3	217700	21769.9	1
3	217722	21772.1	11
3	217850	21784.9	11
3	217870	21786.9	1
3	217878	21787.7	1
3	217932	21793.1	22
3	217936	21793.5	3
3	218000	21799.9	1
3	218026	21802.5	8
3	218132	21813.1	1
3	218156	21815.5	6
3	218170	21816.9	6
3	218264	21826.3	2
3	218292	21829.1	1
3	218368	21836.7	1
3	218434	21843.3	1
3	218450	21844.9	6
3	218452	21845.1	1
3	218456	21845.5	1
3	218490	21848.9	4
3	218568	21856.7	1
3	218584	21858.3	10
3	218604	21860.3	3
3	218722	21872.1	1
3	218772	21877.1	1
3	218926	21892.5	2
3	218934	21893.3	5
3	218954	21895.3	1
3	218960	21895.9	1
3	219010	21900.9	4
3	219036	21903.5	2
3	219044	21904.3	2
3	219070	21906.9	2
3	219128	21912.7	6
3	219172	21917.1	8
3	219196	21919.5	1
3	219228	21922.7	2
3	219254	21925.3	4
3	219314	21931.3	30
3	219316	21931.5	1
3	219354	21935.3	2
3	219370	21936.9	5
3	219446	21944.5	1
3	219574	21957.3	1
3	219664	21966.3	1
3	219730	21972.9	1
3	219796	21979.5	1
3	219880	21987.9	1
3	220030	22002.9	1
3	220036	22003.5	2
3	220106	22010.5	4
3	220122	22012.1	1
3	220178	22017.7	1
3	220194	22019.3	3
3	220260	22025.9	4
3	220268	22026.7	6
3	220286	22028.5	1
3	220316	22031.5	1
3	220352	22035.1	8
3	220430	22042.9	21
3	220546	22054.5	1
3	220702	22070.1	1
3	220748	22074.7	3
3	220770	22076.9	2
3	220820	22081.9	2
3	220830	22082.9	7
3	220846	22084.5	15
3	220874	22087.3	1
3	220904	22090.3	13
3	221022	22102.1	1
3	221124	22112.3	4
3	221166	22116.5	11
3	221236	22123.5	2
3	221254	22125.3	3
3	221346	22134.5	14
3	221508	22150.7	4
3	221534	22153.3	1
3	221562	22156.1	1
3	221682	22168.1	1
3	221876	22187.5	1
3	221880	22187.9	1
3	222026	22202.5	6
3	222084	22208.3	1
3	222098	22209.7	13
3	222300	22229.9	5
3	222386	22238.5	2
3	222456	22245.5	1
3	222458	22245.7	1
3	222536	22253.5	4
3	222652	22265.1	6
3	222678	22267.7	1
3	222720	22271.9	4
3	222722	22272.1	1
3	222734	22273.3	1
3	222810	22280.9	1
3	222836	22283.5	2
3	222878	22287.7	1
3	222884	22288.3	1
3	222912	22291.1	2
3	222980	22297.9	21
3	223088	22308.7	1
3	223278	22327.7	4
3	223280	22327.9	1
3	223288	22328.7	1
3	223298	22329.7	4
3	223310	22330.9	1
3	223334	22333.3	4
3	223544	22354.3	1
3	223616	22361.5	10
3	223620	22361.9	1
3	223644	22364.3	6
3	223768	22376.7	1
3	223804	22380.3	1
3	223834	22383.3	4
3	223852	22385.1	1
3	223872	22387.1	8
3	223912	22391.1	6
3	223944	22394.3	1
3	223974	22397.3	1
3	224086	22408.5	3
3	224114	22411.3	2
3	224284	22428.3	1
3	224348	22434.7	2
3	224396	22439.5	3
3	224466	22446.5	14
3	224474	22447.3	4
3	224636	22463.5	1
3	224716	22471.5	1
3	224898	22489.7	10
3	224900	22489.9	1
3	224922	22492.1	2
3	224954	22495.3	2
3	224970	22496.9	10
3	224988	22498.7	2
3	224998	22499.7	4
3	225166	22516.5	20
3	225200	22519.9	3
3	225332	22533.1	1
3	225372	22537.1	1
3	225464	22546.3	1
3	225472	22547.1	1
3	225480	22547.9	1
3	225542	22554.1	1
3	225588	22558.7	1
3	225626	22562.5	8
3	225656	22565.5	1
3	225722	22572.1	2
3	225820	22581.9	1
3	225854	22585.3	4
3	225862	22586.1	2
3	225918	22591.7	3
3	225976	22597.5	18
3	225992	22599.1	11
3	226046	22604.5	8
3	226062	22606.1	1
3	226068	22606.7	2
3	226098	22609.7	2
3	226186	22618.5	1
3	226212	22621.1	1
3	226290	22628.9	10
3	226306	22630.5	4
3	226318	22631.7	2
3	226386	22638.5	8
3	226424	22642.3	7
3	226452	22645.1	1
3	226476	22647.5	8
3	226498	22649.7	9
3	226630	22662.9	5
3	226772	22677.1	1
3	226800	22679.9	1
3	226806	22680.5	5
3	226884	22688.3	2
3	226908	22690.7	1
3	226940	22693.9	22
3	227028	22702.7	1
3	227048	22704.7	6
3	227060	22705.9	1
3	227066	22706.5	1
3	227176	22717.5	10
3	227194	22719.3	2
3	227294	22729.3	1
3	227312	22731.1	10
3	227358	22735.7	1
3	227430	22742.9	4
3	227466	22746.5	7
3	227488	22748.7	2
3	227498	22749.7	1
3	227624	22762.3	2
3	227658	22765.7	6
3	227704	22770.3	14
3	227742	22774.1	2
3	227884	22788.3	4
3	227910	22790.9	1
3	228070	22806.9	1
3	228106	22810.5	1
3	228150	22814.9	1
3	228154	22815.3	3
3	228182	22818.1	10
3	228208	22820.7	1
3	228256	22825.5	2
3	228262	22826.1	1
3	228298	22829.7	1
3	228304	22830.3	1
3	228424	22842.3	5
3	228502	22850.1	1
3	228532	22853.1	1
3	228566	22856.5	1
3	228644	22864.3	1
3	228714	22871.3	6
3	228740	22873.9	8
3	228946	22894.5	1
3	228972	22897.1	3
3	229082	22908.1	1
3	229098	22909.7	7
3	229176	22917.5	1
3	229214	22921.3	5
3	229274	22927.3	1
3	229382	22938.1	1
3	229402	22940.1	3
3	229406	22940.5	1
3	229568	22956.7	3
3	229592	22959.1	4
3	229718	22971.7	1
3	229730	22972.9	1
3	229848	22984.7	1
3	229886	22988.5	1
3	230054	23005.3	8
3	230094	23009.3	1
3	230132	23013.1	8
3	230236	23023.5	1
3	230264	23026.3	1
3	230372	23037.1	11
3	230588	23058.7	1
3	230632	23063.1	2
3	230678	23067.7	4
3	230772	23077.1	1
3	230840	23083.9	2
3	230856	23085.5	1
3	230862	23086.1	1
3	230974	23097.3	2
3	231026	23102.5	1
3	231124	23112.3	12
3	231152	23115.1	5
3	231158	23115.7	4
3	231184	23118.3	1
3	231200	23119.9	4
3	231428	23142.7	16
3	231466	23146.5	1
3	231518	23151.7	1
3	231552	23155.1	1
3	231578	23157.7	2
3	231580	23157.9	1
3	231600	23159.9	1
3	231654	23165.3	1
3	231676	23167.5	1
3	231710	23170.9	1
3	231760	23175.9	8
3	231844	23184.3	1
3	231882	23188.1	2
3	232092	23209.1	1
3	232146	23214.5	1
3	232260	23225.9	12
3	232338	23233.7	1
3	232370	23236.9	5
3	232396	23239.5	1
3	232404	23240.3	1
3	232586	23258.5	1
3	232754	23275.3	1
3	232766	23276.5	1
3	232770	23276.9	1
3	232862	23286.1	1
3	232868	23286.7	2
3	232978	23297.7	4
3	233118	23311.7	11
3	233160	23315.9	1
3	233190	23318.9	1
3	233220	23321.9	4
3	233238	23323.7	10
3	233474	23347.3	1
3	233522	23352.1	4
3	233578	23357.7	9
3	233606	23360.5	13
3	233620	23361.9	7
3	233654	23365.3	2
3	233806	23380.5	1
3	233822	23382.1	8
3	233830	23382.9	2
3	233868	23386.7	2
3	233880	23387.9	9
3	233888	23388.7	1
3	234058	23405.7	1
3	234070	23406.9	4
3	234094	23409.3	1
3	234108	23410.7	3
3	234118	23411.7	5
3	234216	23421.5	4
3	234230	23422.9	1
3	234308	23430.7	2
3	234346	23434.5	2
3	234352	23435.1	1
3	234432	23443.1	6
3	234794	23479.3	1
3	234808	23480.7	3
3	234816	23481.5	1
3	234876	23487.5	1
3	234990	23498.9	3
3	235000	23499.9	1
3	235018	23501.7	4
3	235080	23507.9	5
3	235118	23511.7	8
3	235144	23514.3	10
3	235238	23523.7	11
3	235296	23529.5	1
3	235364	23536.3	1
3	235384	23538.3	12
3	235446	23544.5	1
3	235616	23561.5	2
3	235626	23562.5	9
3	235674	23567.3	4
3	235692	23569.1	9
3	235694	23569.3	1
3	235704	23570.3	2
3	235726	23572.5	1
3	235744	23574.3	1
3	235840	23583.9	9
3	236042	23604.1	6
3	236140	23613.9	8
3	236152	23615.1	6
3	236202	23620.1	1
3	236354	23635.3	1
3	236356	23635.5	1
3	236360	23635.9	1
3	236400	23639.9	6
3	236540	23653.9	6
3	236586	23658.5	14
3	236618	23661.7	5
3	236668	23666.7	1
3	236686	23668.5	2
3	236864	23686.3	1
3	236882	23688.1	1
3	236892	23689.1	1
3	237002	23700.1	6
3	237012	23701.1	1
3	237112	23711.1	6
3	237238	23723.7	5
3	237280	23727.9	4
3	237320	23731.9	14
3	237338	23733.7	14
3	237390	23738.9	7
3	237436	23743.5	2
3	237450	23744.9	2
3	237518	23751.7	24
3	237620	23761.9	2
3	237672	23767.1	6
3	237708	23770.7	1
3	237848	23784.7	1
3	237880	23787.9	1
3	237886	23788.5	2
3	237896	23789.5	2
3	237934	23793.3	2
3	237970	23796.9	3
3	238116	23811.5	2
3	238172	23817.1	1
3	238320	23831.9	1
3	238362	23836.1	2
3	238404	23840.3	3
3	238418	23841.7	1
3	238512	23851.1	8
3	238562	23856.1	1
3	238578	23857.7	2
3	238582	23858.1	1
3	238600	23859.9	7
3	238636	23863.5	1
3	238650	23864.9	1
3	238706	23870.5	6
3	238714	23871.3	1
3	238810	23880.9	6
3	238814	23881.3	1
3	238934	23893.3	1
3	238996	23899.5	1
3	239058	23905.7	6
3	239104	23910.3	2
3	239124	23912.3	1
3	239214	23921.3	20
3	239248	23924.7	1
3	239256	23925.5	1
3	239280	23927.9	1
3	239286	23928.5	1
3	239356	23935.5	1
3	239418	23941.7	4
3	239448	23944.7	1
3	239576	23957.5	6
3	239600	23959.9	5
3	239614	23961.3	1
3	239672	23967.1	2
3	239730	23972.9	18
3	239744	23974.3	1
3	239748	23974.7	1
3	239772	23977.1	5
3	239782	23978.1	6
3	239794	23979.3	1
3	239818	23981.7	6
3	239820	23981.9	1
3	239910	23990.9	1
3	239970	23996.9	1
3	240002	24000.1	4
3	240260	24025.9	1
3	240314	24031.3	5
3	240316	24031.5	1
3	240354	24035.3	2
3	240366	24036.5	2
3	240430	24042.9	1
3	240462	24046.1	13
3	240582	24058.1	1
3	240586	24058.5	3
3	240612	24061.1	2
3	240680	24067.9	2
3	240762	24076.1	11
3	240790	24078.9	12
3	240798	24079.7	1
3	240848	24084.7	1
3	240970	24096.9	2
3	241048	24104.7	11
3	241088	24108.7	1
3	241094	24109.3	1
3	241206	24120.5	1
3	241432	24143.1	3
3	241502	24150.1	1
3	241528	24152.7	8
3	241550	24154.9	4
3	241636	24163.5	2
3	241674	24167.3	1
3	241692	24169.1	2
3	241698	24169.7	1
3	241712	24171.1	1
3	241764	24176.3	4
3	241826	24182.5	9
3	241834	24183.3	2
3	241932	24193.1	2
3	241976	24197.5	6
3	241994	24199.3	1
3	242072	24207.1	6
3	242104	24210.3	1
3	242108	24210.7	2
3	242136	24213.5	1
3	242138	24213.7	1
3	242160	24215.9	6
3	242204	24220.3	5
3	242326	24232.5	1
3	242362	24236.1	1
3	242394	24239.3	2
3	242440	24243.9	12
3	242470	24246.9	1
3	242500	24249.9	2
3	242680	24267.9	3
3	242720	24271.9	1
3	242774	24277.3	22
3	242834	24283.3	1
3	242938	24293.7	15
3	242992	24299.1	4
3	243094	24309.3	1
3	243116	24311.5	1
3	243186	24318.5	6
3	243190	24318.9	1
3	243262	24326.1	3
3	243372	24337.1	6
3	243400	24339.9	1
3	243418	24341.7	1
3	243504	24350.3	8
3	243532	24353.1	2
3	243566	24356.5	1
3	243598	24359.7	5
3	243640	24363.9	10
3	243664	24366.3	2
3	243716	24371.5	16
3	243796	24379.5	2
3	243858	24385.7	6
3	243866	24386.5	5
3	244018	24401.7	3
3	244186	24418.5	1
3	244248	24424.7	1
3	244340	24433.9	1
3	244364	24436.3	4
3	244424	24442.3	1
3	244642	24464.1	3
3	244758	24475.7	1
3	244826	24482.5	1
3	244858	24485.7	1
3	244886	24488.5	1
3	244940	24493.9	5
3	244944	24494.3	3
3	245026	24502.5	5
3	245120	24511.9	1
3	245138	24513.7	5
3	245160	24515.9	1
3	245174	24517.3	1
3	245186	24518.5	4
3	245298	24529.7	3
3	245300	24529.9	1
3	245308	24530.7	2
3	245392	24539.1	1
3	245402	24540.1	2
3	245412	24541.1	1
3	245452	24545.1	6
3	245520	24551.9	1
3	245556	24555.5	4
3	245580	24557.9	1
3	245638	24563.7	6
3	245684	24568.3	7
3	245720	24571.9	1
3	245786	24578.5	4
3	245814	24581.3	1
3	245876	24587.5	1
3	245976	24597.5	10
3	246074	24607.3	1
3	246078	24607.7	3
3	246088	24608.7	1
3	246128	24612.7	17
3	246190	24618.9	9
3	246202	24620.1	4
3	246248	24624.7	6
3	246258	24625.7	1
3	246266	24626.5	1
3	246390	24638.9	7
3	246402	24640.1	2
3	246416	24641.5	7
3	246518	24651.7	2
3	246534	24653.3	1
3	246540	24653.9	1
3	246580	24657.9	1
3	246584	24658.3	1
3	246600	24659.9	5
3	246910	24690.9	1
3	246946	24694.5	2
3	246978	24697.7	1
3	247046	24704.5	1
3	247088	24708.7	1
3	247120	24711.9	1
3	247208	24720.7	1
3	247266	24726.5	1
3	247372	24737.1	1
3	247422	24742.1	22
3	247464	24746.3	2
3	247608	24760.7	3
3	247610	24760.9	1
3	247658	24765.7	18
3	247664	24766.3	4
3	247666	24766.5	1
3	247706	24770.5	1
3	247790	24778.9	1
3	247886	24788.5	1
3	247928	24792.7	3
3	247930	24792.9	1
3	247966	24796.5	8
3	248010	24800.9	1
3	248024	24802.3	2
3	248026	24802.5	1
3	248068	24806.7	14
3	248076	24807.5	5
3	248116	24811.5	5
3	248156	24815.5	2
3	248216	24821.5	1
3	248218	24821.7	1
3	248250	24824.9	4
3	248274	24827.3	8
3	248278	24827.7	1
3	248288	24828.7	5
3	248316	24831.5	4
3	248382	24838.1	1
3	248434	24843.3	3
3	248544	24854.3	10
3	248584	24858.3	1
3	248614	24861.3	1
3	248632	24863.1	1
3	248642	24864.1	6
3	248680	24867.9	12
3	248736	24873.5	3
3	248806	24880.5	4
3	248858	24885.7	6
3	248918	24891.7	10
3	248982	24898.1	2
3	248990	24898.9	7
3	249002	24900.1	2
3	249038	24903.7	2
3	249120	24911.9	4
3	249142	24914.1	1
3	249190	24918.9	6
3	249276	24927.5	3
3	249486	24948.5	1
3	249574	24957.3	26
3	249592	24959.1	4
3	249750	24974.9	6
3	249806	24980.5	1
3	249838	24983.7	4
3	249996	24999.5	14
3	250054	25005.3	1
3	250148	25014.7	1
3	250188	25018.7	1
3	250200	25019.9	7
3	250202	25020.1	1
3	250274	25027.3	1
3	250290	25028.9	1
3	250446	25044.5	4
3	250546	25054.5	2
3	250570	25056.9	2
3	250702	25070.1	1
3	250706	25070.5	1
3	250724	25072.3	2
3	250772	25077.1	14
3	250794	25079.3	1
3	250908	25090.7	1
3	251014	25101.3	1
3	251076	25107.5	4
3	251116	25111.5	2
3	251202	25120.1	12
3	251296	25129.5	8
3	251402	25140.1	1
3	251488	25148.7	22
3	251512	25151.1	1
3	251660	25165.9	1
3	251670	25166.9	2
3	251736	25173.5	4
3	251834	25183.3	1
3	251846	25184.5	2
3	251874	25187.3	1
3	251904	25190.3	1
3	251938	25193.7	8
3	251966	25196.5	1
3	251976	25197.5	8
3	252062	25206.1	8
3	252076	25207.5	4
3	252090	25208.9	2
3	252092	25209.1	1
3	252188	25218.7	1
3	252204	25220.3	3
3	252232	25223.1	1
3	252234	25223.3	1
3	252266	25226.5	1
3	252458	25245.7	1
3	252522	25252.1	1
3	252596	25259.5	1
3	252624	25262.3	2
3	252704	25270.3	2
3	252764	25276.3	1
3	252862	25286.1	1
3	252902	25290.1	4
3	252968	25296.7	1
3	253050	25304.9	8
3	253062	25306.1	1
3	253072	25307.1	4
3	253160	25315.9	4
3	253276	25327.5	1
3	253316	25331.5	1
3	253326	25332.5	2
3	253358	25335.7	1
3	253384	25338.3	2
3	253452	25345.1	14
3	253492	25349.1	1
3	253502	25350.1	2
3	253620	25361.9	1
3	253700	25369.9	6
3	253770	25376.9	4
3	253802	25380.1	1
3	253824	25382.3	6
3	253830	25382.9	1
3	253846	25384.5	1
3	253848	25384.7	1
3	253880	25387.9	1
3	253904	25390.3	1
3	253906	25390.5	1
3	253952	25395.1	2
3	254008	25400.7	2
3	254074	25407.3	8
3	254100	25409.9	1
3	254168	25416.7	4
3	254220	25421.9	10
3	254236	25423.5	11
3	254256	25425.5	8
3	254318	25431.7	4
3	254370	25436.9	1
3	254398	25439.7	8
3	254550	25454.9	1
3	254642	25464.1	3
3	254666	25466.5	1
3	254734	25473.3	11
3	254758	25475.7	1
3	254862	25486.1	1
3	254892	25489.1	6
3	254908	25490.7	7
3	254912	25491.1	1
3	255038	25503.7	6
3	255138	25513.7	8
3	255146	25514.5	1
3	255184	25518.3	1
3	255234	25523.3	1
3	255490	25548.9	2
3	255586	25558.5	12
3	255606	25560.5	1
3	255634	25563.3	4
3	255684	25568.3	1
3	255694	25569.3	2
3	255710	25570.9	11
3	255832	25583.1	4
3	255834	25583.3	1
3	255986	25598.5	3
3	256020	25601.9	2
3	256076	25607.5	6
3	256116	25611.5	1
3	256348	25634.7	15
3	256380	25637.9	5
3	256478	25647.7	2
3	256490	25648.9	4
3	256604	25660.3	4
3	256656	25665.5	4
3	256762	25676.1	1
3	256824	25682.3	4
3	256846	25684.5	1
3	256898	25689.7	1
3	256902	25690.1	1
3	256924	25692.3	3
3	256966	25696.5	1
3	256978	25697.7	1
3	257054	25705.3	3
3	257144	25714.3	1
3	257206	25720.5	4
3	257230	25722.9	17
3	257270	25726.9	5
3	257314	25731.3	2
3	257408	25740.7	1
3	257440	25743.9	1
3	257456	25745.5	2
3	257478	25747.7	2
3	257618	25761.7	9
3	257644	25764.3	5
3	257656	25765.5	2
3	257956	25795.5	4
3	257958	25795.7	1
3	257964	25796.3	1
3	257968	25796.7	2
3	258060	25805.9	1
3	258094	25809.3	1
3	258188	25818.7	6
3	258504	25850.3	1
3	258510	25850.9	1
3	258578	25857.7	1
3	258610	25860.9	2
3	258626	25862.5	10
3	258654	25865.3	1
3	258664	25866.3	9
3	258742	25874.1	6
3	258912	25891.1	15
3	258956	25895.5	1
3	259044	25904.3	1
3	259056	25905.5	1
3	259066	25906.5	6
3	259106	25910.5	2
3	259132	25913.1	1
3	259170	25916.9	3
3	259312	25931.1	1
3	259330	25932.9	1
3	259380	25937.9	8
3	259386	25938.5	1
3	259404	25940.3	8
3	259408	25940.7	1
3	259536	25953.5	1
3	259626	25962.5	1
3	259650	25964.9	9
3	259674	25967.3	6
3	259708	25970.7	4
3	259726	25972.5	4
3	259788	25978.7	2
3	259834	25983.3	13
3	259878	25987.7	1
3	260000	25999.9	1
3	260110	26010.9	1
3	260196	26019.5	1
3	260304	26030.3	1
3	260312	26031.1	5
3	260316	26031.5	1
3	260358	26035.7	2
3	260384	26038.3	4
3	260422	26042.1	6
3	260476	26047.5	6
3	260492	26049.1	1
3	260576	26057.5	1
3	260620	26061.9	1
3	260706	26070.5	1
3	260726	26072.5	1
3	260748	26074.7	17
3	260840	26083.9	3
3	261294	26129.3	14
3	261344	26134.3	1
3	261360	26135.9	1
3	261440	26143.9	1
3	261556	26155.5	1
3	261822	26182.1	1
3	261830	26182.9	1
3	261900	26189.9	1
3	261968	26196.7	3
3	262078	26207.7	1
3	262148	26214.7	3
3	262164	26216.3	5
3	262208	26220.7	1
3	262264	26226.3	1
3	262510	26250.9	1
3	262572	26257.1	1
3	262606	26260.5	4
3	262622	26262.1	3
3	262676	26267.5	1
3	262814	26281.3	2
3	262836	26283.5	5
3	262838	26283.7	1
3	262848	26284.7	2
3	262850	26284.9	1
3	262920	26291.9	2
3	262938	26293.7	2
3	262940	26293.9	1
3	262954	26295.3	7
3	263326	26332.5	1
3	263426	26342.5	1
3	263470	26346.9	6
3	263488	26348.7	2
3	263496	26349.5	3
3	263522	26352.1	1
3	263566	26356.5	1
3	263596	26359.5	1
3	263612	26361.1	1
3	263668	26366.7	2
3	263752	26375.1	1
3	263798	26379.7	2
3	263810	26380.9	1
3	263946	26394.5	5
3	264062	26406.1	1
3	264140	26413.9	5
3	264182	26418.1	1
3	264404	26440.3	15
3	264428	26442.7	1
3	264588	26458.7	10
3	264622	26462.1	2
3	264636	26463.5	3
3	264708	26470.7	1
3	264810	26480.9	10
3	264890	26488.9	1
3	264968	26496.7	16
3	264984	26498.3	1
3	265036	26503.5	1
3	265136	26513.5	12
3	265240	26523.9	12
3	265284	26528.3	1
3	265316	26531.5	2
3	265466	26546.5	1
3	265518	26551.7	1
3	265602	26560.1	1
3	265632	26563.1	6
3	265716	26571.5	1
3	265760	26575.9	1
3	265768	26576.7	1
3	265788	26578.7	1
3	265898	26589.7	1
3	265916	26591.5	5
3	265992	26599.1	8
3	266102	26610.1	2
3	266114	26611.3	1
3	266154	26615.3	5
3	266160	26615.9	2
3	266200	26619.9	1
3	266232	26623.1	4
3	266244	26624.3	4
3	266324	26632.3	16
3	266326	26632.5	1
3	266346	26634.5	16
3	266408	26640.7	1
3	266418	26641.7	1
3	266452	26645.1	14
3	266466	26646.5	2
3	266484	26648.3	1
3	266500	26649.9	1
3	266520	26651.9	1
3	266686	26668.5	1
3	266730	26672.9	1
3	266750	26674.9	1
3	267044	26704.3	1
3	267082	26708.1	9
3	267136	26713.5	2
3	267200	26719.9	1
3	267228	26722.7	7
3	267298	26729.7	10
3	267320	26731.9	1
3	267348	26734.7	5
3	267366	26736.5	2
3	267412	26741.1	1
3	267432	26743.1	1
3	267444	26744.3	3
3	267458	26745.7	3
3	267616	26761.5	1
3	267648	26764.7	2
3	267670	26766.9	1
3	267698	26769.7	1
3	267706	26770.5	1
3	267856	26785.5	6
3	268078	26807.7	10
3	268286	26828.5	4
3	268300	26829.9	1
3	268324	26832.3	7
3	268326	26832.5	1
3	268478	26847.7	6
3	268512	26851.1	1
3	268520	26851.9	1
3	268562	26856.1	1
3	268586	26858.5	2
3	268612	26861.1	2
3	268670	26866.9	1
3	268680	26867.9	1
3	268738	26873.7	1
3	268782	26878.1	1
3	268880	26887.9	1
3	268906	26890.5	8
3	268988	26898.7	8
3	269014	26901.3	6
3	269040	26903.9	1
3	269214	26921.3	3
3	269488	26948.7	6
3	269490	26948.9	1
3	269780	26977.9	4
3	269842	26984.1	4
3	269952	26995.1	6
3	270024	27002.3	5
3	270086	27008.5	6
3	270090	27008.9	1
3	270144	27014.3	2
3	270160	27015.9	4
3	270230	27022.9	4
3	270236	27023.5	1
3	270270	27026.9	1
3	270336	27033.5	8
3	270378	27037.7	1
3	270420	27041.9	1
3	270462	27046.1	1
3	270592	27059.1	1
3	270686	27068.5	1
3	270772	27077.1	1
3	270864	27086.3	1
3	270904	27090.3	2
3	271032	27103.1	9
3	271044	27104.3	1
3	271230	27122.9	2
3	271234	27123.3	1
3	271240	27123.9	1
3	271280	27127.9	1
3	271322	27132.1	1
3	271362	27136.1	1
3	271424	27142.3	10
3	271530	27152.9	1
3	271600	27159.9	10
3	271662	27166.1	1
3	271734	27173.3	1
3	271830	27182.9	2
3	271866	27186.5	2
3	271870	27186.9	2
3	271904	27190.3	10
3	272006	27200.5	1
3	272056	27205.5	2
3	272068	27206.7	2
3	272122	27212.1	1
3	272240	27223.9	9
3	272400	27239.9	2
3	272404	27240.3	1
3	272470	27246.9	1
3	272492	27249.1	18
3	272510	27250.9	1
3	272522	27252.1	8
3	272602	27260.1	1
3	272852	27285.1	1
3	272866	27286.5	1
3	272882	27288.1	6
3	273014	27301.3	16
3	273052	27305.1	10
3	273200	27319.9	3
3	273204	27320.3	1
3	273240	27323.9	5
3	273242	27324.1	1
3	273278	27327.7	2
3	273354	27335.3	1
3	273400	27339.9	2
3	273408	27340.7	1
3	273418	27341.7	6
3	273448	27344.7	4
3	273456	27345.5	1
3	273460	27345.9	1
3	273484	27348.3	5
3	273640	27363.9	8
3	273668	27366.7	1
3	273776	27377.5	3
3	273786	27378.5	1
3	273836	27383.5	10
3	273992	27399.1	1
3	273996	27399.5	2
3	274128	27412.7	1
3	274174	27417.3	2
3	274296	27429.5	1
3	274354	27435.3	22
3	274362	27436.1	7
3	274460	27445.9	1
3	274490	27448.9	1
3	274526	27452.5	4
3	274572	27457.1	1
3	274648	27464.7	3
3	274784	27478.3	1
3	274786	27478.5	1
3	274952	27495.1	6
3	274988	27498.7	1
3	275176	27517.5	1
3	275204	27520.3	2
3	275296	27529.5	1
3	275392	27539.1	1
3	275398	27539.7	1
3	275530	27552.9	1
3	275556	27555.5	1
3	275604	27560.3	17
3	275798	27579.7	3
3	275846	27584.5	10
3	275866	27586.5	6
3	275896	27589.5	1
3	275922	27592.1	1
3	276024	27602.3	7
3	276086	27608.5	6
3	276138	27613.7	1
3	276182	27618.1	4
3	276204	27620.3	2
3	276320	27631.9	8
3	276340	27633.9	11
3	276374	27637.3	2
3	276394	27639.3	3
3	276396	27639.5	1
3	276476	27647.5	3
3	276528	27652.7	2
3	276530	27652.9	1
3	276546	27654.5	2
3	276572	27657.1	20
3	276622	27662.1	14
3	276650	27664.9	1
3	276720	27671.9	8
3	276750	27674.9	1
3	276770	27676.9	10
3	276856	27685.5	2
3	276910	27690.9	2
3	276914	27691.3	2
3	276992	27699.1	12
3	277052	27705.1	15
3	277102	27710.1	20
3	277194	27719.3	1
3	277216	27721.5	2
3	277226	27722.5	4
3	277340	27733.9	1
3	277360	27735.9	4
3	277368	27736.7	2
3	277370	27736.9	1
3	277386	27738.5	1
3	277424	27742.3	8
3	277450	27744.9	2
3	277490	27748.9	1
3	277496	27749.5	1
3	277586	27758.5	4
3	277636	27763.5	1
3	277734	27773.3	6
3	277846	27784.5	1
3	277940	27793.9	1
3	278008	27800.7	1
3	278212	27821.1	1
3	278292	27829.1	3
3	278318	27831.7	1
3	278384	27838.3	4
3	278388	27838.7	3
3	278424	27842.3	1
3	278476	27847.5	5
3	278568	27856.7	8
3	278670	27866.9	16
3	278716	27871.5	11
3	278764	27876.3	5
3	278834	27883.3	1
3	279002	27900.1	2
3	279090	27908.9	1
3	279120	27911.9	6
3	279180	27917.9	1
3	279200	27919.9	4
3	279320	27931.9	10
3	279340	27933.9	1
3	279342	27934.1	1
3	279392	27939.1	12
3	279538	27953.7	1
3	279548	27954.7	4
3	279594	27959.3	1
3	279604	27960.3	6
3	279666	27966.5	5
3	279762	27976.1	2
3	279784	27978.3	12
3	279790	27978.9	1
3	279808	27980.7	1
3	279818	27981.7	1
3	279844	27984.3	20
3	279890	27988.9	3
3	279946	27994.5	1
3	280026	28002.5	4
3	280104	28010.3	1
3	280154	28015.3	3
3	280176	28017.5	1
3	280192	28019.1	7
3	280506	28050.5	6
3	280522	28052.1	5
3	280538	28053.7	2
3	280632	28063.1	1
3	280668	28066.7	1
3	280674	28067.3	2
3	280676	28067.5	1
3	280758	28075.7	3
3	280796	28079.5	1
3	280826	28082.5	5
3	280840	28083.9	1
3	280846	28084.5	1
3	280854	28085.3	1
3	280862	28086.1	7
3	280908	28090.7	1
3	280966	28096.5	1
3	281008	28100.7	3
3	281064	28106.3	1
3	281108	28110.7	2
3	281146	28114.5	4
3	281264	28126.3	1
3	281346	28134.5	5
3	281394	28139.3	4
3	281442	28144.1	8
3	281486	28148.5	1
3	281552	28155.1	26
3	281612	28161.1	6
3	281636	28163.5	6
3	281648	28164.7	1
3	281664	28166.3	1
3	281732	28173.1	4
3	281908	28190.7	1
3	282062	28206.1	7
3	282218	28221.7	1
3	282246	28224.5	1
3	282452	28245.1	19
3	282460	28245.9	2
3	282462	28246.1	1
3	282470	28246.9	1
3	282480	28247.9	2
3	282490	28248.9	5
3	282570	28256.9	1
3	282590	28258.9	16
3	282608	28260.7	1
3	282696	28269.5	10
3	282736	28273.5	3
3	282824	28282.3	1
3	282842	28284.1	2
3	282870	28286.9	1
3	283048	28304.7	1
3	283066	28306.5	2
3	283176	28317.5	2
3	283236	28323.5	1
3	283284	28328.3	5
3	283286	28328.5	1
3	283300	28329.9	5
3	283342	28334.1	1
3	283432	28343.1	1
3	283490	28348.9	4
3	283498	28349.7	4
3	283550	28354.9	1
3	283688	28368.7	4
3	283724	28372.3	6
3	283746	28374.5	6
3	283864	28386.3	4
3	283892	28389.1	8
3	283894	28389.3	1
3	284054	28405.3	1
3	284068	28406.7	2
3	284072	28407.1	1
3	284086	28408.5	1
3	284178	28417.7	1
3	284290	28428.9	7
3	284308	28430.7	1
3	284362	28436.1	8
3	284378	28437.7	11
3	284406	28440.5	22
3	284498	28449.7	2
3	284532	28453.1	7
3	284548	28454.7	4
3	284780	28477.9	3
3	284806	28480.5	18
3	284904	28490.3	1
3	284924	28492.3	1
3	284952	28495.1	8
3	285204	28520.3	8
3	285274	28527.3	7
3	285360	28535.9	8
3	285362	28536.1	1
3	285466	28546.5	14
3	285510	28550.9	1
3	285536	28553.5	1
3	285552	28555.1	2
3	285568	28556.7	6
3	285808	28580.7	1
3	285954	28595.3	1
3	285984	28598.3	10
3	286040	28603.9	12
3	286162	28616.1	8
3	286210	28620.9	4
3	286286	28628.5	1
3	286374	28637.3	1
3	286408	28640.7	1
3	286514	28651.3	8
3	286578	28657.7	12
3	286810	28680.9	1
3	286904	28690.3	1
3	286996	28699.5	6
3	287106	28710.5	1
3	287122	28712.1	1
3	287124	28712.3	1
3	287162	28716.1	1
3	287222	28722.1	1
3	287246	28724.5	22
3	287284	28728.3	18
3	287376	28737.5	8
3	287400	28739.9	10
3	287414	28741.3	4
3	287554	28755.3	1
3	287704	28770.3	2
3	287948	28794.7	1
3	287988	28798.7	4
3	288074	28807.3	1
3	288166	28816.5	1
3	288220	28821.9	8
3	288222	28822.1	1
3	288410	28840.9	2
3	288578	28857.7	2
3	288642	28864.1	1
3	288710	28870.9	6
3	288730	28872.9	6
3	288748	28874.7	4
3	288758	28875.7	1
3	288818	28881.7	1
3	288860	28885.9	4
3	288964	28896.3	16
3	288966	28896.5	1
3	289222	28922.1	2
3	289230	28922.9	1
3	289246	28924.5	1
3	289256	28925.5	7
3	289444	28944.3	9
3	289484	28948.3	2
3	289498	28949.7	6
3	289514	28951.3	3
3	289600	28959.9	1
3	289638	28963.7	1
3	289678	28967.7	10
3	289694	28969.3	8
3	289722	28972.1	6
3	289894	28989.3	1
3	289934	28993.3	1
3	289942	28994.1	1
3	290012	29001.1	2
3	290116	29011.5	8
3	290224	29022.3	5
3	290338	29033.7	8
3	290474	29047.3	14
3	290644	29064.3	1
3	290678	29067.7	2
3	290680	29067.9	1
3	290698	29069.7	1
3	290704	29070.3	1
3	290712	29071.1	1
3	290770	29076.9	1
3	290924	29092.3	1
3	290966	29096.5	1
3	291006	29100.5	1
3	291104	29110.3	1
3	291176	29117.5	1
3	291202	29120.1	1
3	291260	29125.9	2
3	291360	29135.9	3
3	291406	29140.5	1
3	291412	29141.1	2
3	291512	29151.1	1
3	291530	29152.9	1
3	291540	29153.9	1
3	291606	29160.5	6
3	291620	29161.9	1
3	291628	29162.7	2
3	291650	29164.9	1
3	291656	29165.5	1
3	291768	29176.7	12
3	291794	29179.3	2
3	291898	29189.7	1
3	291940	29193.9	9
3	291970	29196.9	2
3	291982	29198.1	3
3	292024	29202.3	1
3	292030	29202.9	1
3	292050	29204.9	3
3	292122	29212.1	10
3	292132	29213.1	2
3	292200	29219.9	1
3	292344	29234.3	1
3	292402	29240.1	1
3	292430	29242.9	1
3	292450	29244.9	11
3	292462	29246.1	6
3	292686	29268.5	4
3	292734	29273.3	2
3	292890	29288.9	1
3	292976	29297.5	3
3	293008	29300.7	2
3	293100	29309.9	1
3	293182	29318.1	6
3	293184	29318.3	1
3	293272	29327.1	1
3	293444	29344.3	4
3	293492	29349.1	4
3	293540	29353.9	4
3	293550	29354.9	2
3	293632	29363.1	10
3	293642	29364.1	4
3	293708	29370.7	1
3	293782	29378.1	1
3	293920	29391.9	1
3	293964	29396.3	1
3	294110	29410.9	1
3	294152	29415.1	8
3	294200	29419.9	8
3	294290	29428.9	1
3	294302	29430.1	1
3	294360	29435.9	1
3	294432	29443.1	1
3	294470	29446.9	6
3	294632	29463.1	1
3	294688	29468.7	1
3	294742	29474.1	16
3	294758	29475.7	1
3	294874	29487.3	1
3	294878	29487.7	1
3	294952	29495.1	1
3	295056	29505.5	10
3	295076	29507.5	8
3	295110	29510.9	22
3	295206	29520.5	1
3	295244	29524.3	7
3	295262	29526.1	7
3	295284	29528.3	8
3	295364	29536.3	1
3	295416	29541.5	14
3	295440	29543.9	1
3	295450	29544.9	1
3	295452	29545.1	1
3	295514	29551.3	1
3	295542	29554.1	1
3	295606	29560.5	4
3	295646	29564.5	2
3	295696	29569.5	4
3	295710	29570.9	6
3	295746	29574.5	2
3	295774	29577.3	2
3	295940	29593.9	16
3	295980	29597.9	10
3	296056	29605.5	1
3	296106	29610.5	1
3	296272	29627.1	1
3	296288	29628.7	1
3	296326	29632.5	1
3	296420	29641.9	1
3	296500	29649.9	4
3	296530	29652.9	4
3	296616	29661.5	1
3	296636	29663.5	2
3	296754	29675.3	1
3	296784	29678.3	1
3	296840	29683.9	2
3	296874	29687.3	4
3	296926	29692.5	1
3	296952	29695.1	1
3	296956	29695.5	1
3	297010	29700.9	12
3	297030	29702.9	2
3	297266	29726.5	1
3	297322	29732.1	1
3	297364	29736.3	12
3	297426	29742.5	2
3	297434	29743.3	1
3	297442	29744.1	7
3	297490	29748.9	1
3	297556	29755.5	12
3	297586	29758.5	1
3	297692	29769.1	9
3	297734	29773.3	5
3	297740	29773.9	1
3	297788	29778.7	4
3	297822	29782.1	1
3	297906	29790.5	5
3	297984	29798.3	11
3	298028	29802.7	3
3	298048	29804.7	13
3	298202	29820.1	2
3	298216	29821.5	1
3	298316	29831.5	4
3	298356	29835.5	1
3	298374	29837.3	1
3	298378	29837.7	3
3	298468	29846.7	1
3	298558	29855.7	10
3	298678	29867.7	4
3	298726	29872.5	5
3	298740	29873.9	4
3	298834	29883.3	8
3	298884	29888.3	7
3	298900	29889.9	7
3	298924	29892.3	6
3	298970	29896.9	10
3	298982	29898.1	1
3	299026	29902.5	5
3	299138	29913.7	22
3	299162	29916.1	3
3	299282	29928.1	1
3	299334	29933.3	4
3	299452	29945.1	1
3	299478	29947.7	1
3	299554	29955.3	7
3	299564	29956.3	1
3	299568	29956.7	1
3	299678	29967.7	2
3	299788	29978.7	1
3	299822	29982.1	2
3	299932	29993.1	8
3	299986	29998.5	6
3	300110	30010.9	1
3	300198	30019.7	1
3	300250	30024.9	1
3	300294	30029.3	4
3	300316	30031.5	1
3	300320	30031.9	1
3	300330	30032.9	1
3	300332	30033.1	1
3	300382	30038.1	1
3	300402	30040.1	5
3	300418	30041.7	5
3	300528	30052.7	1
3	300536	30053.5	2
3	300540	30053.9	1
3	300700	30069.9	4
3	300756	30075.5	1
3	300772	30077.1	7
3	300788	30078.7	11
3	300794	30079.3	1
3	300830	30082.9	2
3	300842	30084.1	1
3	300964	30096.3	2
3	300996	30099.5	3
3	301004	30100.3	2
3	301076	30107.5	1
3	301116	30111.5	6
3	301132	30113.1	5
3	301260	30125.9	8
3	301266	30126.5	2
3	301290	30128.9	1
3	301366	30136.5	1
3	301374	30137.3	2
3	301410	30140.9	6
3	301586	30158.5	8
3	301624	30162.3	1
3	301650	30164.9	1
3	301702	30170.1	2
3	301732	30173.1	1
3	301746	30174.5	1
3	301890	30188.9	8
3	301902	30190.1	3
3	301906	30190.5	2
3	302180	30217.9	11
3	302188	30218.7	5
3	302322	30232.1	18
3	302398	30239.7	6
3	302450	30244.9	5
3	302534	30253.3	1
3	302552	30255.1	1
3	302612	30261.1	10
3	302634	30263.3	2
3	302640	30263.9	1
3	302750	30274.9	1
3	302794	30279.3	1
3	302930	30292.9	1
3	303010	30300.9	4
3	303156	30315.5	1
3	303160	30315.9	1
3	303244	30324.3	14
3	303340	30333.9	3
3	303450	30344.9	1
3	303506	30350.5	1
3	303536	30353.5	1
3	303594	30359.3	10
3	303598	30359.7	1
3	303684	30368.3	3
3	303696	30369.5	10
3	303820	30381.9	2
3	303954	30395.3	1
3	304002	30400.1	1
3	304044	30404.3	1
3	304136	30413.5	1
3	304216	30421.5	8
3	304242	30424.1	3
3	304244	30424.3	1
3	304294	30429.3	1
3	304318	30431.7	13
3	304360	30435.9	2
3	304404	30440.3	1
3	304468	30446.7	1
3	304498	30449.7	1
3	304582	30458.1	14
3	304686	30468.5	1
3	304740	30473.9	4
3	304820	30481.9	1
3	304882	30488.1	6
3	304900	30489.9	4
3	305092	30509.1	1
3	305124	30512.3	6
3	305174	30517.3	1
3	305184	30518.3	1
3	305202	30520.1	1
3	305234	30523.3	2
3	305242	30524.1	2
3	305262	30526.1	14
3	305268	30526.7	3
3	305416	30541.5	1
3	305614	30561.3	24
3	305628	30562.7	11
3	305710	30570.9	8
3	305866	30586.5	1
3	305872	30587.1	1
3	305910	30590.9	1
3	305934	30593.3	10
3	305936	30593.5	1
3	306068	30606.7	1
3	306076	30607.5	1
3	306110	30610.9	4
3	306112	30611.1	1
3	306142	30614.1	1
3	306180	30617.9	8
3	306186	30618.5	1
3	306304	30630.3	12
3	306418	30641.7	1
3	306422	30642.1	1
3	306574	30657.3	18
3	306640	30663.9	4
3	306824	30682.3	1
3	306838	30683.7	4
3	306858	30685.7	8
3	306874	30687.3	2
3	306954	30695.3	7
3	306988	30698.7	4
3	307016	30701.5	1
3	307112	30711.1	1
3	307116	30711.5	2
3	307230	30722.9	4
3	307278	30727.7	1
3	307382	30738.1	2
3	307442	30744.1	1
3	307628	30762.7	6
3	307648	30764.7	1
3	307730	30772.9	2
3	307740	30773.9	1
3	307746	30774.5	3
3	307826	30782.5	1
3	308014	30801.3	14
3	308060	30805.9	1
3	308066	30806.5	5
3	308074	30807.3	7
3	308130	30812.9	1
3	308178	30817.7	4
3	308186	30818.5	7
3	308210	30820.9	1
3	308262	30826.1	12
3	308302	30830.1	6
3	308344	30834.3	1
3	308382	30838.1	6
3	308408	30840.7	2
3	308482	30848.1	1
3	308576	30857.5	4
3	308578	30857.7	1
3	308674	30867.3	2
3	308790	30878.9	1
3	308814	30881.3	2
3	308832	30883.1	8
3	308994	30899.3	4
3	309098	30909.7	8
3	309210	30920.9	1
3	309268	30926.7	1
3	309278	30927.7	1
3	309312	30931.1	4
3	309362	30936.1	2
3	309394	30939.3	5
3	309436	30943.5	4
3	309452	30945.1	1
3	309576	30957.5	1
3	309590	30958.9	1
3	309640	30963.9	6
3	309718	30971.7	1
3	309756	30975.5	1
3	309828	30982.7	14
3	309880	30987.9	6
3	309936	30993.5	1
3	310058	31005.7	10
3	310060	31005.9	1
3	310072	31007.1	8
3	310126	31012.5	6
3	310154	31015.3	1
3	310260	31025.9	4
3	310410	31040.9	3
3	310422	31042.1	1
3	310460	31045.9	1
3	310546	31054.5	1
3	310560	31055.9	5
3	310614	31061.3	4
3	310678	31067.7	1
3	310692	31069.1	2
3	310724	31072.3	6
3	310768	31076.7	4
3	310780	31077.9	1
3	310826	31082.5	15
3	310868	31086.7	1
3	310962	31096.1	1
3	311018	31101.7	2
3	311100	31109.9	1
3	311128	31112.7	3
3	311138	31113.7	2
3	311164	31116.3	6
3	311326	31132.5	10
3	311442	31144.1	1
3	311594	31159.3	1
3	311654	31165.3	6
3	311684	31168.3	3
3	311696	31169.5	6
3	311744	31174.3	2
3	311760	31175.9	8
3	311814	31181.3	24
3	311848	31184.7	1
3	311888	31188.7	6
3	311934	31193.3	1
3	312062	31206.1	1
3	312076	31207.5	1
3	312080	31207.9	1
3	312136	31213.5	2
3	312178	31217.7	1
3	312248	31224.7	5
3	312258	31225.7	3
3	312380	31237.9	1
3	312384	31238.3	2
3	312418	31241.7	1
3	312614	31261.3	1
3	312618	31261.7	3
3	312660	31265.9	8
3	312694	31269.3	6
3	312728	31272.7	20
3	312748	31274.7	1
3	312792	31279.1	1
3	312816	31281.5	15
3	312826	31282.5	7
3	312838	31283.7	8
3	312952	31295.1	1
3	313038	31303.7	8
3	313122	31312.1	2
3	313172	31317.1	1
3	313266	31326.5	1
3	313310	31330.9	1
3	313380	31337.9	1
3	313382	31338.1	1
3	313518	31351.7	1
3	313650	31364.9	1
3	313662	31366.1	5
3	313888	31388.7	4
3	313910	31390.9	1
3	313912	31391.1	1
3	313924	31392.3	6
3	313930	31392.9	1
3	313956	31395.5	1
3	313982	31398.1	2
3	314016	31401.5	4
3	314052	31405.1	1
3	314190	31418.9	6
3	314306	31430.5	1
3	314322	31432.1	5
3	314384	31438.3	9
3	314432	31443.1	1
3	314552	31455.1	1
3	314558	31455.7	1
3	314588	31458.7	1
3	314620	31461.9	1
3	314658	31465.7	2
3	314754	31475.3	6
3	314764	31476.3	7
3	314778	31477.7	1
3	314840	31483.9	1
3	314860	31485.9	5
3	314890	31488.9	1
3	314904	31490.3	7
3	314912	31491.1	1
3	314984	31498.3	2
3	315008	31500.7	10
3	315042	31504.1	1
3	315046	31504.5	1
3	315428	31542.7	1
3	315488	31548.7	4
3	315502	31550.1	8
3	315510	31550.9	3
3	315514	31551.3	3
3	315622	31562.1	1
3	315676	31567.5	7
3	315678	31567.7	1
3	315696	31569.5	1
3	315736	31573.5	12
3	315740	31573.9	1
3	315852	31585.1	2
3	315948	31594.7	1
3	315970	31596.9	3
3	315998	31599.7	1
3	316046	31604.5	2
3	316072	31607.1	6
3	316098	31609.7	4
3	316168	31616.7	4
3	316180	31617.9	10
3	316268	31626.7	1
3	316364	31636.3	1
3	316370	31636.9	1
3	316526	31652.5	1
3	316620	31661.9	16
3	316654	31665.3	8
3	316770	31676.9	7
3	316788	31678.7	4
3	316852	31685.1	7
3	316872	31687.1	4
3	316954	31695.3	1
3	316980	31697.9	1
3	317076	31707.5	1
3	317138	31713.7	4
3	317176	31717.5	14
3	317502	31750.1	12
3	317534	31753.3	2
3	317560	31755.9	1
3	317586	31758.5	8
3	317664	31766.3	1
3	317684	31768.3	1
3	317724	31772.3	1
3	317846	31784.5	2
3	317948	31794.7	1
3	317972	31797.1	1
3	318166	31816.5	7
3	318204	31820.3	6
3	318206	31820.5	1
3	318274	31827.3	1
3	318276	31827.5	1
3	318290	31828.9	1
3	318306	31830.5	1
3	318366	31836.5	8
3	318388	31838.7	1
3	318484	31848.3	1
3	318526	31852.5	4
3	318542	31854.1	1
3	318562	31856.1	4
3	318586	31858.5	1
3	318790	31878.9	1
3	318868	31886.7	6
3	318958	31895.7	4
3	318980	31897.9	5
3	319044	31904.3	1
3	319122	31912.1	1
3	319172	31917.1	2
3	319240	31923.9	6
3	319264	31926.3	1
3	319440	31943.9	10
3	319502	31950.1	4
3	319508	31950.7	1
3	319512	31951.1	1
3	319566	31956.5	17
3	319604	31960.3	10
3	319738	31973.7	5
3	319740	31973.9	1
3	319818	31981.7	1
3	319904	31990.3	1
3	320110	32010.9	1
3	320144	32014.3	2
3	320194	32019.3	8
3	320224	32022.3	1
3	320340	32033.9	5
3	320410	32040.9	1
3	320458	32045.7	1
3	320556	32055.5	2
3	320622	32062.1	2
3	320698	32069.7	1
3	320834	32083.3	1
3	320868	32086.7	5
3	320894	32089.3	1
3	320934	32093.3	2
3	320964	32096.3	7
3	321000	32099.9	9
3	321072	32107.1	1
3	321176	32117.5	2
3	321212	32121.1	8
3	321222	32122.1	1
3	321292	32129.1	1
3	321364	32136.3	1
3	321380	32137.9	1
3	321456	32145.5	10
3	321466	32146.5	1
3	321482	32148.1	4
3	321564	32156.3	1
3	321598	32159.7	1
3	321656	32165.5	4
3	321660	32165.9	1
3	321854	32185.3	3
3	321904	32190.3	1
3	321940	32193.9	1
3	321976	32197.5	2
3	322014	32201.3	1
3	322062	32206.1	4
3	322090	32208.9	1
3	322108	32210.7	1
3	322118	32211.7	1
3	322120	32211.9	1
3	322136	32213.5	12
3	322150	32214.9	2
3	322238	32223.7	24
3	322240	32223.9	1
3	322336	32233.5	6
3	322352	32235.1	1
3	322418	32241.7	1
3	322476	32247.5	2
3	322518	32251.7	2
3	322676	32267.5	2
3	322740	32273.9	3
3	322804	32280.3	1
3	322822	32282.1	1
3	323012	32301.1	6
3	323016	32301.5	3
3	323062	32306.1	5
3	323074	32307.3	1
3	323128	32312.7	1
3	323170	32316.9	1
3	323314	32331.3	1
3	323330	32332.9	1
3	323342	32334.1	2
3	323382	32338.1	7
3	323440	32343.9	12
3	323442	32344.1	1
3	323466	32346.5	20
3	323538	32353.7	2
3	323554	32355.3	4
3	323590	32358.9	6
3	323644	32364.3	1
3	323648	32364.7	2
3	323698	32369.7	1
3	323704	32370.3	1
3	323738	32373.7	1
3	323742	32374.1	1
3	323750	32374.9	1
3	323796	32379.5	1
3	323834	32383.3	1
3	323914	32391.3	1
3	323956	32395.5	4
3	324060	32405.9	12
3	324068	32406.7	6
3	324074	32407.3	1
3	324090	32408.9	9
3	324140	32413.9	2
3	324152	32415.1	2
3	324206	32420.5	1
3	324400	32439.9	2
3	324516	32451.5	1
3	324700	32469.9	4
3	324710	32470.9	1
3	324772	32477.1	2
3	324930	32492.9	1
3	324938	32493.7	2
3	324976	32497.5	1
3	325084	32508.3	1
3	325126	32512.5	2
3	325154	32515.3	1
3	325382	32538.1	4
3	325414	32541.3	1
3	325438	32543.7	4
3	325450	32544.9	4
3	325510	32550.9	8
3	325562	32556.1	1
3	325664	32566.3	4
3	325752	32575.1	2
3	325798	32579.7	2
3	325812	32581.1	13
3	325826	32582.5	8
3	325852	32585.1	16
3	325952	32595.1	10
3	326008	32600.7	8
3	326018	32601.7	1
3	326048	32604.7	7
3	326206	32620.5	1
3	326342	32634.1	1
3	326350	32634.9	1
3	326362	32636.1	6
3	326378	32637.7	3
3	326444	32644.3	5
3	326472	32647.1	4
3	326722	32672.1	14
3	326756	32675.5	4
3	326826	32682.5	1
3	326828	32682.7	1
3	326898	32689.7	1
3	326926	32692.5	1
3	326938	32693.7	5
3	326954	32695.3	1
3	326962	32696.1	6
3	327072	32707.1	5
3	327124	32712.3	1
3	327160	32715.9	2
3	327280	32727.9	8
3	327352	32735.1	5
3	327372	32737.1	1
3	327400	32739.9	6
3	327408	32740.7	1
3	327426	32742.5	3
3	327456	32745.5	7
3	327476	32747.5	1
3	327626	32762.5	9
3	327710	32770.9	1
3	327778	32777.7	3
3	327918	32791.7	4
3	327934	32793.3	2
3	328012	32801.1	1
3	328062	32806.1	1
3	328128	32812.7	1
3	328168	32816.7	1
3	328174	32817.3	2
3	328214	32821.3	6
3	328302	32830.1	8
3	328320	32831.9	6
3	328326	32832.5	5
3	328386	32838.5	20
3	328494	32849.3	4
3	328606	32860.5	1
3	328630	32862.9	7
3	328740	32873.9	1
3	328758	32875.7	1
3	328794	32879.3	1
3	328860	32885.9	5
3	328896	32889.5	1
3	328970	32896.9	1
3	329072	32907.1	6
3	329132	32913.1	3
3	329136	32913.5	1
3	329168	32916.7	1
3	329176	32917.5	5
3	329178	32917.7	1
3	329218	32921.7	1
3	329232	32923.1	2
3	329238	32923.7	1
3	329362	32936.1	11
3	329368	32936.7	1
3	329388	32938.7	3
3	329390	32938.9	1
3	329416	32941.5	1
3	329504	32950.3	10
3	329672	32967.1	1
3	329680	32967.9	1
3	329738	32973.7	1
3	329760	32975.9	1
3	329800	32979.9	1
3	329876	32987.5	4
3	329938	32993.7	4
3	329950	32994.9	10
3	330060	33005.9	2
3	330064	33006.3	1
3	330072	33007.1	3
3	330102	33010.1	24
3	330104	33010.3	1
3	330118	33011.7	5
3	330172	33017.1	1
3	330298	33029.7	10
3	330330	33032.9	3
3	330486	33048.5	2
3	330560	33055.9	2
3	330742	33074.1	3
3	330750	33074.9	4
3	330846	33084.5	10
3	330850	33084.9	1
3	330990	33098.9	11
3	331028	33102.7	4
3	331182	33118.1	12
3	331290	33128.9	1
3	331302	33130.1	1
3	331352	33135.1	12
3	331418	33141.7	1
3	331544	33154.3	1
3	331546	33154.5	1
3	331556	33155.5	1
3	331560	33155.9	3
3	331618	33161.7	4
3	331890	33188.9	10
3	331898	33189.7	7
3	331912	33191.1	2
3	331994	33199.3	24
3	332016	33201.5	1
3	332056	33205.5	1
3	332088	33208.7	9
3	332112	33211.1	6
3	332114	33211.3	1
3	332116	33211.5	1
3	332154	33215.3	1
3	332212	33221.1	1
3	332238	33223.7	14
3	332242	33224.1	1
3	332294	33229.3	3
3	332376	33237.5	1
3	332434	33243.3	2
3	332456	33245.5	7
3	332492	33249.1	14
3	332606	33260.5	2
3	332736	33273.5	1
3	332784	33278.3	4
3	332900	33289.9	8
3	332904	33290.3	1
3	332912	33291.1	4
3	333044	33304.3	6
3	333118	33311.7	1
3	333172	33317.1	2
3	333222	33322.1	4
3	333280	33327.9	1
3	333284	33328.3	1
3	333460	33345.9	6
3	333508	33350.7	2
3	333632	33363.1	1
3	333654	33365.3	1
3	333738	33373.7	2
3	333756	33375.5	2
3	333768	33376.7	2
3	333880	33387.9	3
3	333960	33395.9	10
3	333990	33398.9	1
3	334014	33401.3	14
3	334056	33405.5	1
3	334122	33412.1	2
3	334132	33413.1	3
3	334226	33422.5	2
3	334248	33424.7	1
3	334352	33435.1	1
3	334428	33442.7	4
3	334468	33446.7	1
3	334476	33447.5	4
3	334492	33449.1	1
3	334526	33452.5	1
3	334610	33460.9	12
3	334632	33463.1	15
3	334656	33465.5	6
3	334686	33468.5	9
3	334704	33470.3	1
3	334794	33479.3	1
3	334856	33485.5	1
3	334950	33494.9	12
3	334962	33496.1	4
3	335016	33501.5	1
3	335030	33502.9	6
3	335046	33504.5	2
3	335192	33519.1	4
3	335370	33536.9	12
3	335436	33543.5	2
3	335442	33544.1	3
3	335464	33546.3	13
3	335530	33552.9	1
3	335566	33556.5	4
3	335590	33558.9	4
3	335594	33559.3	1
3	335600	33559.9	1
3	335636	33563.5	12
3	335670	33566.9	6
3	335706	33570.5	1
3	335810	33580.9	2
3	335854	33585.3	5
3	335934	33593.3	1
3	335970	33596.9	1
3	336012	33601.1	1
3	336100	33609.9	2
3	336116	33611.5	2
3	336118	33611.7	1
3	336132	33613.1	2
3	336146	33614.5	1
3	336276	33627.5	3
3	336296	33629.5	17
3	336338	33633.7	1
3	336394	33639.3	2
3	336420	33641.9	3
3	336512	33651.1	1
3	336544	33654.3	1
3	336570	33656.9	1
3	336572	33657.1	1
3	336606	33660.5	9
3	336622	33662.1	6
3	336738	33673.7	1
3	336836	33683.5	1
3	336860	33685.9	2
3	336912	33691.1	2
3	337140	33713.9	1
3	337150	33714.9	7
3	337276	33727.5	1
3	337334	33733.3	4
3	337336	33733.5	1
3	337552	33755.1	4
3	337632	33763.1	1
3	337640	33763.9	1
3	337704	33770.3	1
3	337712	33771.1	1
3	337726	33772.5	10
3	337818	33781.7	2
3	337892	33789.1	1
3	337944	33794.3	14
3	337950	33794.9	1
3	337978	33797.7	1
3	338002	33800.1	2
3	338024	33802.3	5
3	338044	33804.3	2
3	338092	33809.1	3
3	338134	33813.3	1
3	338138	33813.7	3
3	338254	33825.3	1
3	338300	33829.9	4
3	338344	33834.3	1
3	338354	33835.3	4
3	338364	33836.3	1
3	338516	33851.5	2
3	338602	33860.1	1
3	338626	33862.5	10
3	338642	33864.1	1
3	338690	33868.9	11
3	338720	33871.9	10
3	338776	33877.5	2
3	338926	33892.5	1
3	338996	33899.5	6
3	339000	33899.9	1
3	339044	33904.3	6
3	339052	33905.1	4
3	339054	33905.3	1
3	339056	33905.5	1
3	339086	33908.5	1
3	339148	33914.7	7
3	339160	33915.9	2
3	339242	33924.1	1
3	339296	33929.5	8
3	339312	33931.1	8
3	339344	33934.3	10
3	339510	33950.9	1
3	339542	33954.1	2
3	339612	33961.1	1
3	339674	33967.3	1
3	339788	33978.7	3
3	339866	33986.5	9
3	339880	33987.9	1
3	339904	33990.3	2
3	339922	33992.1	4
3	339928	33992.7	1
3	339940	33993.9	10
3	340102	34010.1	2
3	340488	34048.7	1
3	340552	34055.1	7
3	340560	34055.9	1
3	340588	34058.7	6
3	340666	34066.5	6
3	340718	34071.7	12
3	340742	34074.1	1
3	340784	34078.3	1
3	340816	34081.5	5
3	340856	34085.5	6
3	341048	34104.7	27
3	341110	34110.9	10
3	341124	34112.3	1
3	341130	34112.9	1
3	341142	34114.1	7
3	341184	34118.3	1
3	341208	34120.7	10
3	341356	34135.5	4
3	341392	34139.1	1
3	341400	34139.9	3
3	341484	34148.3	1
3	341486	34148.5	1
3	341494	34149.3	1
3	341498	34149.7	1
3	341570	34156.9	1
3	341634	34163.3	1
3	341676	34167.5	4
3	341704	34170.3	1
3	341766	34176.5	1
3	341776	34177.5	4
3	341848	34184.7	2
3	342022	34202.1	6
3	342040	34203.9	1
3	342282	34228.1	1
3	342296	34229.5	1
3	342322	34232.1	2
3	342438	34243.7	6
3	342494	34249.3	8
3	342636	34263.5	1
3	342678	34267.7	1
3	342708	34270.7	1
3	342784	34278.3	1
3	342802	34280.1	14
3	342850	34284.9	5
3	343026	34302.5	1
3	343056	34305.5	1
3	343218	34321.7	2
3	343236	34323.5	3
3	343252	34325.1	2
3	343262	34326.1	4
3	343278	34327.7	2
3	343282	34328.1	1
3	343306	34330.5	14
3	343342	34334.1	1
3	343364	34336.3	1
3	343388	34338.7	1
3	343400	34339.9	1
3	343408	34340.7	1
3	343414	34341.3	3
3	343462	34346.1	1
3	343516	34351.5	2
3	343580	34357.9	1
3	343736	34373.5	2
3	343796	34379.5	1
3	343856	34385.5	6
3	343974	34397.3	1
3	343992	34399.1	1
3	344048	34404.7	16
3	344092	34409.1	6
3	344124	34412.3	1
3	344174	34417.3	1
3	344176	34417.5	1
3	344252	34425.1	1
3	344288	34428.7	1
3	344352	34435.1	14
3	344398	34439.7	1
3	344420	34441.9	1
3	344552	34455.1	6
3	344630	34462.9	8
3	344684	34468.3	1
3	344692	34469.1	1
3	344724	34472.3	1
3	344740	34473.9	4
3	344766	34476.5	4
3	344852	34485.1	33
3	344854	34485.3	1
3	345140	34513.9	6
3	345144	34514.3	1
3	345168	34516.7	1
3	345186	34518.5	12
3	345218	34521.7	10
3	345346	34534.5	1
3	345442	34544.1	10
3	345460	34545.9	1
3	345598	34559.7	5
3	345730	34572.9	6
3	345740	34573.9	6
3	345748	34574.7	2
3	345812	34581.1	1
3	345836	34583.5	6
3	345866	34586.5	1
3	345894	34589.3	10
3	345902	34590.1	1
3	345912	34591.1	4
3	345930	34592.9	1
3	345932	34593.1	1
3	345952	34595.1	2
3	345974	34597.3	1
3	346066	34606.5	6
3	346072	34607.1	2
3	346158	34615.7	1
3	346204	34620.3	11
3	346274	34627.3	1
3	346366	34636.5	2
3	346416	34641.5	2
3	346462	34646.1	14
3	346538	34653.7	8
3	346612	34661.1	2
3	346746	34674.5	2
3	346920	34691.9	8
3	347128	34712.7	1
3	347262	34726.1	1
3	347288	34728.7	1
3	347300	34729.9	1
3	347320	34731.9	14
3	347330	34732.9	1
3	347346	34734.5	14
3	347454	34745.3	1
3	347520	34751.9	1
3	347558	34755.7	10
3	347628	34762.7	5
3	347690	34768.9	1
3	347750	34774.9	1
3	347798	34779.7	7
3	347928	34792.7	1
3	347932	34793.1	1
3	348024	34802.3	2
3	348048	34804.7	4
3	348074	34807.3	1
3	348144	34814.3	1
3	348220	34821.9	9
3	348260	34825.9	2
3	348328	34832.7	5
3	348364	34836.3	1
3	348376	34837.5	4
3	348572	34857.1	4
3	348720	34871.9	1
3	348738	34873.7	1
3	348774	34877.3	4
3	348930	34892.9	1
3	348970	34896.9	6
3	349130	34912.9	1
3	349144	34914.3	1
3	349156	34915.5	1
3	349184	34918.3	7
3	349264	34926.3	8
3	349280	34927.9	1
3	349466	34946.5	1
3	349548	34954.7	1
3	349568	34956.7	4
3	349714	34971.3	1
3	349734	34973.3	4
3	349920	34991.9	4
3	350012	35001.1	1
3	350028	35002.7	6
3	350056	35005.5	2
3	350090	35008.9	5
3	350112	35011.1	2
3	350124	35012.3	10
3	350160	35015.9	10
3	350164	35016.3	1
3	350186	35018.5	2
3	350272	35027.1	1
3	350304	35030.3	1
3	350328	35032.7	10
3	350456	35045.5	3
3	350484	35048.3	12
3	350496	35049.5	1
3	350554	35055.3	8
3	350572	35057.1	1
3	350574	35057.3	1
3	350576	35057.5	1
3	350590	35058.9	12
3	350610	35060.9	10
3	350674	35067.3	7
3	350734	35073.3	1
3	350796	35079.5	4
3	350864	35086.3	2
3	350882	35088.1	11
3	350916	35091.5	1
3	350990	35098.9	4
3	351012	35101.1	1
3	351168	35116.7	4
3	351384	35138.3	1
3	351442	35144.1	1
3	351556	35155.5	5
3	351568	35156.7	2
3	351706	35170.5	8
3	351712	35171.1	1
3	351750	35174.9	4
3	351778	35177.7	2
3	351810	35180.9	1
3	351820	35181.9	2
3	351826	35182.5	5
3	351894	35189.3	5
3	351926	35192.5	3
3	351932	35193.1	1
3	351980	35197.9	1
3	352020	35201.9	5
3	352046	35204.5	25
3	352068	35206.7	2
3	352202	35220.1	3
3	352254	35225.3	2
3	352278	35227.7	10
3	352280	35227.9	1
3	352290	35228.9	1
3	352310	35230.9	5
3	352370	35236.9	1
3	352372	35237.1	1
3	352452	35245.1	7
3	352478	35247.7	1
3	352488	35248.7	1
3	352500	35249.9	3
3	352608	35260.7	16
3	352622	35262.1	1
3	352726	35272.5	1
3	352784	35278.3	6
3	352790	35278.9	1
3	352798	35279.7	1
3	353038	35303.7	4
3	353058	35305.7	1
3	353076	35307.5	1
3	353228	35322.7	10
3	353286	35328.5	1
3	353324	35332.3	1
3	353360	35335.9	1
3	353426	35342.5	1
3	353492	35349.1	1
3	353544	35354.3	15
3	353588	35358.7	1
3	353938	35393.7	1
3	353964	35396.3	1
3	354042	35404.1	13
3	354192	35419.1	10
3	354200	35419.9	1
3	354210	35420.9	4
3	354238	35423.7	1
3	354360	35435.9	14
3	354442	35444.1	3
3	354526	35452.5	1
3	354592	35459.1	1
3	354666	35466.5	6
3	354694	35469.3	4
3	354798	35479.7	16
3	354868	35486.7	4
3	354910	35490.9	4
3	355014	35501.3	1
3	355046	35504.5	1
3	355144	35514.3	2
3	355154	35515.3	1
3	355312	35531.1	12
3	355386	35538.5	6
3	355404	35540.3	17
3	355526	35552.5	1
3	355546	35554.5	6
3	355590	35558.9	8
3	355596	35559.5	3
3	355668	35566.7	4
3	355750	35574.9	2
3	355812	35581.1	16
3	355826	35582.5	9
3	355970	35596.9	1
3	355992	35599.1	2
3	356046	35604.5	2
3	356250	35624.9	1
3	356256	35625.5	1
3	356478	35647.7	4
3	356566	35656.5	1
3	356752	35675.1	1
3	356814	35681.3	2
3	356822	35682.1	3
3	356824	35682.3	1
3	356860	35685.9	1
3	356952	35695.1	1
3	357058	35705.7	8
3	357118	35711.7	1
3	357152	35715.1	1
3	357168	35716.7	1
3	357208	35720.7	4
3	357266	35726.5	1
3	357290	35728.9	9
3	357378	35737.7	4
3	357422	35742.1	8
3	357484	35748.3	1
3	357526	35752.5	1
3	357546	35754.5	1
3	357598	35759.7	1
3	357626	35762.5	1
3	357742	35774.1	1
3	357812	35781.1	6
3	357840	35783.9	4
3	357850	35784.9	1
3	357892	35789.1	10
3	357910	35790.9	1
3	357928	35792.7	6
3	357946	35794.5	1
3	357956	35795.5	2
3	358026	35802.5	2
3	358078	35807.7	1
3	358094	35809.3	14
3	358156	35815.5	3
3	358252	35825.1	1
3	358278	35827.7	2
3	358374	35837.3	6
3	358400	35839.9	3
3	358412	35841.1	1
3	358628	35862.7	7
3	358642	35864.1	2
3	358646	35864.5	3
3	358654	35865.3	2
3	358786	35878.5	1
3	358804	35880.3	2
3	358890	35888.9	5
3	358920	35891.9	1
3	359016	35901.5	16
3	359024	35902.3	1
3	359034	35903.3	1
3	359072	35907.1	4
3	359120	35911.9	1
3	359148	35914.7	4
3	359154	35915.3	3
3	359156	35915.5	1
3	359178	35917.7	1
3	359250	35924.9	1
3	359304	35930.3	1
3	359312	35931.1	5
3	359330	35932.9	1
3	359362	35936.1	27
3	359380	35937.9	1
3	359578	35957.7	1
3	359584	35958.3	1
3	359590	35958.9	2
3	359592	35959.1	1
3	359768	35976.7	1
3	359826	35982.5	2
3	360024	36002.3	4
3	360096	36009.5	6
3	360116	36011.5	8
3	360138	36013.7	2
3	360190	36018.9	4
3	360300	36029.9	8
3	360348	36034.7	13
3	360456	36045.5	9
3	360488	36048.7	1
3	360532	36053.1	4
3	360604	36060.3	1
3	360624	36062.3	2
3	360646	36064.5	10
3	360660	36065.9	6
3	360800	36079.9	2
3	360812	36081.1	2
3	360816	36081.5	1
3	360820	36081.9	3
3	360900	36089.9	1
3	360934	36093.3	2
3	360994	36099.3	1
3	361080	36107.9	1
3	361122	36112.1	2
3	361210	36120.9	1
3	361296	36129.5	1
3	361356	36135.5	1
3	361426	36142.5	1
3	361486	36148.5	2
3	361530	36152.9	8
3	361690	36168.9	2
3	361724	36172.3	1
3	361802	36180.1	1
3	361826	36182.5	2
3	361834	36183.3	1
3	361860	36185.9	2
3	361996	36199.5	1
3	362024	36202.3	2
3	362060	36205.9	6
3	362094	36209.3	11
3	362212	36221.1	2
3	362356	36235.5	1
3	362450	36244.9	8
3	362464	36246.3	3
3	362590	36258.9	2
3	362680	36267.9	4
3	362704	36270.3	6
3	362716	36271.5	1
3	362730	36272.9	2
3	362738	36273.7	5
3	362774	36277.3	1
3	362784	36278.3	1
3	362804	36280.3	1
3	362862	36286.1	24
3	362992	36299.1	14
3	363160	36315.9	11
3	363202	36320.1	2
3	363222	36322.1	1
3	363264	36326.3	1
3	363438	36343.7	1
3	363452	36345.1	6
3	363516	36351.5	4
3	363554	36355.3	2
3	363574	36357.3	4
3	363676	36367.5	8
3	363748	36374.7	14
3	363862	36386.1	3
3	363978	36397.7	8
3	364024	36402.3	3
3	364100	36409.9	11
3	364338	36433.7	3
3	364356	36435.5	1
3	364360	36435.9	2
3	364430	36442.9	5
3	364532	36453.1	1
3	364710	36470.9	3
3	364734	36473.3	1
3	364840	36483.9	1
3	364860	36485.9	16
3	364980	36497.9	1
3	365038	36503.7	2
3	365080	36507.9	3
3	365218	36521.7	12
3	365248	36524.7	1
3	365296	36529.5	1
3	365396	36539.5	1
3	365412	36541.1	1
3	365432	36543.1	1
3	365454	36545.3	12
3	365556	36555.5	2
3	365574	36557.3	6
3	365658	36565.7	2
3	365686	36568.5	14
3	365718	36571.7	4
3	365742	36574.1	1
3	365766	36576.5	1
3	365804	36580.3	7
3	365842	36584.1	3
3	365868	36586.7	6
3	365942	36594.1	1
3	365988	36598.7	1
3	366002	36600.1	1
3	366026	36602.5	1
3	366036	36603.5	1
3	366052	36605.1	4
3	366058	36605.7	2
3	366222	36622.1	14
3	366252	36625.1	2
3	366280	36627.9	2
3	366496	36649.5	1
3	366516	36651.5	10
3	366544	36654.3	1
3	366584	36658.3	10
3	366594	36659.3	6
3	366642	36664.1	15
3	366668	36666.7	6
3	366740	36673.9	3
3	366810	36680.9	3
3	366946	36694.5	1
3	366958	36695.7	8
3	366978	36697.7	4
3	367006	36700.5	4
3	367166	36716.5	4
3	367266	36726.5	16
3	367336	36733.5	1
3	367414	36741.3	5
3	367446	36744.5	2
3	367564	36756.3	1
3	367594	36759.3	1
3	367602	36760.1	1
3	367616	36761.5	6
3	367698	36769.7	1
3	367794	36779.3	2
3	367808	36780.7	2
3	367866	36786.5	23
3	367884	36788.3	1
3	367944	36794.3	1
3	368042	36804.1	1
3	368086	36808.5	8
3	368148	36814.7	11
3	368172	36817.1	2
3	368236	36823.5	1
3	368352	36835.1	1
3	368410	36840.9	6
3	368440	36843.9	1
3	368530	36852.9	1
3	368542	36854.1	6
3	368584	36858.3	1
3	368608	36860.7	4
3	368616	36861.5	1
3	368658	36865.7	18
3	368670	36866.9	1
3	368694	36869.3	1
3	368746	36874.5	7
3	368832	36883.1	1
3	368844	36884.3	3
3	368866	36886.5	6
3	368878	36887.7	1
3	368916	36891.5	4
3	368920	36891.9	2
3	368978	36897.7	4
3	369066	36906.5	6
3	369076	36907.5	3
3	369118	36911.7	2
3	369240	36923.9	7
3	369258	36925.7	2
3	369458	36945.7	1
3	369574	36957.3	1
3	369620	36961.9	1
3	369758	36975.7	1
3	369792	36979.1	1
3	369822	36982.1	8
3	369908	36990.7	4
3	369962	36996.1	8
3	370116	37011.5	2
3	370132	37013.1	7
3	370152	37015.1	1
3	370164	37016.3	1
3	370168	37016.7	1
3	370202	37020.1	6
3	370214	37021.3	1
3	370224	37022.3	4
3	370252	37025.1	14
3	370352	37035.1	1
3	370354	37035.3	1
3	370356	37035.5	1
3	370450	37044.9	1
3	370458	37045.7	4
3	370474	37047.3	1
3	370492	37049.1	6
3	370502	37050.1	2
3	370616	37061.5	16
3	370636	37063.5	1
3	370696	37069.5	4
3	370770	37076.9	14
3	370838	37083.7	10
3	370954	37095.3	2
3	370978	37097.7	1
3	370980	37097.9	1
3	370990	37098.9	2
3	371084	37108.3	10
3	371152	37115.1	1
3	371196	37119.5	2
3	371200	37119.9	1
3	371334	37133.3	1
3	371388	37138.7	5
3	371394	37139.3	5
3	371450	37144.9	1
3	371476	37147.5	3
3	371558	37155.7	1
3	371582	37158.1	2
3	371602	37160.1	4
3	371634	37163.3	6
3	371680	37167.9	6
3	371692	37169.1	2
3	371800	37179.9	1
3	371886	37188.5	20
3	371946	37194.5	1
3	371976	37197.5	1
3	372092	37209.1	17
3	372116	37211.5	1
3	372136	37213.5	1
3	372260	37225.9	2
3	372270	37226.9	1
3	372328	37232.7	4
3	372346	37234.5	10
3	372482	37248.1	6
3	372492	37249.1	5
3	372516	37251.5	1
3	372548	37254.7	4
3	372658	37265.7	4
3	372664	37266.3	4
3	372682	37268.1	1
3	372742	37274.1	5
3	372936	37293.5	1
3	373116	37311.5	6
3	373144	37314.3	12
3	373152	37315.1	6
3	373182	37318.1	2
3	373226	37322.5	1
3	373254	37325.3	6
3	373282	37328.1	15
3	373372	37337.1	16
3	373378	37337.7	1
3	373400	37339.9	2
3	373446	37344.5	6
3	373580	37357.9	4
3	373620	37361.9	1
3	373690	37368.9	4
3	373754	37375.3	1
3	373798	37379.7	1
3	373816	37381.5	1
3	373874	37387.3	1
3	374016	37401.5	7
3	374058	37405.7	1
3	374112	37411.1	1
3	374134	37413.3	4
3	374242	37424.1	1
3	374268	37426.7	1
3	374388	37438.7	1
3	374472	37447.1	5
3	374544	37454.3	11
3	374550	37454.9	2
3	374640	37463.9	1
3	374732	37473.1	1
3	374860	37485.9	3
3	374866	37486.5	4
3	374974	37497.3	8
3	374978	37497.7	1
3	375062	37506.1	1
3	375076	37507.5	1
3	375116	37511.5	1
3	375126	37512.5	4
3	375178	37517.7	3
3	375228	37522.7	1
3	375264	37526.3	1
3	375286	37528.5	1
3	375334	37533.3	1
3	375414	37541.3	2
3	375512	37551.1	1
3	375588	37558.7	4
3	375656	37565.5	5
3	375694	37569.3	1
3	375860	37585.9	5
3	375888	37588.7	8
3	376002	37600.1	25
3	376018	37601.7	1
3	376072	37607.1	1
3	376180	37617.9	1
3	376250	37624.9	1
3	376270	37626.9	6
3	376312	37631.1	1
3	376386	37638.5	4
3	376404	37640.3	1
3	376514	37651.3	1
3	376580	37657.9	1
3	376648	37664.7	1
3	376712	37671.1	7
3	376846	37684.5	3
3	377014	37701.3	6
3	377042	37704.1	7
3	377094	37709.3	10
3	377110	37710.9	4
3	377130	37712.9	1
3	377166	37716.5	8
3	377210	37720.9	20
3	377230	37722.9	1
3	377288	37728.7	1
3	377318	37731.7	2
3	377374	37737.3	1
3	377452	37745.1	4
3	377474	37747.3	10
3	377598	37759.7	4
3	377798	37779.7	1
3	377830	37782.9	4
3	377842	37784.1	2
3	377874	37787.3	7
3	377936	37793.5	5
3	377998	37799.7	1
3	378018	37801.7	1
3	378032	37803.1	4
3	378054	37805.3	1
3	378066	37806.5	3
3	378138	37813.7	10
3	378228	37822.7	1
3	378268	37826.7	12
3	378316	37831.5	5
3	378336	37833.5	1
3	378338	37833.7	1
3	378340	37833.9	1
3	378528	37852.7	8
3	378556	37855.5	1
3	378628	37862.7	8
3	378806	37880.5	4
3	378870	37886.9	1
3	378878	37887.7	2
3	378914	37891.3	1
3	378920	37891.9	1
3	379082	37908.1	1
3	379160	37915.9	3
3	379166	37916.5	1
3	379184	37918.3	1
3	379230	37922.9	1
3	379246	37924.5	1
3	379300	37929.9	2
3	379314	37931.3	1
3	379410	37940.9	10
3	379442	37944.1	6
3	379502	37950.1	24
3	379544	37954.3	14
3	379578	37957.7	2
3	379604	37960.3	6
3	379638	37963.7	4
3	379678	37967.7	1
3	379954	37995.3	1
3	379976	37997.5	1
3	379998	37999.7	12
3	380112	38011.1	12
3	380138	38013.7	19
3	380218	38021.7	8
3	380220	38021.9	1
3	380258	38025.7	1
3	380272	38027.1	6
3	380324	38032.3	9
3	380402	38040.1	3
3	380424	38042.3	2
3	380444	38044.3	1
3	380500	38049.9	1
3	380558	38055.7	1
3	380570	38056.9	5
3	380740	38073.9	1
3	380750	38074.9	1
3	380768	38076.7	10
3	380780	38077.9	6
3	381084	38108.3	1
3	381088	38108.7	1
3	381102	38110.1	2
3	381182	38118.1	5
3	381228	38122.7	1
3	381272	38127.1	22
3	381290	38128.9	5
3	381454	38145.3	2
3	381484	38148.3	2
3	381516	38151.5	1
3	381578	38157.7	1
3	381590	38158.9	8
3	381592	38159.1	1
3	381642	38164.1	6
3	381654	38165.3	11
3	381696	38169.5	4
3	381724	38172.3	1
3	381846	38184.5	8
3	381866	38186.5	10
3	381878	38187.7	1
3	382084	38208.3	4
3	382196	38219.5	3
3	382212	38221.1	2
3	382260	38225.9	1
3	382292	38229.1	1
3	382320	38231.9	1
3	382402	38240.1	1
3	382428	38242.7	4
3	382448	38244.7	13
3	382484	38248.3	9
3	382526	38252.5	2
3	382550	38254.9	5
3	382642	38264.1	1
3	382790	38278.9	14
3	382802	38280.1	2
3	382814	38281.3	4
3	382828	38282.7	5
3	382858	38285.7	1
3	382880	38287.9	16
3	383046	38304.5	1
3	383048	38304.7	1
3	383062	38306.1	1
3	383164	38316.3	2
3	383192	38319.1	7
3	383206	38320.5	1
3	383210	38320.9	3
3	383254	38325.3	1
3	383298	38329.7	4
3	383324	38332.3	2
3	383346	38334.5	6
3	383386	38338.5	2
3	383390	38338.9	1
3	383404	38340.3	2
3	383508	38350.7	1
3	383560	38355.9	1
3	383576	38357.5	6
3	383582	38358.1	1
3	383624	38362.3	1
3	383714	38371.3	2
3	383754	38375.3	1
3	383810	38380.9	6
3	383846	38384.5	3
3	384138	38413.7	1
3	384170	38416.9	1
3	384312	38431.1	6
3	384344	38434.3	1
3	384386	38438.5	1
3	384416	38441.5	1
3	384498	38449.7	4
3	384548	38454.7	13
3	384602	38460.1	1
3	384666	38466.5	1
3	384750	38474.9	8
3	384784	38478.3	1
3	384836	38483.5	2
3	385042	38504.1	1
3	385146	38514.5	5
3	385342	38534.1	1
3	385378	38537.7	2
3	385420	38541.9	1
3	385656	38565.5	1
3	385662	38566.1	2
3	385884	38588.3	14
3	385982	38598.1	8
3	386020	38601.9	3
3	386090	38608.9	6
3	386222	38622.1	1
3	386264	38626.3	10
3	386306	38630.5	4
3	386400	38639.9	1
3	386436	38643.5	1
3	386484	38648.3	1
3	386544	38654.3	9
3	386582	38658.1	12
3	386676	38667.5	1
3	386698	38669.7	6
3	386712	38671.1	11
3	386720	38671.9	1
3	386838	38683.7	2
3	386870	38686.9	1
3	386958	38695.7	8
3	387024	38702.3	2
3	387078	38707.7	1
3	387240	38723.9	5
3	387326	38732.5	4
3	387434	38743.3	1
3	387642	38764.1	4
3	387682	38768.1	2
3	387704	38770.3	1
3	387712	38771.1	2
3	387724	38772.3	2
3	387774	38777.3	2
3	387850	38784.9	1
3	387970	38796.9	4
3	388032	38803.1	6
3	388088	38808.7	2
3	388106	38810.5	1
3	388128	38812.7	1
3	388246	38824.5	16
3	388316	38831.5	1
3	388436	38843.5	1
3	388582	38858.1	6
3	388622	38862.1	1
3	388708	38870.7	3
3	388726	38872.5	9
3	388758	38875.7	1
3	388916	38891.5	1
3	389008	38900.7	1
3	389028	38902.7	12
3	389056	38905.5	4
3	389072	38907.1	1
3	389196	38919.5	14
3	389218	38921.7	1
3	389246	38924.5	1
3	389276	38927.5	1
3	389282	38928.1	2
3	389286	38928.5	1
3	389332	38933.1	2
3	389352	38935.1	1
3	389362	38936.1	1
3	389374	38937.3	9
3	389522	38952.1	13
3	389568	38956.7	4
3	389708	38970.7	6
3	389716	38971.5	4
3	389950	38994.9	6
3	389986	38998.5	1
3	389994	38999.3	1
3	390016	39001.5	1
3	390034	39003.3	1
3	390070	39006.9	1
3	390074	39007.3	2
3	390112	39011.1	1
3	390114	39011.3	1
3	390152	39015.1	2
3	390172	39017.1	1
3	390220	39021.9	16
3	390382	39038.1	14
3	390424	39042.3	1
3	390440	39043.9	7
3	390490	39048.9	1
3	390496	39049.5	1
3	390512	39051.1	1
3	390882	39088.1	10
3	390910	39090.9	2
3	390960	39095.9	2
3	390966	39096.5	4
3	391044	39104.3	1
3	391046	39104.5	1
3	391154	39115.3	1
3	391198	39119.7	33
3	391434	39143.3	1
3	391440	39143.9	1
3	391526	39152.5	2
3	391552	39155.1	25
3	391614	39161.3	1
3	391708	39170.7	1
3	391780	39177.9	2
3	391842	39184.1	2
3	391908	39190.7	1
3	392084	39208.3	1
3	392330	39232.9	1
3	392442	39244.1	9
3	392460	39245.9	4
3	392484	39248.3	1
3	392570	39256.9	1
3	392572	39257.1	1
3	392600	39259.9	1
3	392626	39262.5	2
3	392644	39264.3	3
3	392714	39271.3	1
3	392748	39274.7	1
3	392818	39281.7	6
3	392912	39291.1	10
3	393214	39321.3	1
3	393248	39324.7	10
3	393314	39331.3	1
3	393338	39333.7	2
3	393372	39337.1	1
3	393390	39338.9	1
3	393436	39343.5	1
3	393496	39349.5	2
3	393592	39359.1	5
3	393630	39362.9	1
3	393660	39365.9	2
3	393766	39376.5	16
3	393796	39379.5	1
3	394196	39419.5	1
3	394252	39425.1	16
3	394400	39439.9	1
3	394526	39452.5	2
3	394560	39455.9	4
3	394642	39464.1	3
3	394778	39477.7	14
3	394926	39492.5	1
3	394954	39495.3	6
3	394984	39498.3	1
3	395004	39500.3	2
3	395050	39504.9	6
3	395088	39508.7	1
3	395144	39514.3	1
3	395162	39516.1	2
3	395278	39527.7	1
3	395288	39528.7	2
3	395338	39533.7	16
3	395366	39536.5	6
3	395412	39541.1	1
3	395456	39545.5	1
3	395522	39552.1	6
3	395596	39559.5	1
3	395620	39561.9	1
3	395660	39565.9	20
3	395676	39567.5	1
3	395698	39569.7	10
3	395746	39574.5	20
3	395790	39578.9	1
3	395842	39584.1	4
3	395872	39587.1	2
3	395924	39592.3	11
3	395934	39593.3	1
3	395976	39597.5	16
3	396024	39602.3	4
3	396100	39609.9	1
3	396150	39614.9	1
3	396160	39615.9	2
3	396290	39628.9	8
3	396326	39632.5	1
3	396558	39655.7	1
3	396600	39659.9	1
3	396806	39680.5	1
3	396876	39687.5	2
3	397046	39704.5	5
3	397096	39709.5	1
3	397130	39712.9	2
3	397154	39715.3	1
3	397156	39715.5	1
3	397180	39717.9	6
3	397334	39733.3	1
3	397346	39734.5	1
3	397528	39752.7	1
3	397536	39753.5	1
3	397688	39768.7	1
3	397708	39770.7	3
3	397750	39774.9	10
3	397810	39780.9	1
3	397812	39781.1	1
3	397844	39784.3	12
3	397850	39784.9	3
3	397906	39790.5	1
3	397966	39796.5	2
3	398018	39801.7	2
3	398050	39804.9	10
3	398100	39809.9	1
3	398132	39813.1	14
3	398144	39814.3	6
3	398172	39817.1	1
3	398308	39830.7	1
3	398310	39830.9	1
3	398532	39853.1	1
3	398580	39857.9	1
3	398628	39862.7	1
3	398662	39866.1	1
3	398724	39872.3	5
3	398736	39873.5	1
3	398818	39881.7	1
3	398832	39883.1	4
3	398914	39891.3	1
3	398954	39895.3	6
3	399022	39902.1	1
3	399028	39902.7	2
3	399074	39907.3	1
3	399178	39917.7	1
3	399214	39921.3	2
3	399254	39925.3	16
3	399296	39929.5	1
3	399360	39935.9	27
3	399374	39937.3	4
3	399406	39940.5	1
3	399436	39943.5	1
3	399524	39952.3	2
3	399636	39963.5	14
3	399640	39963.9	1
3	399706	39970.5	4
3	399836	39983.5	2
3	399904	39990.3	1
3	399972	39997.1	2
3	400054	40005.3	1
3	400070	40006.9	7
3	400090	40008.9	1
3	400238	40023.7	4
3	400420	40041.9	1
3	400424	40042.3	1
3	400504	40050.3	12
3	400536	40053.5	2
3	400572	40057.1	1
3	400586	40058.5	2
3	400700	40069.9	1
3	400890	40088.9	8
3	400924	40092.3	6
3	400986	40098.5	6
3	401058	40105.7	1
3	401082	40108.1	1
3	401130	40112.9	1
3	401188	40118.7	1
3	401226	40122.5	1
3	401452	40145.1	1
3	401484	40148.3	6
3	401620	40161.9	3
3	401640	40163.9	4
3	401648	40164.7	4
3	401690	40168.9	2
3	401692	40169.1	1
3	401698	40169.7	2
3	401740	40173.9	12
3	401768	40176.7	2
3	401808	40180.7	2
3	401818	40181.7	1
3	401822	40182.1	3
3	401870	40186.9	2
3	401984	40198.3	3
3	402018	40201.7	2
3	402042	40204.1	1
3	402066	40206.5	1
3	402068	40206.7	1
3	402072	40207.1	1
3	402180	40217.9	10
3	402206	40220.5	2
3	402218	40221.7	5
3	402278	40227.7	1
3	402368	40236.7	1
3	402466	40246.5	1
3	402514	40251.3	1
3	402574	40257.3	18
3	402624	40262.3	1
3	402648	40264.7	1
3	402670	40266.9	1
3	402672	40267.1	1
3	402680	40267.9	1
3	402714	40271.3	1
3	402740	40273.9	1
3	402788	40278.7	6
3	402798	40279.7	2
3	402840	40283.9	1
3	402882	40288.1	1
3	402892	40289.1	4
3	403072	40307.1	4
3	403140	40313.9	5
3	403178	40317.7	1
3	403276	40327.5	1
3	403298	40329.7	1
3	403328	40332.7	4
3	403390	40338.9	2
3	403396	40339.5	4
3	403400	40339.9	3
3	403436	40343.5	8
3	403476	40347.5	4
3	403508	40350.7	12
3	403700	40369.9	1
3	403712	40371.1	2
3	403734	40373.3	1
3	403770	40376.9	1
3	403838	40383.7	1
3	403870	40386.9	1
3	403878	40387.7	1
3	403990	40398.9	4
3	404012	40401.1	2
3	404318	40431.7	1
3	404328	40432.7	1
3	404364	40436.3	1
3	404368	40436.7	1
3	404382	40438.1	11
3	404456	40445.5	1
3	404478	40447.7	15
3	404522	40452.1	6
3	404550	40454.9	1
3	404566	40456.5	1
3	404596	40459.5	2
3	404696	40469.5	10
3	404708	40470.7	6
3	404804	40480.3	4
3	404828	40482.7	2
3	404850	40484.9	1
3	404902	40490.1	1
3	404936	40493.5	4
3	404952	40495.1	1
3	404954	40495.3	1
3	404956	40495.5	1
3	404958	40495.7	1
3	404966	40496.5	4
3	405022	40502.1	1
3	405136	40513.5	1
3	405288	40528.7	6
3	405352	40535.1	1
3	405406	40540.5	3
3	405444	40544.3	1
3	405494	40549.3	1
3	405556	40555.5	1
3	405574	40557.3	1
3	405634	40563.3	2
3	405692	40569.1	1
3	405764	40576.3	11
3	405790	40578.9	8
3	405836	40583.5	2
3	405886	40588.5	3
3	406032	40603.1	8
3	406110	40610.9	5
3	406136	40613.5	6
3	406298	40629.7	1
3	406498	40649.7	6
3	406552	40655.1	1
3	406642	40664.1	2
3	406738	40673.7	4
3	406792	40679.1	6
3	406812	40681.1	4
3	406822	40682.1	1
3	406860	40685.9	8
3	406862	40686.1	1
3	406868	40686.7	1
3	406924	40692.3	1
3	406934	40693.3	4
3	407068	40706.7	2
3	407148	40714.7	6
3	407206	40720.5	1
3	407240	40723.9	1
3	407282	40728.1	4
3	407298	40729.7	1
3	407446	40744.5	1
3	407510	40750.9	1
3	407584	40758.3	2
3	407672	40767.1	4
3	407778	40777.7	2
3	407818	40781.7	1
3	407834	40783.3	1
3	407912	40791.1	8
3	408000	40799.9	1
3	408032	40803.1	1
3	408048	40804.7	1
3	408150	40814.9	9
3	408222	40822.1	1
3	408324	40832.3	2
3	408378	40837.7	13
3	408412	40841.1	3
3	408516	40851.5	2
3	408602	40860.1	2
3	408650	40864.9	28
3	408660	40865.9	1
3	408662	40866.1	1
3	408798	40879.7	6
3	408848	40884.7	5
3	409070	40906.9	1
3	409134	40913.3	1
3	409178	40917.7	4
3	409230	40922.9	2
3	409248	40924.7	1
3	409262	40926.1	1
3	409280	40927.9	1
3	409340	40933.9	1
3	409488	40948.7	1
3	409494	40949.3	1
3	409498	40949.7	1
3	409638	40963.7	10
3	409706	40970.5	3
3	409846	40984.5	9
3	409972	40997.1	6
3	409986	40998.5	3
3	410006	41000.5	1
3	410092	41009.1	2
3	410196	41019.5	1
3	410266	41026.5	14
3	410308	41030.7	4
3	410468	41046.7	1
3	410498	41049.7	4
3	410550	41054.9	3
3	410598	41059.7	16
3	410612	41061.1	1
3	410644	41064.3	1
3	410782	41078.1	1
3	411134	41113.3	1
3	411196	41119.5	3
3	411210	41120.9	5
3	411260	41125.9	1
3	411470	41146.9	2
3	411638	41163.7	1
3	411652	41165.1	6
3	411690	41168.9	2
3	411698	41169.7	7
3	411720	41171.9	2
3	411776	41177.5	4
3	411972	41197.1	1
3	412040	41203.9	4
3	412066	41206.5	2
3	412108	41210.7	1
3	412116	41211.5	1
3	412118	41211.7	1
3	412186	41218.5	2
3	412248	41224.7	12
3	412254	41225.3	1
3	412302	41230.1	2
3	412430	41242.9	4
3	412478	41247.7	1
3	412490	41248.9	2
3	412502	41250.1	1
3	412590	41258.9	2
3	412676	41267.5	2
3	412832	41283.1	8
3	412942	41294.1	2
3	412950	41294.9	1
3	412966	41296.5	6
3	413016	41301.5	4
3	413032	41303.1	1
3	413204	41320.3	1
3	413334	41333.3	1
3	413346	41334.5	2
3	413428	41342.7	2
3	413436	41343.5	1
3	413480	41347.9	6
3	413596	41359.5	1
3	413608	41360.7	2
3	413618	41361.7	1
3	413740	41373.9	1
3	413888	41388.7	2
3	413892	41389.1	1
3	413978	41397.7	1
3	414016	41401.5	2
3	414082	41408.1	4
3	414194	41419.3	2
3	414214	41421.3	3
3	414246	41424.5	6
3	414394	41439.3	1
3	414526	41452.5	4
3	414546	41454.5	2
3	414580	41457.9	6
3	414598	41459.7	8
3	414644	41464.3	6
3	414646	41464.5	1
3	414704	41470.3	2
3	414706	41470.5	1
3	414722	41472.1	14
3	414748	41474.7	1
3	414784	41478.3	1
3	414832	41483.1	4
3	414866	41486.5	1
3	414880	41487.9	4
3	414888	41488.7	1
3	414946	41494.5	1
3	414950	41494.9	1
3	414974	41497.3	1
3	415136	41513.5	1
3	415220	41521.9	1
3	415264	41526.3	10
3	415348	41534.7	2
3	415434	41543.3	1
3	415448	41544.7	2
3	415550	41554.9	1
3	415604	41560.3	1
3	415610	41560.9	4
3	415680	41567.9	1
3	415682	41568.1	1
3	415684	41568.3	1
3	415752	41575.1	1
3	415790	41578.9	2
3	415838	41583.7	4
3	415968	41596.7	1
3	416050	41604.9	6
3	416090	41608.9	25
3	416196	41619.5	10
3	416264	41626.3	1
3	416298	41629.7	1
3	416306	41630.5	1
3	416350	41634.9	2
3	416484	41648.3	1
3	416606	41660.5	20
3	416728	41672.7	1
3	416770	41676.9	1
3	416786	41678.5	1
3	416812	41681.1	10
3	416902	41690.1	3
3	417022	41702.1	2
3	417044	41704.3	1
3	417084	41708.3	1
3	417110	41710.9	14
3	417188	41718.7	4
3	417378	41737.7	1
3	417402	41740.1	1
3	417448	41744.7	14
3	417642	41764.1	14
3	417706	41770.5	1
3	417740	41773.9	1
3	418000	41799.9	1
3	418070	41806.9	2
3	418076	41807.5	3
3	418168	41816.7	1
3	418294	41829.3	1
3	418326	41832.5	3
3	418362	41836.1	1
3	418396	41839.5	10
3	418446	41844.5	1
3	418666	41866.5	1
3	418684	41868.3	6
3	418800	41879.9	4
3	418820	41881.9	6
3	418864	41886.3	2
3	418896	41889.5	1
3	418924	41892.3	1
3	418932	41893.1	1
3	418946	41894.5	2
3	418960	41895.9	3
3	419052	41905.1	1
3	419110	41910.9	4
3	419194	41919.3	1
3	419296	41929.5	2
3	419316	41931.5	15
3	419404	41940.3	1
3	419412	41941.1	7
3	419432	41943.1	18
3	419462	41946.1	1
3	419574	41957.3	12
3	419590	41958.9	8
3	419670	41966.9	1
3	419678	41967.7	1
3	419694	41969.3	1
3	419792	41979.1	10
3	420004	42000.3	1
3	420008	42000.7	3
3	420070	42006.9	4
3	420080	42007.9	1
3	420152	42015.1	11
3	420358	42035.7	3
3	420382	42038.1	4
3	420458	42045.7	2
3	420592	42059.1	24
3	420676	42067.5	1
3	420752	42075.1	2
3	420930	42092.9	1
3	421108	42110.7	6
3	421126	42112.5	16
3	421180	42117.9	1
3	421184	42118.3	1
3	421216	42121.5	1
3	421226	42122.5	6
3	421272	42127.1	6
3	421282	42128.1	1
3	421324	42132.3	1
3	421346	42134.5	1
3	421368	42136.7	1
3	421422	42142.1	1
3	421468	42146.7	12
3	421476	42147.5	2
3	421592	42159.1	6
3	421602	42160.1	3
3	421632	42163.1	1
3	421650	42164.9	9
3	421840	42183.9	3
3	421948	42194.7	1
3	422048	42204.7	5
3	422116	42211.5	10
3	422178	42217.7	8
3	422192	42219.1	4
3	422430	42242.9	1
3	422492	42249.1	1
3	422514	42251.3	6
3	422546	42254.5	1
3	422548	42254.7	1
3	422554	42255.3	1
3	422562	42256.1	6
3	422568	42256.7	4
3	422672	42267.1	12
3	422700	42269.9	9
3	422758	42275.7	28
3	422780	42277.9	1
3	422932	42293.1	1
3	422936	42293.5	1
3	423026	42302.5	1
3	423084	42308.3	2
3	423134	42313.3	2
3	423194	42319.3	1
3	423230	42322.9	1
3	423416	42341.5	3
3	423424	42342.3	3
3	423430	42342.9	3
3	423490	42348.9	1
3	423516	42351.5	6
3	423546	42354.5	3
3	423656	42365.5	7
3	423674	42367.3	6
3	423762	42376.1	1
3	423776	42377.5	1
3	423798	42379.7	2
3	423824	42382.3	5
3	423860	42385.9	1
3	423868	42386.7	4
3	423912	42391.1	36
3	423948	42394.7	1
3	424008	42400.7	1
3	424052	42405.1	1
3	424076	42407.5	1
3	424136	42413.5	1
3	424360	42435.9	14
3	424422	42442.1	13
3	424470	42446.9	1
3	424500	42449.9	1
3	424544	42454.3	1
3	424558	42455.7	2
3	424836	42483.5	1
3	424852	42485.1	3
3	424876	42487.5	8
3	424910	42490.9	1
3	424986	42498.5	1
3	424990	42498.9	2
3	425000	42499.9	1
3	425020	42501.9	9
3	425058	42505.7	2
3	425172	42517.1	8
3	425178	42517.7	1
3	425278	42527.7	1
3	425280	42527.9	1
3	425324	42532.3	2
3	425360	42535.9	1
3	425382	42538.1	21
3	425400	42539.9	6
3	425464	42546.3	1
3	425478	42547.7	5
3	425520	42551.9	9
3	425522	42552.1	1
3	425530	42552.9	1
3	425618	42561.7	1
3	425638	42563.7	1
3	425716	42571.5	1
3	425794	42579.3	1
3	425828	42582.7	1
3	425850	42584.9	6
3	425930	42592.9	2
3	425944	42594.3	1
3	425970	42596.9	1
3	426006	42600.5	3
3	426024	42602.3	2
3	426032	42603.1	7
3	426054	42605.3	1
3	426134	42613.3	6
3	426240	42623.9	1
3	426362	42636.1	1
3	426434	42643.3	2
3	426466	42646.5	16
3	426474	42647.3	1
3	426492	42649.1	4
3	426512	42651.1	6
3	426610	42660.9	1
3	426632	42663.1	15
3	426652	42665.1	1
3	426862	42686.1	2
3	426934	42693.3	5
3	426942	42694.1	1
3	427008	42700.7	4
3	427016	42701.5	6
3	427124	42712.3	12
3	427136	42713.5	8
3	427146	42714.5	5
3	427266	42726.5	5
3	427294	42729.3	9
3	427348	42734.7	2
3	427360	42735.9	1
3	427364	42736.3	1
3	427580	42757.9	1
3	427700	42769.9	4
3	427736	42773.5	4
3	427780	42777.9	6
3	427852	42785.1	4
3	427864	42786.3	7
3	427878	42787.7	1
3	427892	42789.1	3
3	427934	42793.3	6
3	428100	42809.9	1
3	428148	42814.7	2
3	428166	42816.5	6
3	428208	42820.7	36
3	428430	42842.9	3
3	428432	42843.1	1
3	428552	42855.1	1
3	428638	42863.7	2
3	428734	42873.3	15
3	428834	42883.3	1
3	428894	42889.3	1
3	428902	42890.1	2
3	428934	42893.3	1
3	429052	42905.1	1
3	429180	42917.9	5
3	429266	42926.5	1
3	429274	42927.3	5
3	429402	42940.1	1
3	429418	42941.7	1
3	429422	42942.1	1
3	429460	42945.9	1
3	429512	42951.1	12
3	429560	42955.9	1
3	429580	42957.9	3
3	429582	42958.1	1
3	429650	42964.9	2
3	429678	42967.7	3
3	429686	42968.5	2
3	429696	42969.5	6
3	429722	42972.1	1
3	429726	42972.5	3
3	429738	42973.7	2
3	429746	42974.5	1
3	429908	42990.7	1
3	429998	42999.7	2
3	430122	43012.1	4
3	430192	43019.1	1
3	430258	43025.7	2
3	430296	43029.5	1
3	430386	43038.5	6
3	430392	43039.1	1
3	430550	43054.9	4
3	430562	43056.1	2
3	430624	43062.3	16
3	430632	43063.1	1
3	430652	43065.1	1
3	430698	43069.7	18
3	430724	43072.3	1
3	430868	43086.7	1
3	430980	43097.9	1
3	430990	43098.9	2
3	431038	43103.7	4
3	431050	43104.9	4
3	431218	43121.7	12
3	431250	43124.9	4
3	431264	43126.3	1
3	431308	43130.7	2
3	431320	43131.9	6
3	431322	43132.1	1
3	431370	43136.9	1
3	431418	43141.7	12
3	431426	43142.5	1
3	431548	43154.7	1
3	431580	43157.9	1
3	431636	43163.5	11
3	431640	43163.9	1
3	431728	43172.7	8
3	431816	43181.5	1
3	431820	43181.9	3
3	432078	43207.7	2
3	432218	43221.7	1
3	432230	43222.9	1
3	432256	43225.5	3
3	432268	43226.7	9
3	432300	43229.9	1
3	432364	43236.3	1
3	432374	43237.3	8
3	432382	43238.1	4
3	432420	43241.9	1
3	432490	43248.9	8
3	432588	43258.7	10
3	432602	43260.1	1
3	432660	43265.9	1
3	432662	43266.1	1
3	432686	43268.5	12
3	432704	43270.3	1
3	432804	43280.3	1
3	432908	43290.7	12
3	432940	43293.9	1
3	432946	43294.5	1
3	432994	43299.3	1
3	433000	43299.9	1
3	433116	43311.5	2
3	433146	43314.5	14
3	433216	43321.5	1
3	433262	43326.1	6
3	433324	43332.3	1
3	433388	43338.7	1
3	433422	43342.1	18
3	433466	43346.5	1
3	433548	43354.7	16
3	433554	43355.3	1
3	433628	43362.7	1
3	433712	43371.1	5
3	433732	43373.1	2
3	433786	43378.5	1
3	433836	43383.5	1
3	433868	43386.7	4
3	433888	43388.7	4
3	433900	43389.9	2
3	433914	43391.3	4
3	433952	43395.1	1
3	433972	43397.1	1
3	433986	43398.5	1
3	434024	43402.3	10
3	434046	43404.5	1
3	434154	43415.3	16
3	434502	43450.1	2
3	434652	43465.1	10
3	434772	43477.1	6
3	434776	43477.5	1
3	434872	43487.1	10
3	434900	43489.9	5
3	434906	43490.5	1
3	434932	43493.1	1
3	434992	43499.1	1
3	435036	43503.5	1
3	435082	43508.1	1
3	435200	43519.9	2
3	435210	43520.9	2
3	435248	43524.7	7
3	435278	43527.7	1
3	435314	43531.3	12
3	435338	43533.7	6
3	435390	43538.9	1
3	435424	43542.3	10
3	435440	43543.9	6
3	435488	43548.7	1
3	435500	43549.9	4
3	435644	43564.3	1
3	435750	43574.9	2
3	435760	43575.9	1
3	435766	43576.5	2
3	435904	43590.3	8
3	435934	43593.3	1
3	435970	43596.9	1
3	436040	43603.9	2
3	436138	43613.7	2
3	436156	43615.5	9
3	436252	43625.1	1
3	436296	43629.5	4
3	436384	43638.3	3
3	436502	43650.1	4
3	436518	43651.7	1
3	436520	43651.9	1
3	436582	43658.1	1
3	436696	43669.5	12
3	436752	43675.1	1
3	436820	43681.9	1
3	436902	43690.1	2
3	436932	43693.1	1
3	437020	43701.9	4
3	437068	43706.7	1
3	437090	43708.9	4
3	437108	43710.7	5
3	437186	43718.5	4
3	437196	43719.5	2
3	437212	43721.1	1
3	437230	43722.9	14
3	437290	43728.9	1
3	437334	43733.3	1
3	437412	43741.1	14
3	437464	43746.3	4
3	437530	43752.9	4
3	437548	43754.7	4
3	437578	43757.7	1
3	437616	43761.5	1
3	437620	43761.9	2
3	437672	43767.1	4
3	437706	43770.5	2
3	437746	43774.5	8
3	437748	43774.7	1
3	437784	43778.3	1
3	437942	43794.1	1
3	438088	43808.7	1
3	438090	43808.9	1
3	438126	43812.5	8
3	438144	43814.3	13
3	438182	43818.1	2
3	438252	43825.1	3
3	438298	43829.7	4
3	438314	43831.3	10
3	438320	43831.9	1
3	438354	43835.3	2
3	438460	43845.9	8
3	438514	43851.3	5
3	438578	43857.7	12
3	438660	43865.9	1
3	438670	43866.9	1
3	438788	43878.7	1
3	438852	43885.1	1
3	438868	43886.7	1
3	438884	43888.3	12
3	439052	43905.1	12
3	439084	43908.3	5
3	439108	43910.7	6
3	439184	43918.3	12
3	439306	43930.5	9
3	439322	43932.1	1
3	439328	43932.7	1
3	439348	43934.7	2
3	439430	43942.9	1
3	439468	43946.7	1
3	439572	43957.1	1
3	439706	43970.5	1
3	439848	43984.7	1
3	439872	43987.1	4
3	439940	43993.9	16
3	439952	43995.1	4
3	439964	43996.3	3
3	440086	44008.5	8
3	440102	44010.1	6
3	440224	44022.3	2
3	440250	44024.9	1
3	440262	44026.1	3
3	440326	44032.5	3
3	440432	44043.1	1
3	440464	44046.3	2
3	440512	44051.1	10
3	440520	44051.9	2
3	440554	44055.3	4
3	440564	44056.3	1
3	440634	44063.3	6
3	440976	44097.5	1
3	441002	44100.1	16
3	441082	44108.1	1
3	441104	44110.3	1
3	441106	44110.5	1
3	441110	44110.9	1
3	441144	44114.3	1
3	441150	44114.9	3
3	441236	44123.5	1
3	441252	44125.1	1
3	441254	44125.3	1
3	441262	44126.1	4
3	441308	44130.7	4
3	441492	44149.1	4
3	441608	44160.7	1
3	441662	44166.1	3
3	441716	44171.5	1
3	441718	44171.7	1
3	441730	44172.9	1
3	441782	44178.1	8
3	441786	44178.5	1
3	441802	44180.1	4
3	441966	44196.5	1
3	442020	44201.9	1
3	442084	44208.3	12
3	442092	44209.1	1
3	442156	44215.5	1
3	442158	44215.7	1
3	442306	44230.5	1
3	442332	44233.1	1
3	442436	44243.5	4
3	442446	44244.5	1
3	442534	44253.3	1
3	442546	44254.5	7
3	442572	44257.1	2
3	442620	44261.9	5
3	442686	44268.5	1
3	442698	44269.7	1
3	442906	44290.5	8
3	442926	44292.5	1
3	442936	44293.5	4
3	443098	44309.7	5
3	443176	44317.5	4
3	443180	44317.9	1
3	443232	44323.1	1
3	443310	44330.9	1
3	443336	44333.5	8
3	443496	44349.5	4
3	443522	44352.1	4
3	443526	44352.5	1
3	443640	44363.9	4
3	443720	44371.9	2
3	443722	44372.1	1
3	443724	44372.3	1
3	443786	44378.5	4
3	443882	44388.1	1
3	443888	44388.7	3
3	443958	44395.7	2
3	444016	44401.5	1
3	444104	44410.3	6
3	444226	44422.5	3
3	444316	44431.5	1
3	444404	44440.3	1
3	444426	44442.5	6
3	444480	44447.9	1
3	444498	44449.7	16
3	444690	44468.9	1
3	444726	44472.5	4
3	444754	44475.3	4
3	444760	44475.9	1
3	444786	44478.5	1
3	444842	44484.1	1
3	444844	44484.3	1
3	444888	44488.7	2
3	444934	44493.3	1
3	444968	44496.7	1
3	445002	44500.1	1
3	445004	44500.3	1
3	445114	44511.3	2
3	445210	44520.9	1
3	445272	44527.1	1
3	445318	44531.7	1
3	445332	44533.1	1
3	445386	44538.5	1
3	445390	44538.9	1
3	445398	44539.7	1
3	445594	44559.3	14
3	445760	44575.9	8
3	445772	44577.1	7
3	445942	44594.1	2
3	446016	44601.5	7
3	446024	44602.3	1
3	446388	44638.7	8
3	446422	44642.1	1
3	446484	44648.3	2
3	446504	44650.3	1
3	446624	44662.3	4
3	446858	44685.7	1
3	446864	44686.3	1
3	446900	44689.9	4
3	446908	44690.7	6
3	446922	44692.1	1
3	446998	44699.7	1
3	447002	44700.1	2
3	447064	44706.3	1
3	447098	44709.7	21
3	447158	44715.7	1
3	447192	44719.1	4
3	447196	44719.5	2
3	447220	44721.9	1
3	447338	44733.7	1
3	447340	44733.9	1
3	447368	44736.7	18
3	447408	44740.7	4
3	447560	44755.9	16
3	447608	44760.7	1
3	447716	44771.5	6
3	447856	44785.5	8
3	447926	44792.5	5
3	447934	44793.3	2
3	448070	44806.9	1
3	448086	44808.5	1
3	448118	44811.7	4
3	448146	44814.5	1
3	448322	44832.1	1
3	448376	44837.5	1
3	448544	44854.3	1
3	448690	44868.9	1
3	448704	44870.3	2
3	448708	44870.7	1
3	448846	44884.5	1
3	448858	44885.7	4
3	448908	44890.7	1
3	448924	44892.3	11
3	449030	44902.9	12
3	449040	44903.9	6
3	449270	44926.9	15
3	449358	44935.7	10
3	449474	44947.3	6
3	449534	44953.3	1
3	449550	44954.9	8
3	449562	44956.1	7
3	449630	44962.9	10
3	449638	44963.7	2
3	449652	44965.1	4
3	449668	44966.7	1
3	449738	44973.7	2
3	449770	44976.9	10
3	449786	44978.5	5
3	449800	44979.9	6
3	449866	44986.5	1
3	449938	44993.7	9
3	450002	45000.1	1
3	450036	45003.5	2
3	450058	45005.7	3
3	450104	45010.3	1
3	450110	45010.9	1
3	450146	45014.5	1
3	450196	45019.5	2
3	450198	45019.7	1
3	450250	45024.9	6
3	450520	45051.9	3
3	450562	45056.1	1
3	450566	45056.5	1
3	450580	45057.9	1
3	450628	45062.7	3
3	450690	45068.9	12
3	450712	45071.1	2
3	450756	45075.5	2
3	450778	45077.7	1
3	450870	45086.9	18
3	450898	45089.7	1
3	450952	45095.1	1
3	450960	45095.9	2
3	450998	45099.7	1
3	451024	45102.3	1
3	451026	45102.5	1
3	451058	45105.7	4
3	451096	45109.5	6
3	451124	45112.3	6
3	451242	45124.1	3
3	451336	45133.5	1
3	451354	45135.3	1
3	451460	45145.9	12
3	451476	45147.5	2
3	451484	45148.3	1
3	451502	45150.1	1
3	451558	45155.7	1
3	451620	45161.9	5
3	451674	45167.3	6
3	451684	45168.3	7
3	451720	45171.9	1
3	451776	45177.5	2
3	451798	45179.7	2
3	451834	45183.3	2
3	451846	45184.5	6
3	451908	45190.7	1
3	451916	45191.5	5
3	451928	45192.7	6
3	451986	45198.5	1
3	452012	45201.1	2
3	452020	45201.9	1
3	452152	45215.1	1
3	452162	45216.1	1
3	452320	45231.9	1
3	452384	45238.3	1
3	452528	45252.7	2
3	452606	45260.5	1
3	452618	45261.7	7
3	452626	45262.5	1
3	452630	45262.9	1
3	452680	45267.9	1
3	452686	45268.5	2
3	452790	45278.9	4
3	453116	45311.5	14
3	453260	45325.9	6
3	453282	45328.1	1
3	453350	45334.9	3
3	453378	45337.7	27
3	453390	45338.9	4
3	453402	45340.1	1
3	453422	45342.1	2
3	453434	45343.3	1
3	453440	45343.9	2
3	453480	45347.9	4
3	453482	45348.1	1
3	453644	45364.3	1
3	453648	45364.7	1
3	453672	45367.1	1
3	453714	45371.3	1
3	453756	45375.5	1
3	453810	45380.9	6
3	453888	45388.7	1
3	453950	45394.9	4
3	454064	45406.3	3
3	454152	45415.1	1
3	454192	45419.1	1
3	454194	45419.3	1
3	454214	45421.3	2
3	454216	45421.5	1
3	454254	45425.3	2
3	454382	45438.1	1
3	454388	45438.7	1
3	454390	45438.9	1
3	454476	45447.5	2

